成品布號,色系名稱,色系編號,OP否,DPF,標準樣L,L,CIE_DL,標準樣a,a,CIE_Da,標準樣b,b,CIE_Db,標準樣C,C,標準樣h,h,CMC_DE,配方料號1,配方濃度1,配方料號2,配方濃度2,配方料號3,配方濃度3,配方料號4,配方濃度4,配方料號5,配方濃度5,配方料號6,配方濃度6
SW-8105,WH,1,Y,0.69,96.04,96.38,0.34,-1.47,-2.72,-1.26,5.08,7.46,2.38,,7.94,,110.07,2.84,1111,0.001,無,0,無,0,無,0,無,0,無,0
SW-8105,WH,1,Y,0.69,96.04,95.6,-0.44,-1.47,-1.72,-0.25,5.08,5.28,0.2,,5.55,,108.03,0.39,1310,0.0009,1510,0.0004,1111,0.0002,無,0,無,0,無,0
SW-8105,WH,1,Y,0.69,96.04,95.83,-0.21,-1.47,-2.61,-1.14,5.08,9.11,4.03,,9.47,,105.99,4.39,1310,0.001,1111,0.0008,無,0,無,0,無,0,無,0
SW-8105,WH,1,Y,0.69,96.04,95.6,-0.44,-1.47,-2.92,-1.46,5.08,10.41,5.34,,10.82,,105.68,5.8,1310,0.001,1111,0.0005,無,0,無,0,無,0,無,0
SW-8105,WH,1,Y,0.69,96.04,95.92,-0.12,-1.47,-1.44,0.03,5.08,6.49,1.41,,6.64,,102.48,1.5,1310,0.001,1111,0.0005,無,0,無,0,無,0,無,0
SW-8105,WH,1,Y,0.69,96.04,95.6,-0.44,-1.47,-1.26,0.2,5.08,6.77,1.7,,6.89,,100.57,1.85,1310,0.001,1111,0.0001,無,0,無,0,無,0,無,0
SW-8105,WH,1,Y,0.69,96.04,95.65,-0.39,-1.47,-1.36,0.11,5.08,6.19,1.12,,6.34,,102.41,1.21,1310,0.001,1510,0.0001,無,0,無,0,無,0,無,0
SW-8105,WH,1,Y,0.69,96.04,95.71,-0.33,-1.47,-1.38,0.09,5.08,4.72,-0.36,,4.92,,106.27,0.4,1310,0.001,1510,0.0005,無,0,無,0,無,0,無,0
SW-8105,WH,1,Y,0.69,96.04,95.58,-0.46,-1.47,0.16,1.63,5.08,1.6,-3.48,,1.61,,84.14,4.11,1310,0.001,1510,0.0005,無,0,無,0,無,0,無,0
SW-8105,WH,1,Y,0.69,96.04,95.74,-0.3,-1.47,-1.51,-0.04,5.08,4.74,-0.34,,4.97,,107.66,0.38,1310,0.0009,1510,0.0004,無,0,無,0,無,0,無,0
SW-8105,WH,1,Y,0.69,96.04,95.66,-0.38,-1.47,-1.71,-0.24,5.08,5.35,0.27,,5.62,,107.75,0.42,1310,0.0009,1510,0.0004,1111,0.0002,無,0,無,0,無,0
SW-80822C0,KH,1,Y,1.04,49.31,49.17,-0.14,-1.99,-1.94,0.05,11.47,11.46,-0.01,,,,,0.09,1565,0.2,1191,0.17,1430,0.1,1201,0.06,無,0,無,0
SW-80661C0,GY,2,Y,1.04,30.51,30.72,0.22,0.32,0.31,-0.02,-2.28,-2.23,0.04,,2.25,,277.78,0.15,1593,0.84,1391,0.4,1191,0.268,1722,0.081,無,0,無,0
SW-80661C0,GY,2,Y,1.04,30.51,30.92,0.41,0.32,0.35,0.03,-2.28,-2.38,-0.1,,2.4,,278.39,0.28,1593,0.84,1391,0.4,1191,0.268,1722,0.081,無,0,無,0
SW-80186ST,NB,6,Y,1.04,32.58,33.34,0.77,-1.17,-1.08,0.1,-6.56,-6.22,0.33,,,,,0.56,1593,0.76,1391,0.24,1724,0.2,1191,0.12,無,0,無,0
SW-80186ST,NB,6,Y,1.04,32.58,32.89,0.31,-1.17,-1.27,-0.09,-6.56,-6.65,-0.1,,,,,0.23,1593,0.78,1391,0.24,1724,0.2,1191,0.12,無,0,無,0
SW-80236C0,NB,5,Y,1.04,24.91,25.1,0.18,-7.75,-7.75,0,-15.86,-16.04,-0.18,,17.82,,244.23,0.18,1588,1.7,1578,1.3,1191,0.13,無,0,無,0,無,0
SW-80236C0,NB,6,Y,1.04,24.91,25.1,0.18,-7.75,-7.75,0,-15.86,-16.04,-0.18,,17.82,,244.23,0.18,1588,1.7,1578,1.3,1191,0.13,無,0,無,0,無,0
SCK-2034,WH,1,N,1.04,96.53,96.97,0.44,2.16,2.33,0.16,-7.98,-8.98,-0.99,,9.27,,284.53,0.92,1042,0.03,1053,0.03,無,0,無,0,無,0,無,0
SCK-2034,WH,1,N,1.04,96.53,96.9,0.37,2.16,2.19,0.03,-7.98,-8.26,-0.27,,8.54,,284.87,0.28,1042,0.025,1053,0.025,無,0,無,0,無,0,無,0
SCK-2034,WH,1,N,1.04,96.53,96.83,0.29,2.16,2.16,-0.01,-7.98,-7.89,0.09,,8.18,,285.28,0.13,1042,0.04,1053,0.015,無,0,無,0,無,0,無,0
SCK-2034,WH,1,N,1.04,96.53,96.81,0.27,2.16,2.18,0.02,-7.98,-7.95,0.03,,8.25,,285.36,0.1,1042,0.025,1053,0.022,無,0,無,0,無,0,無,0
SCK-2034,WH,1,N,1.04,96.53,96.8,0.27,2.16,2.19,0.02,-7.98,-7.94,0.05,,8.23,,285.4,0.11,1042,0.025,1053,0.021,無,0,無,0,無,0,無,0
SCK-3841,TQ,2,Y,1.39,38.66,39.8,1.15,-8.81,-9.58,-0.77,-36.59,-35.25,1.33,,36.53,,254.79,1.08,1585,1.2,1690,0.45,1565,0.43,1142,0.012,無,0,無,0
SCK-3841,TQ,2,Y,1.39,38.66,39.65,0.99,-8.81,-8.66,0.15,-36.59,-35.94,0.65,,36.97,,256.46,0.6,1585,1.2,1690,0.45,1565,0.43,1142,0.012,無,0,無,0
SCK-3841,TQ,2,Y,1.39,38.66,40.44,1.79,-8.81,-8.51,0.3,-36.59,-36.7,-0.12,,37.68,,256.94,0.97,1585,1.2,1690,0.5,1565,0.43,1142,0.01,無,0,無,0
SCK-3841,TQ,2,Y,1.39,38.66,39.22,0.56,-8.81,-8.67,0.14,-36.59,-35.99,0.6,,37.02,,256.45,0.41,1585,1.2,1690,0.45,1565,0.43,1142,0.012,無,0,無,0
SCK-3841,TQ,2,Y,1.39,38.66,38.5,-0.15,-8.81,-8.68,0.13,-36.59,-35.83,0.76,,36.87,,256.38,0.35,1585,1.35,1690,0.55,1565,0.47,1142,0.013,無,0,無,0
SCK-3841,TQ,2,Y,1.39,38.66,40.57,1.91,-8.81,-9.26,-0.45,-36.59,-35.47,1.12,,36.66,,255.37,1.21,1585,1.1,1690,0.4,1565,0.37,1142,0.0105,無,0,無,0
SCK-3841,TQ,2,Y,1.39,38.66,39.48,0.83,-8.81,-8.55,0.26,-36.59,-35.86,0.72,,36.87,,256.59,0.56,1585,1.1,1690,0.4,1565,0.37,1142,0.0105,無,0,無,0
SCK-3841,TQ,2,Y,1.39,38.66,38.64,-0.01,-8.81,-8.93,-0.11,-36.59,-36.44,0.15,,37.52,,256.24,0.11,1585,1.5,1690,0.55,1565,0.47,1142,0.013,無,0,無,0
SCK-3841,TQ,2,Y,1.39,38.66,38.5,-0.16,-8.81,-8.94,-0.13,-36.59,-36.5,0.09,,37.58,,256.24,0.13,1585,1.5,1690,0.55,1565,0.47,1142,0.013,無,0,無,0
SCK-3841,OR,2,Y,1.39,55.43,54.84,-0.59,34.5,34.07,-0.43,39.07,39.75,0.69,,,,,0.78,1191,0.235,1201,0.09,1430,0.088,1350,0.024,無,0,無,0
SCK-3841,OR,2,Y,1.39,55.43,55.75,0.32,34.5,34.87,0.37,39.07,39.39,0.33,,,,,0.24,1191,0.235,1201,0.09,1430,0.088,1350,0.024,無,0,無,0
SCK-3841,OL,3,Y,1.39,34.91,35.16,0.24,1.62,1.57,-0.05,15.23,15.19,-0.04,,,,,0.15,1576,0.36,1191,0.3,1201,0.19,1391,0.16,無,0,無,0
SCK-3841,BL,1,Y,1.39,57.51,57.78,0.27,-3.3,-3.19,0.11,-26.6,-26.2,0.39,,26.4,,263.05,0.25,1510,0.12,無,0,無,0,無,0,無,0,無,0
SCK-3841,BL,1,Y,1.39,57.51,57.49,-0.02,-3.3,-3.18,0.12,-26.6,-26.42,0.18,,26.61,,263.14,0.13,1510,0.12,無,0,無,0,無,0,無,0,無,0
SW-80425C0,GY,2,Y,1.04,58.17,59.27,1.1,-0.05,-0.05,0.01,8.19,8.46,0.27,,,,,0.53,1724,0.17,1576,0.1,1191,0.011,無,0,無,0,無,0
S1RDA-22165,GY,3,N,2.08,29.81,31.1,1.29,-0.65,-0.65,0,-1.89,-1.67,0.23,,,,,0.86,1593,0.635,1391,0.332,1191,0.238,1722,0.059,無,0,無,0
S1RDA-22165,GY,3,N,2.08,29.81,30.19,0.38,-0.65,-0.6,0.05,-1.89,-1.53,0.36,,,,,0.53,1593,0.67,1391,0.35,1191,0.25,1722,0.062,無,0,無,0
S1RDA-22165,GY,3,N,2.08,29.81,29.77,-0.04,-0.65,-0.76,-0.11,-1.89,-1.67,0.22,,,,,0.33,1593,0.67,1391,0.35,1191,0.25,1722,0.0635,無,0,無,0
S1RDA-22165,GY,3,N,2.08,29.81,30.12,0.31,-0.65,-0.66,-0.01,-1.89,-1.46,0.44,,,,,0.61,1593,0.67,1391,0.35,1191,0.25,1722,0.065,無,0,無,0
S1RDA-22165,GY,3,N,2.08,29.81,29.7,-0.11,-0.65,-0.75,-0.1,-1.89,-1.67,0.22,,,,,0.34,1593,0.67,1391,0.35,1191,0.24,1722,0.0635,無,0,無,0
S1RDA-22165,GY,3,N,2.08,29.81,30.06,0.25,-0.65,-0.66,-0.01,-1.89,-2.06,-0.17,,,,,0.27,1593,0.67,1391,0.35,1191,0.25,1722,0.062,無,0,無,0
S1RDA-22165,BL,3,N,2.08,24.88,25.68,0.81,3.35,3.04,-0.32,-38.13,-38.47,-0.33,,,,,0.64,1567,1,1568,0.54,1374,0.082,1191,0.055,無,0,無,0
S1RDA-22165,BL,3,N,2.08,24.88,25.18,0.3,3.35,3.53,0.18,-38.13,-38.08,0.06,,,,,0.26,1567,1.04,1374,0.86,1568,0.54,1191,0.06,無,0,無,0
SCK-3154S,BR,2,Y,1.04,50.41,50.85,0.44,10.73,10.79,0.06,36.18,36.7,0.52,,,,,0.32,1142,0.315,1201,0.25,1391,0.1,1565,0.05,無,0,無,0
SCK-3154S,BR,2,Y,1.04,50.41,50.82,0.41,10.73,11.18,0.44,36.18,36.9,0.72,,,,,0.45,1142,0.315,1201,0.25,1391,0.1,1565,0.05,無,0,無,0
SCK-3154S,BR,2,Y,1.04,50.41,51.02,0.6,10.73,11.1,0.37,36.18,37.09,0.91,,,,,0.52,1142,0.32,1201,0.25,1391,0.103,1565,0.05,無,0,無,0
SCK-3154S,BR,2,Y,1.04,50.41,50.65,0.24,10.73,11.07,0.34,36.18,36.43,0.25,,,,,0.29,1142,0.315,1201,0.24,1391,0.1,1565,0.05,無,0,無,0
SCK-3154S,GR,1,Y,1.04,57.88,58.28,0.4,53.28,53.3,0.02,48.86,49.2,0.34,,,,,0.26,1201,0.6,1091,0.25,1142,0.085,1580,0.001,無,0,無,0
SCK-3154S,GY,2,Y,1.04,64.47,64.16,-0.31,-7.86,-7.88,-0.02,-1.16,-1.5,-0.34,,,,,0.41,1111,0.029,1510,0.022,1310,0.014,無,0,無,0,無,0
SW-80425C0,BL,2,Y,1.04,47.7,48.05,0.35,-6.61,-6.68,-0.07,-5.03,-5.27,-0.24,,,,,0.3,1576,0.34,1191,0.052,1722,0.038,無,0,無,0,無,0
SCK-4284,WH,0,N,1.04,92.46,94.11,1.65,1.32,1.58,0.27,-8.6,-7.98,0.62,,8.14,,281.22,0.92,1053,0.23,1042,0.16,無,0,無,0,無,0,無,0
SCK-4284,WH,0,N,1.04,92.46,93.77,1.32,1.32,1.67,0.35,-8.6,-8.31,0.29,,8.48,,281.36,0.74,1053,0.253,1042,0.176,無,0,無,0,無,0,無,0
SCK-4284,WH,0,N,1.04,92.46,93.79,1.33,1.32,1.74,0.42,-8.6,-8.93,-0.32,,9.09,,281.05,0.77,1053,0.28,1042,0.194,無,0,無,0,無,0,無,0
SCK-4284,WH,0,N,1.04,92.46,93.73,1.27,1.32,1.76,0.44,-8.6,-9.06,-0.45,,9.23,,281,0.81,1053,0.27,1042,0.194,無,0,無,0,無,0,無,0
SW-80822C0P3,KH,1,Y,1.04,80.16,80.87,0.71,2.47,2.5,0.03,14.17,14.17,0.01,,,,,0.26,1111,0.03,1310,0.015,1510,0.0061,無,0,無,0,無,0
SW-80822C0P3,GY,2,Y,1.04,68.17,68.66,0.49,0.25,0.52,0.27,4.69,4.63,-0.06,,,,,0.41,1565,0.024,1391,0.0195,1191,0.019,無,0,無,0,無,0
SCK-3451AM,GR,1,N,2.08,59.75,60.6,0.85,-3.95,-4.28,-0.33,10.2,8.31,-1.89,,,,,1.79,1111,0.005,1310,0.005,1510,0.0025,無,0,無,0,無,0
SCK-3451AM,GR,1,N,2.08,59.75,60.56,0.81,-3.95,-3.99,-0.05,10.2,8.01,-2.19,,,,,1.93,1111,0.0065,1310,0.0065,1510,0.003,無,0,無,0,無,0
SCK-3451AM,GR,1,N,2.08,59.75,59.91,0.16,-3.95,-4.02,-0.07,10.2,8.44,-1.76,,,,,1.53,1111,0.008,1310,0.008,1510,0.003,無,0,無,0,無,0
SCK-3451AM,GR,1,N,2.08,59.75,59.88,0.13,-3.95,-3.72,0.22,10.2,9.2,-0.99,,,,,0.83,1111,0.008,1310,0.008,1510,0.003,無,0,無,0,無,0
SCK-3451AM,GR,1,N,2.08,59.75,59.67,-0.07,-3.95,-3.36,0.58,10.2,9.48,-0.72,,,,,0.78,1111,0.008,1310,0.008,1510,0.003,無,0,無,0,無,0
SCK-3451AM,GR,1,N,2.08,59.75,59.67,-0.08,-3.95,-3.78,0.16,10.2,10.46,0.26,,,,,0.31,1111,0.01,1310,0.008,1510,0.003,無,0,無,0,無,0
SCK-3451AM,OR,1,N,2.08,70.54,68.63,-1.91,21.81,22.42,0.62,21.38,22.87,1.49,,,,,1.26,1724,0.07,1391,0.016,1580,0.007,無,0,無,0,無,0
SCK-3451AM,OR,1,N,2.08,70.54,70.96,0.42,21.81,21.03,-0.78,21.38,21.35,-0.02,,,,,0.69,1724,0.066,1391,0.016,1580,0.007,無,0,無,0,無,0
SCK-3451AM,OR,1,N,2.08,70.54,70.79,0.25,21.81,21.18,-0.63,21.38,21.27,-0.11,,,,,0.5,1724,0.062,1391,0.016,1580,0.007,無,0,無,0,無,0
SCK-3451AM,OR,1,N,2.08,70.54,70.59,0.04,21.81,21.49,-0.31,21.38,21.66,0.28,,,,,0.48,1724,0.07,1391,0.016,1580,0.007,無,0,無,0,無,0
SCK-3451AM,OR,1,N,2.08,70.54,70.12,-0.42,21.81,21.82,0.02,21.38,21.67,0.3,,,,,0.3,1724,0.07,1391,0.017,1580,0.007,無,0,無,0,無,0
SCK-3173S,RW,5,N,1.04,34.31,34.16,-0.15,36.22,36.52,0.3,21.11,21.21,0.1,,,,,0.17,1351,1.8,1201,0.56,1430,0.38,1191,0.24,1565,0.09,無,0
SW-80425C0,BL,2,Y,1.04,25.6,25.29,-0.31,-3.36,-2.82,0.55,-6.76,-5.43,1.32,,6.12,,242.57,1.35,1578,1.05,1191,0.315,1430,0.312,1722,0.088,無,0,無,0
SW-80425C0,BL,2,Y,1.04,25.6,25.08,-0.52,-3.36,-2.55,0.82,-6.76,-6.16,0.6,,6.66,,247.51,1.09,1578,1.05,1191,0.315,1430,0.312,1722,0.088,無,0,無,0
SW-80425C0,BL,2,Y,1.04,25.6,27.21,1.61,-3.36,-2.87,0.5,-6.76,-7.32,-0.56,,7.86,,248.6,1.43,1578,1.05,1191,0.29,1430,0.28,1722,0.088,無,0,無,0
SW-80425C0,BL,2,Y,1.04,25.6,25.58,-0.01,-3.36,-3.06,0.3,-6.76,-7.09,-0.34,,7.73,,246.64,0.54,1578,1.05,1191,0.275,1430,0.26,1722,0.088,無,0,無,0
SW-80425C0,BL,2,Y,1.04,25.6,25.6,0.01,-3.36,-3.18,0.18,-6.76,-6.81,-0.06,,7.52,,244.97,0.24,1578,1.05,1191,0.275,1430,0.25,1722,0.088,無,0,無,0
SW-80425C0,BL,2,Y,1.04,25.6,26.2,0.61,-3.36,-3.1,0.26,-6.76,-7.4,-0.64,,8.03,,247.25,0.87,1578,1.05,1191,0.275,1430,0.25,1722,0.086,無,0,無,0
SW-80425C0,BL,2,Y,1.04,25.6,25.83,0.23,-3.36,-3.27,0.09,-6.76,-6.92,-0.17,,7.66,,244.68,0.27,1578,1.05,1191,0.282,1430,0.25,1722,0.088,無,0,無,0
SW-80425C0,BL,2,Y,1.04,25.6,25.86,0.26,-3.36,-3.33,0.03,-6.76,-6.76,-0.01,,7.54,,243.78,0.18,1578,1.05,1191,0.29,1430,0.25,1722,0.088,無,0,無,0
SW-80425C0,BL,2,Y,1.04,25.04,25.74,0.7,-3.11,-3.37,-0.26,-6.55,-6.66,-0.11,,7.47,,243.2,0.58,1578,1.05,1191,0.29,1430,0.25,1722,0.088,無,0,無,0
SW-80743C0,BK,7,Y,1.04,25.8,23.41,-2.39,0.42,1.08,0.66,-1.21,-1.31,-0.1,,,,,1.9,1578,0.76,1391,0.56,1191,0.39,1722,0.085,無,0,無,0
SW-80900C0,OL,5,Y,1.04,28.49,28.35,-0.14,-10.48,-10.6,-0.12,12.67,12.61,-0.06,,,,,0.15,1576,1.3,1142,0.8,1722,0.21,無,0,無,0,無,0
SW-80900C0,KH,4,Y,1.04,42.52,42.25,-0.28,1.79,1.87,0.08,23.21,23.6,0.39,,,,,0.26,1191,0.36,1576,0.325,1722,0.315,1391,0.0095,無,0,無,0
SCK-4160,GR,3,N,1.04,35.98,36.18,0.21,-0.87,-0.58,0.29,8.98,9.63,0.65,,,,,0.71,1724,0.82,1576,0.61,1191,0.09,無,0,無,0,無,0
SCK-4160,GR,3,N,1.04,35.98,35.85,-0.12,-0.87,-0.72,0.15,8.98,9.22,0.24,,,,,0.31,1724,0.81,1576,0.62,1191,0.09,無,0,無,0,無,0
SCK-4160,GR,3,N,1.04,35.98,36.37,0.39,-0.87,-0.89,-0.02,8.98,9,0.03,,,,,0.22,1724,0.81,1576,0.63,1191,0.09,無,0,無,0,無,0
SCK-3654,BL,3,N,0.9,32.24,32.5,0.26,-1.09,-0.64,0.45,-38.68,-39.85,-1.17,,39.85,,269.08,0.63,1585,2.4,1568,1.6,1640,0.24,1142,0.044,無,0,無,0
SCK-3654,BL,3,N,0.9,32.24,32.61,0.37,-1.09,-1.07,0.02,-38.68,-39.48,-0.8,,39.49,,268.44,0.42,1585,2.5,1568,1.6,1640,0.22,1142,0.044,無,0,無,0
SCK-3654,BL,3,N,0.9,32.24,31.38,-0.86,-1.09,-0.51,0.58,-38.68,-39.1,-0.42,,39.1,,269.25,0.69,1585,2.7,1568,1.76,1640,0.242,1142,0.049,無,0,無,0
SCK-3654,BL,3,N,0.9,32.24,31.9,-0.33,-1.09,-0.73,0.36,-38.68,-38.89,-0.21,,38.89,,268.93,0.34,1585,2.5,1568,1.6,1640,0.24,1142,0.048,無,0,無,0
SCK-3654,BL,3,N,0.9,32.24,32.13,-0.11,-1.09,-1.82,-0.73,-38.68,-38.49,0.19,,38.53,,267.29,0.54,1585,2.5,1568,1.6,1640,0.232,1142,0.048,無,0,無,0
SCK-3654,BL,3,N,0.9,32.24,32.29,0.06,-1.09,-1.84,-0.75,-38.68,-38.7,-0.03,,38.75,,267.27,0.54,1585,2.5,1568,1.6,1640,0.225,1142,0.046,無,0,無,0
SCK-3654,BL,3,N,0.9,32.24,32.39,0.16,-1.09,-1.13,-0.04,-38.68,-38.9,-0.23,,38.92,,268.34,0.14,1585,2.45,1568,1.54,1640,0.24,1142,0.047,無,0,無,0
SCK-3654,BL,3,N,0.9,32.24,32.59,0.35,-1.09,-1.17,-0.08,-38.68,-39.24,-0.56,,39.25,,268.28,0.32,1585,2.45,1568,1.6,1640,0.235,1142,0.046,無,0,無,0
SCK-3654,BL,3,N,0.9,32.24,32.43,0.2,-1.09,-1.24,-0.14,-38.68,-38.81,-0.14,,38.83,,268.17,0.17,1585,2.45,1568,1.54,1640,0.24,1142,0.047,無,0,無,0
SW-8860C0,BK,7,N,1.04,17.1,16.56,-0.54,0.02,0.01,-0.01,-2.23,-2.28,-0.05,,2.28,,270.19,0.51,1862,3.5,1863,1,1578,0.3,1391,0.25,1191,0.1,無,0
SW-8860C0,BK,7,N,1.04,17.1,16.41,-0.69,0.02,-0.16,-0.18,-2.23,-2.22,0,,2.23,,266.01,0.68,1862,3.5,1863,0.8,1578,0.3,1391,0.25,1191,0.1,無,0
SW-8860C0,BK,7,N,1.04,17.1,17.07,-0.02,0.02,0,-0.02,-2.23,-2.27,-0.05,,2.27,,270.07,0.07,1862,3.5,1863,1,1391,0.2,1191,0.02,無,0,無,0
SW-8860C0,BK,7,N,1.04,17.1,17.02,-0.08,0.02,0.04,0.02,-2.23,-2.18,0.04,,2.18,,271.01,0.1,1862,3.5,1863,1,1391,0.2,1191,0.02,無,0,無,0
FS-8915C0,BR,3,N,0.83,39.48,39.09,-0.39,35.91,35.75,-0.17,27.36,25.69,-1.67,,44.02,,35.7,1.17,1142,1,1430,0.86,1722,0.5,1580,0.008,無,0,無,0
FS-8915C0,BR,3,N,0.83,39.48,39.97,0.49,35.91,36.17,0.26,27.36,27.6,0.24,,45.5,,37.34,0.29,1142,1.05,1430,0.84,1722,0.6,1580,0.007,無,0,無,0
FS-8915C0,BR,3,N,0.83,39.48,39.97,0.49,35.91,36.18,0.27,27.36,27.67,0.31,,45.55,,37.4,0.31,1142,1.05,1430,0.84,1722,0.6,1580,0.007,無,0,無,0
FS-8919C0,GY,2,N,0.83,28.44,31.29,2.68,-0.57,-1.18,-0.61,-2.89,-2.55,0.52,,2.81,,245.16,2.01,1578,1,1430,0.51,1142,0.405,1201,0.15,無,0,無,0
FS-8919C0,GY,2,N,0.83,28.44,28.67,0.07,-0.57,-0.85,-0.28,-2.89,-3.07,0,,3.19,,254.49,0.36,1578,1.25,1430,0.65,1142,0.49,1201,0.187,無,0,無,0
FS-8919C0,GY,2,N,0.83,28.44,28.83,0.23,-0.57,-0.81,-0.23,-2.89,-3.16,-0.09,,3.26,,255.64,0.35,1578,1.25,1430,0.65,1142,0.49,1201,0.187,無,0,無,0
SCK-3725,GY,2,Y,1.04,63,63.13,0.12,-0.64,-1.05,-0.41,8.14,8.46,0.32,8.16,8.53,94.47,97.05,0.6,1580,0.133,1191,0.055,1430,0.0515,1722,0.034,無,0,無,0
SCK-3725,GY,2,Y,1.04,63,63.06,0.06,-0.64,-1.05,-0.42,8.14,8.56,0.42,8.16,8.62,94.47,97.02,0.65,1580,0.133,1191,0.055,1430,0.052,1722,0.034,無,0,無,0
SCK-3725,GY,2,Y,1.04,63,63.47,0.47,-0.64,-0.95,-0.31,8.14,8.5,0.36,8.16,8.55,94.47,96.35,0.54,1580,0.133,1191,0.055,1430,0.053,1722,0.034,無,0,無,0
SCK-4284,RE,3,N,1.04,40.56,41.37,0.81,56.78,58.04,1.26,28.87,30.65,1.78,,65.64,,27.84,1.02,1360,2.3,1384,1.3,1353,0.55,1191,0.38,無,0,無,0
SCK-4284,RE,3,N,1.04,40.56,41.09,0.53,56.78,57.87,1.09,28.87,29.73,0.86,,65.06,,27.19,0.58,1360,2.3,1384,1.5,1353,0.55,1191,0.36,無,0,無,0
SCK-4284,RE,3,N,1.04,40.56,40.71,0.15,56.78,57.74,0.96,28.87,28.99,0.12,,64.61,,26.66,0.39,1360,2.3,1384,1.65,1353,0.5,1191,0.34,無,0,無,0
SCK-4284,RE,3,N,1.04,40.56,40.29,-0.27,56.78,57.12,0.34,28.87,28.87,-0.01,,64,,26.81,0.2,1360,2.3,1384,1.65,1353,0.5,1191,0.36,無,0,無,0
SCK-4284,RE,3,N,1.04,40.56,40.29,-0.26,56.78,57.09,0.31,28.87,28.98,0.11,,64.03,,26.91,0.18,1360,2.3,1384,1.65,1353,0.47,1191,0.37,無,0,無,0
SCK-4284,RE,3,N,1.04,40.56,40.29,-0.27,56.78,57.09,0.31,28.87,28.96,0.08,,64.01,,26.89,0.18,1360,2.3,1384,1.65,1353,0.47,1191,0.37,無,0,無,0
SCK-4186,GY,3,N,1.04,40.41,40.27,-0.13,-3.03,-3.07,-0.05,-7.65,-7.64,0.01,,,,,0.09,1724,0.3,1578,0.29,1565,0.255,1391,0.048,無,0,無,0
SW-8374C0,GR,3,N,1.04,81.14,82.52,1.3,-27.82,-28.1,0.02,69.5,70.89,1.29,,76.26,,111.62,0.66,1142,0.36,1191,0.08,1580,0.05,無,0,無,0,無,0
SW-8374C0,GR,3,N,1.04,81.14,81.6,0.37,-27.82,-29.05,-0.93,69.5,70.6,1,,76.34,,112.37,0.5,1142,0.4,1191,0.068,1580,0.0565,無,0,無,0,無,0
SW-8374C0,GR,3,N,1.04,81.14,81.43,0.21,-27.82,-29.22,-1.1,69.5,70.7,1.1,,76.5,,112.46,0.56,1142,0.4,1191,0.068,1580,0.058,無,0,無,0,無,0
SW-8374C0,GR,3,N,1.04,81.14,81.85,0.63,-27.82,-29.06,-0.94,69.5,70.01,0.41,,75.8,,112.54,0.47,1142,0.4,1191,0.065,1580,0.056,無,0,無,0,無,0
SW-8374C0,GR,3,N,1.04,81.14,81.94,0.72,-27.82,-28.86,-0.74,69.5,69.89,0.29,,75.62,,112.44,0.42,1142,0.4,1191,0.062,1580,0.056,無,0,無,0,無,0
SW-8374C0,GR,3,N,1.04,81.14,81.82,0.59,-27.82,-28.26,-0.14,69.5,69.76,0.16,,75.26,,112.05,0.23,1142,0.4,1191,0.062,1580,0.056,無,0,無,0,無,0
SK-1133C0,BR,2,N,0.83,70.65,69.47,-1.19,-0.29,-0.39,-0.1,6.92,6.74,-0.18,,,,,0.51,1580,0.084,1724,0.078,1391,0.0185,無,0,無,0,無,0
SCK-3804,GY,2,Y,1.04,72.85,74.59,1.74,-2.53,-1.99,0.54,1.36,0.39,-0.97,,2.02,,168.94,1.54,1310,0.042,1510,0.042,1111,0.039,無,0,無,0,無,0
SCK-3804,GY,2,Y,1.04,72.85,73.73,0.89,-2.53,-2.08,0.45,1.36,0.62,-0.74,,2.17,,163.39,1.13,1310,0.046,1510,0.046,1111,0.044,無,0,無,0,無,0
SCK-3804,GY,2,Y,1.04,72.85,72.82,-0.02,-2.53,-2.54,-0.02,1.36,0.91,-0.45,,2.7,,160.28,0.58,1111,0.05,1510,0.05,1310,0.049,無,0,無,0,無,0
SCK-3804,GY,2,Y,1.04,72.85,72.12,-0.72,-2.53,-2.75,-0.23,1.36,1.12,-0.24,,2.97,,157.9,0.51,1111,0.055,1510,0.055,1310,0.053,無,0,無,0,無,0
SCK-3804,GY,2,Y,1.04,72.85,72.69,-0.16,-2.53,-2.15,0.37,1.36,1.66,0.3,,2.72,,142.29,0.62,1111,0.055,1310,0.053,1510,0.05,無,0,無,0,無,0
SCK-3804,GY,2,Y,1.04,72.85,72.95,0.1,-2.53,-2.12,0.4,1.36,1.17,-0.19,,2.43,,151.11,0.55,1111,0.052,1310,0.052,1510,0.05,無,0,無,0,無,0
SCK-3804,GY,2,Y,1.04,72.85,72.89,0.05,-2.53,-2.29,0.23,1.36,1.61,0.24,,2.8,,145.02,0.43,1111,0.054,1310,0.0515,1510,0.05,無,0,無,0,無,0
SCK-3804,GY,2,Y,1.04,72.85,72.96,0.12,-2.53,-2.53,0,1.36,1.64,0.28,,3.02,,146.96,0.36,1111,0.055,1310,0.051,1510,0.051,無,0,無,0,無,0
SCK-3804,GY,2,Y,1.04,72.85,72.87,0.03,-2.53,-2.5,0.02,1.36,1.63,0.27,,2.98,,146.97,0.34,1310,0.042,1510,0.042,1111,0.039,無,0,無,0,無,0
SW-80074C0,NB,5,Y,1.04,24.95,27.06,2.12,-3.19,-3.31,-0.13,-7.17,-7.58,-0.4,7.85,8.27,246.05,246.39,1.54,1578,0.79,1576,0.74,1391,0.48,1142,0.33,無,0,無,0
SW-80074C0,NB,5,Y,1.04,24.95,30.61,5.66,-3.19,-2.8,0.38,-7.17,-5.79,1.38,7.85,6.43,246.05,244.16,4.2,1578,0.75,1391,0.45,1576,0.32,1142,0.3,無,0,無,0
SW-80074C0,NB,5,Y,1.04,24.95,27.01,2.07,-3.19,-3.48,-0.29,-7.17,-7.27,-0.1,7.85,8.06,246.05,244.45,1.49,1578,0.75,1576,0.67,1391,0.456,1142,0.315,無,0,無,0
SW-80074C0,NB,5,Y,1.04,24.95,27.19,2.25,-3.19,-3.43,-0.24,-7.17,-7.32,-0.14,7.85,8.08,246.05,244.9,1.61,1578,1.05,1576,0.98,1391,0.68,1142,0.435,無,0,無,0
SCK-3828,GY,5,N,1.04,20.72,18.63,-2.09,-2.23,-2.23,0,-6.52,-6.33,0.19,,,,,1.69,1578,1.2,1191,0.3,1430,0.22,1722,0.17,無,0,無,0
SCK-3841,NB,5,Y,1.39,20.62,21.3,0.67,-1.55,-1.83,-0.28,-4.43,-4.37,0.05,,,,,0.66,1578,0.95,1391,0.5,1142,0.3,無,0,無,0,無,0
SCK-3841,NB,5,Y,1.39,20.62,21.59,0.97,-1.55,-1.56,0,-4.43,-4.21,0.21,,,,,0.82,1578,0.95,1391,0.5,1142,0.3,無,0,無,0,無,0
SCK-3841,NB,5,Y,1.39,20.62,20.9,0.28,-1.55,-1.5,0.05,-4.43,-4.48,-0.06,,,,,0.24,1578,1,1391,0.52,1142,0.3,無,0,無,0,無,0
SCK-3841,NB,5,Y,1.39,23.07,22.68,-0.39,-1.85,-2.23,-0.38,-5.1,-5.07,0.03,5.43,5.54,250.11,246.28,0.56,1578,0.78,1391,0.4,1142,0.24,無,0,無,0,無,0
SCK-3714A,TQ,5,N,0.9,26.42,26.55,0.13,2.51,2.92,0.41,-21.9,-21.85,0.04,,22.05,,277.61,0.42,1578,1.42,1391,0.345,1191,0.05,無,0,無,0,無,0
SCK-3714A,TQ,5,N,0.9,26.42,26.59,0.17,2.51,2.88,0.37,-21.9,-21.9,0,,22.09,,277.48,0.38,1578,1.44,1391,0.34,1191,0.05,無,0,無,0,無,0
SCK-3714A,TQ,5,N,0.9,26.42,26.45,0.03,2.51,2.89,0.38,-21.9,-21.73,0.17,,21.92,,277.58,0.41,1578,1.43,1391,0.345,1191,0.051,無,0,無,0,無,0
SCK-3714A,TQ,5,N,0.9,26.42,26.61,0.19,2.51,2.91,0.4,-21.9,-21.89,0.01,,22.08,,277.56,0.42,1578,1.45,1391,0.34,1191,0.051,無,0,無,0,無,0
SCK-3714A,TQ,5,N,0.9,26.42,26.65,0.23,2.51,2.89,0.38,-21.9,-21.95,-0.05,,22.14,,277.5,0.4,1578,1.45,1391,0.335,1191,0.051,無,0,無,0,無,0
SCK-3714A,TQ,5,N,0.9,26.42,26.27,-0.15,2.51,2.72,0.21,-21.9,-21.86,0.04,,22.03,,277.08,0.23,1578,1.5,1391,0.33,1191,0.051,無,0,無,0,無,0
SCK-3714A,TQ,5,N,0.9,26.42,26.26,-0.16,2.51,2.59,0.08,-21.9,-21.92,-0.03,,22.08,,276.74,0.13,1578,1.5,1391,0.315,1191,0.051,無,0,無,0,無,0
SCK-3714A,TQ,5,N,0.9,26.42,26.28,-0.14,2.51,2.54,0.03,-21.9,-21.96,-0.06,,22.11,,276.6,0.1,1578,1.5,1391,0.315,1191,0.051,無,0,無,0,無,0
SW-80425C0,GY,3,Y,1.04,34.31,34.37,0.06,-0.69,-1,-0.31,0.8,0.48,-0.32,1.05,1.11,130.78,154.37,0.64,1724,0.95,1578,0.535,1391,0.075,無,0,無,0,無,0
SW-80425C0,GY,3,Y,1.04,34.31,34.19,-0.12,-0.69,-0.96,-0.27,0.8,0.6,-0.19,1.05,1.13,130.78,147.69,0.48,1724,0.83,1578,0.5,1391,0.065,無,0,無,0,無,0
SK-1085,GY,2,N,0.52,57.03,57.03,0,2.22,2.44,0.23,13.06,13.57,0.51,,13.79,,79.8,0.44,1191,0.182,1391,0.148,1565,0.125,無,0,無,0,無,0
SK-1085,GY,2,N,0.52,57.03,51.44,-5.59,2.22,3.65,1.43,13.06,13.69,0.63,,14.17,,75.07,3.02,1191,0.227,1391,0.185,1565,0.156,無,0,無,0,無,0
SK-1085,GY,2,N,0.52,57.03,51.84,-5.18,2.22,3.9,1.69,13.06,14.28,1.22,,14.8,,74.72,3.12,1191,0.245,1391,0.2,1565,0.168,無,0,無,0,無,0
SK-1085,GY,2,N,0.52,57.03,51.75,-5.27,2.22,2.58,0.37,13.06,13.4,0.33,,13.64,,79.09,2.32,1191,0.245,1391,0.19,1565,0.175,無,0,無,0,無,0
SK-1085,GY,2,N,0.52,57.03,50.79,-6.23,2.22,2.4,0.19,13.06,13.5,0.44,,13.71,,79.91,2.7,1191,0.245,1565,0.182,1391,0.18,無,0,無,0,無,0
SK-1085,GY,2,N,0.52,57.03,52.2,-4.83,2.22,1.82,-0.39,13.06,13.53,0.46,,13.65,,82.32,2.18,1191,0.24,1391,0.186,1565,0.175,無,0,無,0,無,0
SK-1085,GY,2,N,0.52,57.03,52.97,-4.05,2.22,2.25,0.03,13.06,13.78,0.72,,13.96,,80.73,1.82,1191,0.238,1391,0.18,1565,0.175,無,0,無,0,無,0
SK-1085,GY,2,N,0.52,57.03,51.8,-5.22,2.22,2.35,0.14,13.06,13.21,0.15,,13.42,,79.9,2.25,1191,0.235,1391,0.186,1565,0.175,無,0,無,0,無,0
SK-1085,GY,2,N,0.52,57.03,53.04,-3.98,2.22,2.39,0.18,13.06,13.4,0.34,,13.61,,79.88,1.74,1191,0.235,1391,0.186,1565,0.175,無,0,無,0,無,0
SCK-3841,KH,2,Y,1.39,74.46,74.5,0.03,1.14,1.12,-0.02,6.82,6.76,-0.06,,,,,0.06,1111,0.055,1310,0.047,1510,0.027,無,0,無,0,無,0
SK-1133C0,BR,5,N,0.83,33.87,34.35,0.19,11.15,11.82,0.84,11.37,11.53,0.23,,,,,0.85,1724,0.74,1430,0.42,1576,0.42,1142,0.22,無,0,無,0
SK-1133C0,BR,5,N,0.83,33.87,33.96,-0.2,11.15,11.9,0.92,11.37,11.26,-0.05,,,,,1.15,1724,0.78,1430,0.44,1576,0.44,1142,0.23,無,0,無,0
SK-1133C0,BR,5,N,0.83,33.87,33.18,-0.98,11.15,11.91,0.93,11.37,11.16,-0.15,,,,,1.37,1724,0.814,1430,0.46,1576,0.46,1142,0.24,無,0,無,0
SK-1133C0,BR,5,N,0.83,33.87,32.91,-1.25,11.15,11.8,0.82,11.37,11.57,0.27,,,,,1.08,1724,0.814,1430,0.46,1576,0.46,1142,0.25,無,0,無,0
SK-548C0,WH,1,N,1.25,95.46,95.61,0.15,4.38,3.95,-0.43,-17.42,-16.18,1.24,,16.65,,283.72,0.85,1053,0.23,1042,0.02,無,0,無,0,無,0,無,0
SK-548C0,WH,1,N,1.25,95.46,95.48,0.02,4.38,3.91,-0.48,-17.42,-15.85,1.58,,16.32,,283.85,1.05,1053,0.24,1042,0.02,無,0,無,0,無,0,無,0
SK-548C0,WH,1,N,1.25,95.46,95.45,-0.01,4.38,3.99,-0.4,-17.42,-16.14,1.28,,16.63,,283.87,0.86,1053,0.25,1042,0.02,無,0,無,0,無,0,無,0
SK-548C0,WH,1,N,1.25,95.46,95.25,-0.21,4.38,4.19,-0.19,-17.42,-17.15,0.27,,17.66,,283.74,0.25,1053,0.3,1042,0.02,無,0,無,0,無,0,無,0
SK-548C0,WH,1,N,1.25,95.46,95.19,-0.27,4.38,4.21,-0.17,-17.42,-17.15,0.27,,17.66,,283.78,0.24,1053,0.3,無,0,無,0,無,0,無,0,無,0
SK-548C0,WH,1,N,1.25,95.46,95.19,-0.27,4.38,4.23,-0.15,-17.42,-17.15,0.27,,17.66,,283.86,0.23,1053,0.3,無,0,無,0,無,0,無,0,無,0
SK-282,WH,1,N,1.04,93.92,95.45,1.53,4.43,3.9,-0.53,-16.57,-16.13,0.43,,16.6,,283.58,0.79,1053,0.17,無,0,無,0,無,0,無,0,無,0
SK-282,WH,1,N,1.04,93.92,94.29,0.37,4.43,4.62,0.2,-16.57,-19.1,-2.53,,19.65,,283.6,1.71,1053,0.3,無,0,無,0,無,0,無,0,無,0
SK-282,WH,1,N,1.04,93.92,93.64,-0.29,4.43,4.94,0.52,-16.57,-20.54,-3.97,,21.13,,283.53,2.66,1053,0.4,無,0,無,0,無,0,無,0,無,0
SK-282,WH,1,N,1.04,93.92,95.27,1.35,4.43,4.02,-0.41,-16.57,-16.05,0.52,,16.54,,284.06,0.68,1053,0.17,無,0,無,0,無,0,無,0,無,0
SK-282,WH,1,N,1.04,93.92,94.8,0.87,4.43,4.2,-0.23,-16.57,-16.64,-0.07,,17.16,,284.16,0.4,1053,0.2,無,0,無,0,無,0,無,0,無,0
SK-282,WH,1,N,1.04,93.92,94.49,0.57,4.43,4.23,-0.2,-16.57,-17.16,-0.59,,17.68,,283.85,0.55,1053,0.22,無,0,無,0,無,0,無,0,無,0
SK-282,WH,1,N,1.04,93.92,94.73,0.8,4.43,4.35,-0.08,-16.57,-17.93,-1.36,,18.45,,283.63,1.01,1053,0.24,無,0,無,0,無,0,無,0,無,0
SK-282,WH,1,N,1.04,93.92,94.57,0.65,4.43,4.17,-0.26,-16.57,-16.46,0.11,,16.98,,284.2,0.36,1053,0.2,無,0,無,0,無,0,無,0,無,0
SK-282,WH,1,N,1.04,93.92,94.55,0.62,4.43,4.16,-0.26,-16.57,-16.44,0.12,,16.96,,284.21,0.35,1053,0.2,無,0,無,0,無,0,無,0,無,0
SW-81105C0,OR,6,Y,1.04,61.93,61.42,-0.5,37.98,39.66,1.68,59.72,60.93,1.2,,,,,0.96,1142,0.6,1360,0.185,1201,0.18,1565,0.0045,無,0,無,0
SW-81105C0,OR,6,Y,1.04,61.93,62.41,0.48,37.98,37.32,-0.66,59.72,61.93,2.2,,,,,1.62,1142,0.6,1360,0.17,1201,0.16,1565,0.0045,無,0,無,0
SW-81105C0,OR,6,Y,1.04,61.93,62.14,0.21,37.98,37.98,0,59.72,62.78,3.06,,,,,1.68,1142,0.6,1360,0.165,1201,0.16,1565,0.0045,無,0,無,0
SW-81105C0,OR,6,Y,1.04,61.93,61.98,0.05,37.98,38.01,0.03,59.72,58.52,-1.21,,,,,0.69,1142,0.48,1360,0.17,1201,0.16,1565,0.0045,無,0,無,0
SW-81105C0,OR,6,Y,1.04,61.93,61.14,-0.79,37.98,39.55,1.57,59.72,59.43,-0.29,,,,,1.36,1142,0.52,1360,0.19,1201,0.18,1565,0.005,無,0,無,0
SW-81105C0,OR,6,Y,1.04,61.93,62.52,0.59,37.98,38.54,0.56,59.72,59.6,-0.12,,,,,0.54,1142,0.49,1360,0.17,1201,0.16,1565,0.004,無,0,無,0
SW-81105C0,OR,6,Y,1.04,61.93,62.21,0.28,37.98,38.34,0.36,59.72,59.44,-0.29,,,,,0.42,1142,0.5,1360,0.17,1201,0.16,1565,0.004,無,0,無,0
SW-81105C0,OR,6,Y,1.04,61.93,62.26,0.33,37.98,37.91,-0.07,59.72,60.29,0.57,,,,,0.38,1142,0.5,1360,0.17,1201,0.16,1565,0.004,無,0,無,0
SK-1189C0,GY,4,N,0.69,40.66,40.12,-0.54,-4.43,-3.8,0.63,-5.37,-5.07,0.3,,6.34,,233.19,0.76,1565,0.706,1724,0.178,1430,0.173,1191,0.128,無,0,無,0
SK-1189C0,GY,4,N,0.69,40.66,41.04,0.38,-4.43,-4.14,0.29,-5.37,-5.31,0.07,,6.73,,232.05,0.37,1565,0.706,1724,0.178,1430,0.16,1191,0.12,無,0,無,0
SK-1189C0,GY,4,N,0.69,40.66,41.28,0.62,-4.43,-4.56,-0.13,-5.37,-5.06,0.32,,6.81,,227.95,0.51,1565,0.706,1724,0.178,1430,0.15,1191,0.12,無,0,無,0
SK-1189C0,GY,4,N,0.69,40.66,40.51,-0.14,-4.43,-4.58,-0.15,-5.37,-5.62,-0.25,,7.25,,230.86,0.29,1565,0.73,1724,0.178,1430,0.158,1191,0.123,無,0,無,0
SK-1189C0,GY,4,N,0.69,40.66,40.44,-0.22,-4.43,-4.73,-0.3,-5.37,-5.79,-0.42,,7.48,,230.76,0.51,1565,0.75,1724,0.178,1430,0.158,1191,0.126,無,0,無,0
SK-1189C0,GY,4,N,0.69,40.66,40.82,0.16,-4.43,-4.37,0.06,-5.37,-5.52,-0.15,,7.04,,231.63,0.2,1565,0.72,1724,0.178,1430,0.158,1191,0.123,無,0,無,0
SK-1189C0,GY,4,N,0.69,40.66,40.68,0.02,-4.43,-4.37,0.06,-5.37,-5.51,-0.13,,7.03,,231.58,0.17,1565,0.72,1724,0.178,1430,0.158,1191,0.123,無,0,無,0
SK-1189C0,PI,1,N,0.69,84.85,84.07,-0.77,7.72,8.45,0.73,-4.88,-5.15,-0.27,,9.89,,328.64,0.74,1310,0.026,1510,0.0111,1111,0.0015,無,0,無,0,無,0
SK-1189C0,PI,1,N,0.69,84.85,83.69,-1.16,7.72,7.51,-0.21,-4.88,-5.85,-0.97,,9.52,,322.1,1.2,1310,0.025,1510,0.0111,1111,0.0016,無,0,無,0,無,0
SK-1189C0,PI,1,N,0.69,84.85,83.75,-1.1,7.72,7.08,-0.64,-4.88,-5.62,-0.74,,9.04,,321.59,1.2,1310,0.024,1510,0.0111,1111,0.0016,無,0,無,0,無,0
SK-1189C0,PI,1,N,0.69,84.85,83.91,-0.94,7.72,7.88,0.16,-4.88,-5.36,-0.48,,9.53,,325.8,0.6,1310,0.025,1510,0.01,1111,0.0016,無,0,無,0,無,0
SK-1189C0,PI,1,N,0.69,84.85,84.09,-0.75,7.72,7.71,-0.01,-4.88,-5.26,-0.38,,9.33,,325.69,0.5,1310,0.0238,1510,0.0095,1111,0.0015,無,0,無,0,無,0
SK-1189C0,PI,1,N,0.69,84.85,84.62,-0.23,7.72,7.8,0.08,-4.88,-5.15,-0.27,,9.35,,326.54,0.3,1310,0.0238,1510,0.009,1111,0.0015,無,0,無,0,無,0
SK-1189C0,PI,1,N,0.69,84.85,84.67,-0.18,7.72,7.83,0.11,-4.88,-5.16,-0.28,,9.38,,326.61,0.3,1310,0.0238,1510,0.009,1111,0.0015,無,0,無,0,無,0
SK-1189C0,TQ,3,N,0.69,59.27,59.03,-0.23,-9.84,-10.33,-0.49,-30.72,-30.45,0.26,,32.16,,251.26,0.42,1580,0.27,1565,0.18,1690,0.0675,1588,0.058,無,0,無,0
SK-1189C0,TQ,3,N,0.69,59.27,59.05,-0.22,-9.84,-10.26,-0.42,-30.72,-30.43,0.28,,32.12,,251.37,0.37,1580,0.255,1565,0.17,1690,0.064,1588,0.055,無,0,無,0
SK-1189C0,TQ,3,N,0.69,59.27,59.64,0.38,-9.84,-10.31,-0.47,-30.72,-30.07,0.64,,31.79,,251.08,0.54,1580,0.255,1565,0.17,1690,0.067,1588,0.052,無,0,無,0
SK-1189C0,TQ,3,N,0.69,59.27,60.37,1.1,-9.84,-10.28,-0.44,-30.72,-29.76,0.96,,31.48,,250.95,0.79,1580,0.242,1565,0.161,1690,0.0636,1588,0.0494,無,0,無,0
SK-1189C0,TQ,3,N,0.69,59.27,59.42,0.16,-9.84,-9.84,0,-30.72,-30.52,0.2,,32.07,,252.13,0.12,1580,0.255,1565,0.17,1690,0.071,1588,0.052,無,0,無,0
SK-1189C0,TQ,3,N,0.69,59.27,59.79,0.52,-9.84,-9.84,0,-30.72,-30.52,0.2,,32.06,,252.14,0.24,1580,0.255,1565,0.17,1690,0.073,1588,0.052,無,0,無,0
SK-1189C0,TQ,3,N,0.69,59.27,59.1,-0.17,-9.84,-9.81,0.03,-30.72,-30.73,-0.02,,32.26,,252.3,0.08,1580,0.255,1565,0.18,1690,0.071,1588,0.052,無,0,無,0
SW-81081C0,GY,4,Y,1.04,31.21,31.74,0.54,0.16,-0.15,-0.31,-1.05,-0.84,0.21,,0.85,,259.68,0.63,1576,0.8,1191,0.22,1430,0.196,1722,0.16,無,0,無,0
SW-81081C0,GY,4,Y,1.04,32.02,31.53,-0.49,-0.12,-0.31,-0.19,-0.8,-0.67,0.14,0.81,0.74,261.53,244.87,0.45,1576,0.81,1191,0.22,1430,0.19,1722,0.16,無,0,無,0
SW-81081C0,GY,4,Y,1.04,32.02,31.71,-0.3,-0.12,-0.29,-0.17,-0.8,-0.78,0.03,0.81,0.83,261.53,249.8,0.31,1576,0.8,1191,0.22,1430,0.196,1722,0.16,無,0,無,0
SW-8965C0,BL,5,Y,0.69,40.64,42.72,2.08,-14.16,-14.51,-0.35,-16.54,-16.09,0.44,,21.67,,227.96,1.17,1576,0.39,1580,0.315,1588,0.29,1142,0.0342,無,0,無,0
SW-8965C0,BL,5,Y,0.69,40.64,41.95,1.32,-14.16,-14.3,-0.13,-16.54,-16.03,0.5,,21.48,,228.28,0.78,1576,0.42,1580,0.335,1588,0.315,1142,0.036,無,0,無,0
SW-8965C0,BL,5,Y,0.69,40.64,41.11,0.47,-14.16,-14.29,-0.13,-16.54,-16.08,0.46,,21.51,,228.37,0.43,1576,0.44,1580,0.351,1588,0.33,1142,0.038,無,0,無,0
SW-8965C0,BL,5,Y,0.69,40.64,41.03,0.39,-14.16,-14.06,0.11,-16.54,-16.4,0.13,,21.6,,229.41,0.23,1576,0.44,1580,0.351,1588,0.33,1142,0.036,無,0,無,0
SW-8965C0,BL,5,Y,0.69,40.64,41,0.36,-14.16,-14.07,0.1,-16.54,-16.46,0.08,,21.65,,229.48,0.2,1576,0.44,1580,0.351,1588,0.33,1142,0.036,無,0,無,0
SCW-828,NB,6,Y,1.04,21.6,21.69,0.09,1.74,1.68,-0.05,-11.62,-11.47,0.15,,,,,0.15,1578,1.4,1383,0.77,1724,0.75,1576,0.55,無,0,無,0
SW-80135STC0,KH,2,N,0.93,52.98,53.25,-0.01,8.49,8.51,0.15,15.08,15.04,0.16,,17.28,,60.49,0.17,1191,0.245,1430,0.165,1576,0.065,無,0,無,0,無,0
SW-80675C0,BK,5,N,1.04,26.47,26.32,-0.15,0.71,1.05,0.34,-0.15,-0.22,-0.07,,1.08,,348.03,0.52,1862,0.89,1391,0.485,1191,0.304,1578,0.19,無,0,無,0
SW-80675C0,BK,5,N,1.04,26.47,27.02,0.54,0.71,0.95,0.23,-0.15,-0.15,0,,0.96,,350.88,0.5,1862,0.93,1391,0.5,1191,0.32,1578,0.2,無,0,無,0
SW-80675C0,BK,5,N,1.04,26.47,27.01,0.53,0.71,0.98,0.27,-0.15,-0.15,0,,0.99,,351.12,0.53,1862,0.9,1391,0.485,1191,0.31,1578,0.19,無,0,無,0
SW-80675C0,BK,5,N,1.04,26.47,27.03,0.55,0.71,0.91,0.2,-0.15,-0.13,0.02,,0.92,,352.1,0.48,1862,0.9,1391,0.485,1191,0.31,1578,0.19,無,0,無,0
SW-80675C0,GR,2,N,1.04,58.64,59.73,1.09,-2.86,-1.9,0.96,1.07,1.84,0.77,,2.65,,135.95,1.63,1565,0.147,1391,0.059,1191,0.053,1201,0.025,無,0,無,0
SW-80675C0,GR,2,N,1.04,58.64,58.08,-0.57,-2.86,-3.52,-0.66,1.07,0.99,-0.08,,3.65,,164.34,0.85,1565,0.16,1391,0.058,1191,0.055,1201,0.025,無,0,無,0
SW-80675C0,GR,2,N,1.04,58.64,59.13,0.48,-2.86,-2.91,-0.05,1.07,1.24,0.17,,3.16,,156.94,0.3,1565,0.17,1191,0.058,1391,0.057,1201,0.025,無,0,無,0
SW-80675C0,GR,2,N,1.04,58.64,58.54,-0.1,-2.86,-2.8,0.06,1.07,1.01,-0.06,,2.97,,160.18,0.11,1565,0.16,1391,0.0565,1191,0.0545,1201,0.025,無,0,無,0
SW-80675C0,OL,4,N,1.04,38.57,39.15,0.58,-0.16,-0.19,-0.04,15.36,15.28,-0.08,,15.28,,90.73,0.32,1201,0.365,1191,0.33,1578,0.32,1391,0.111,無,0,無,0
SW-80675C0,OL,4,N,1.04,38.57,39.1,0.53,-0.16,-0.18,-0.02,15.36,15.38,0.02,,15.38,,90.67,0.28,1201,0.365,1191,0.33,1578,0.32,1391,0.111,無,0,無,0
SCK-4191,GR,1,N,1.04,77.35,77.63,0.28,-13.85,-13.35,0.5,-3.61,-4.7,-1.09,,,,,1.11,1510,0.054,1111,0.0194,1310,0.0002,無,0,無,0,無,0
SCK-4191,GR,1,N,1.04,77.35,77.3,-0.05,-13.85,-13.79,0.06,-3.61,-4.11,-0.5,,,,,0.46,1510,0.055,1111,0.0215,1310,0.0002,無,0,無,0,無,0
SCK-4191,GR,1,N,1.04,77.35,77.23,-0.13,-13.85,-13.88,-0.03,-3.61,-3.82,-0.21,,,,,0.2,1510,0.055,1111,0.0215,1310,0.0002,無,0,無,0,無,0
SCK-4191,GR,1,N,1.04,77.35,77.03,-0.33,-13.85,-13.95,-0.1,-3.61,-3.79,-0.18,,,,,0.21,1510,0.055,1111,0.022,1310,0.0002,無,0,無,0,無,0
SCK-4191,GR,1,N,1.04,77.35,77.11,-0.25,-13.85,-13.86,-0.01,-3.61,-3.63,-0.02,,,,,0.09,1510,0.055,1111,0.023,1310,0.0002,無,0,無,0,無,0
SCK-4191,GR,1,N,1.04,77.35,77.07,-0.28,-13.85,-13.83,0.02,-3.61,-3.59,0.02,,,,,0.11,1510,0.055,1111,0.0226,1310,0.0002,無,0,無,0,無,0
SW-80352C01,PU,6,Y,0.69,24.56,22.36,-2.57,17.92,17.93,-0.11,-1.51,-0.49,1.21,,,,,2.11,1384,2.18,1383,1.35,1578,0.57,1191,0.413,無,0,無,0
SW-80352C01,PU,6,Y,0.69,24.56,24.32,-0.61,17.92,18.93,0.9,-1.51,-1.31,0.39,,,,,0.81,1384,2,1383,1.26,1578,0.486,1191,0.345,無,0,無,0
SW-80352C01,PU,6,Y,0.69,24.56,24.81,-0.12,17.92,19.01,0.97,-1.51,-1.59,0.12,,,,,0.64,1384,1.88,1383,1.2,1578,0.46,1191,0.32,無,0,無,0
SW-80352C01,PU,6,Y,0.69,24.56,24.51,-0.42,17.92,18.59,0.56,-1.51,-1.57,0.13,,,,,0.48,1384,2,1383,1.2,1578,0.5,1191,0.345,無,0,無,0
SW-80352C01,PU,6,Y,0.69,24.56,25,0.07,17.92,18.47,0.43,-1.51,-2.05,-0.35,,,,,0.4,1384,1.85,1383,1.2,1578,0.486,1191,0.34,無,0,無,0
SW-80352C01,GR,4,Y,0.69,34.06,34.04,-0.02,-9.08,-9.13,-0.05,3.89,4,0.11,,,,,0.11,1576,0.585,1565,0.549,1191,0.351,1722,0.22,無,0,無,0
SCK-4489,BR,5,N,0.52,38.32,33.03,-5.29,12.35,12.79,0.44,28.68,26.5,-2.18,,,,,3.29,1142,1.04,1430,0.52,1201,0.34,1565,0.28,無,0,無,0
SCK-4489,BR,5,N,0.52,38.32,35.59,-2.73,12.35,12.76,0.41,28.68,27.8,-0.89,,,,,1.7,1142,0.92,1430,0.395,1201,0.35,1565,0.23,無,0,無,0
SCK-4489,BR,5,N,0.52,38.32,35.52,-2.81,12.35,12.83,0.48,28.68,27.31,-1.37,,,,,1.93,1142,0.9,1430,0.39,1201,0.35,1565,0.22,無,0,無,0
SCK-4489,BR,5,N,0.52,38.32,34.94,-3.38,12.35,12.74,0.39,28.68,27.9,-0.78,,,,,1.97,1142,0.9,1430,0.41,1201,0.35,1565,0.22,無,0,無,0
SCK-4489,BR,5,N,0.52,38.32,35.58,-2.74,12.35,13.1,0.75,28.68,28.55,-0.13,,,,,1.68,1142,0.9,1430,0.4,1201,0.35,1565,0.21,無,0,無,0
SCK-4489,BR,5,N,0.52,38.32,33.63,-4.69,12.35,13.31,0.96,28.68,27.1,-1.58,,,,,3.06,1142,1.04,1430,0.5,1201,0.34,1565,0.255,無,0,無,0
SCK-4489,BR,5,N,0.52,38.32,34.13,-4.2,12.35,13.55,1.2,28.68,27.65,-1.03,,,,,2.81,1142,1,1430,0.48,1201,0.34,1565,0.24,無,0,無,0
SCK-4489,BR,5,N,0.52,38.32,34.78,-3.54,12.35,13.27,0.92,28.68,28.97,0.29,,,,,2.07,1142,1,1430,0.44,1201,0.35,1565,0.23,無,0,無,0
SCK-4489,BR,5,N,0.52,38.32,35.54,-2.78,12.35,12.76,0.41,28.68,29.85,1.17,,,,,1.61,1142,1,1430,0.4,1201,0.35,1565,0.22,無,0,無,0
SCK-4489,BR,5,N,0.52,38.32,36.29,-2.04,12.35,12.51,0.17,28.68,30.44,1.76,,,,,1.48,1142,1,1430,0.4,1201,0.35,1565,0.23,無,0,無,0
SCK-4489,BR,5,N,0.52,38.32,35.41,-2.91,12.35,12.16,-0.19,28.68,29.51,0.83,,,,,1.68,1142,1,1430,0.4,1201,0.35,1565,0.235,無,0,無,0
SCK-4489,BR,5,N,0.52,38.32,36.02,-2.3,12.35,12.53,0.18,28.68,29.49,0.81,,,,,1.3,1142,0.93,1430,0.4,1201,0.35,1565,0.23,無,0,無,0
SCK-4489,BR,5,N,0.52,38.32,35.33,-2.99,12.35,12.36,0.02,28.68,29.46,0.77,,,,,1.67,1142,0.98,1430,0.4,1201,0.35,1565,0.23,無,0,無,0
SCK-4489,BR,5,N,0.52,38.32,35.72,-2.6,12.35,12.48,0.13,28.68,29.12,0.44,,,,,1.41,1142,0.92,1430,0.4,1201,0.35,1565,0.235,無,0,無,0
SK-1107C0,BL,2,N,0.83,67.72,67.86,0.13,-8.33,-8.06,0.27,-6.73,-7.28,-0.55,,10.86,,222.1,0.65,1565,0.122,1142,0.0175,1430,0.0158,無,0,無,0,無,0
SK-1107C0,BL,2,N,0.83,67.72,67.61,-0.12,-8.33,-8.24,0.09,-6.73,-7.98,-1.24,,11.47,,224.06,1.22,1565,0.122,1142,0.0175,1430,0.0155,無,0,無,0,無,0
SK-1107C0,BL,2,N,0.83,67.72,67.33,-0.39,-8.33,-8.49,-0.16,-6.73,-7.81,-1.08,,11.54,,222.61,1.03,1565,0.12,1142,0.0175,1430,0.0155,無,0,無,0,無,0
SCK-3680,GR,2,N,2.08,73.94,73.4,-0.55,-45.99,-46.35,-0.36,33.72,33.39,-0.33,,,,,0.31,1580,0.215,1013,0.13,無,0,無,0,無,0,無,0
SCK-3680,GR,2,N,2.08,73.94,73.49,-0.46,-45.99,-46.37,-0.38,33.72,33.28,-0.43,,,,,0.33,1580,0.25,1013,0.1,無,0,無,0,無,0,無,0
SCK-3680,GR,2,N,2.08,73.94,73.36,-0.58,-45.99,-46.32,-0.32,33.72,33.27,-0.45,,,,,0.35,1580,0.24,1013,0.11,無,0,無,0,無,0,無,0
SCK-3680,GR,2,N,2.08,73.94,73.42,-0.53,-45.99,-46.3,-0.3,33.72,33.33,-0.38,,,,,0.31,1589,0.225,1013,0.1,1580,0.022,無,0,無,0,無,0
SCK-3680,GR,2,N,2.08,73.94,73.52,-0.42,-45.99,-46.17,-0.18,33.72,33.31,-0.41,,,,,0.27,1589,0.15,1580,0.12,1013,0.1,無,0,無,0,無,0
SCK-3680,GR,2,N,2.08,73.94,74.09,0.15,-45.99,-46.28,-0.29,33.72,34.25,0.53,,,,,0.24,1580,0.215,1013,0.1,無,0,無,0,無,0,無,0
SCK-3680,GR,2,N,2.08,73.94,73.86,-0.09,-45.99,-46.03,-0.04,33.72,33.8,0.08,,,,,0.05,1589,0.14,1580,0.12,1013,0.1,無,0,無,0,無,0
SCK-3680,GR,2,N,2.08,73.94,73.93,-0.01,-45.99,-46.31,-0.31,33.72,34.21,0.49,,,,,0.22,1580,0.215,1013,0.1,無,0,無,0,無,0,無,0
SCK-3680,PU,2,N,2.08,61.4,62.02,0.6,20.24,20.04,-0.09,-3.29,-3.68,-0.29,,,,,0.35,1430,0.1,1724,0.033,1565,0.017,無,0,無,0,無,0
SCK-3680,PU,2,N,2.08,61.4,62.27,0.84,20.24,19.93,-0.2,-3.29,-3.35,0.04,,,,,0.37,1430,0.12,1724,0.028,1565,0.02,無,0,無,0,無,0
SCK-3680,PU,2,N,2.08,61.4,62,0.58,20.24,20.07,-0.05,-3.29,-3.57,-0.18,,,,,0.29,1430,0.12,1724,0.028,1565,0.021,無,0,無,0,無,0
SCK-3680,PU,2,N,2.08,61.4,62.28,0.86,20.24,19.87,-0.26,-3.29,-3.48,-0.09,,,,,0.4,1430,0.11,1724,0.029,1565,0.019,無,0,無,0,無,0
SCK-3680,PU,2,N,2.08,61.4,61.14,-0.28,20.24,19.98,-0.14,-3.29,-3.91,-0.52,,,,,0.46,1430,0.11,1724,0.029,1565,0.0185,無,0,無,0,無,0
SCK-3680,PU,2,N,2.08,61.4,61.65,0.23,20.24,20.04,-0.08,-3.29,-3.41,-0.02,,,,,0.11,1430,0.1,1724,0.031,1565,0.0175,無,0,無,0,無,0
SW-80264C0,OR,4,Y,1.04,49.26,48.47,-0.79,57.06,56.46,-0.6,45.54,46.38,0.84,73.01,73.07,38.59,39.4,0.81,1353,1.5,1191,0.75,1383,0.6,1201,0.25,無,0,無,0
SW-80264C0,OR,4,Y,1.04,49.26,49.14,-0.12,57.06,57.03,-0.03,45.54,44.77,-0.77,73.01,72.5,38.59,38.13,0.45,1353,1.5,1191,0.56,1383,0.51,1201,0.225,無,0,無,0
SW-80264C0,OR,4,Y,1.04,49.26,48.6,-0.66,57.06,56.33,-0.73,45.54,46.14,0.6,73.01,72.81,38.59,39.32,0.72,1353,1.6,1191,0.63,1383,0.63,1201,0.32,無,0,無,0
SW-80264C0,OR,4,Y,1.04,49.26,47.94,-1.32,57.06,57.23,0.17,45.54,46.56,1.02,73.01,73.78,38.59,39.13,0.82,1353,1.56,1383,0.68,1191,0.67,1201,0.4,無,0,無,0
SW-80264C0,OR,4,Y,1.04,49.26,48.23,-1.03,57.06,57.52,0.46,45.54,46.14,0.6,73.01,73.74,38.59,38.73,0.55,1353,1.55,1191,0.63,1383,0.63,1201,0.3,無,0,無,0
SW-80264C0,OR,4,Y,1.04,49.26,48.91,-0.35,57.06,57.65,0.58,45.54,46.96,1.42,73.01,74.35,38.59,39.16,0.7,1353,1.6,1191,0.7,1383,0.55,1201,0.25,無,0,無,0
SW-80264C0,OR,4,Y,1.04,49.26,49.08,-0.18,57.06,57.83,0.76,45.54,45.82,0.28,73.01,73.78,38.59,38.39,0.32,1353,1.58,1191,0.54,1383,0.5,1201,0.29,無,0,無,0
SW-80264C0,OR,4,Y,1.04,49.26,49.13,-0.12,57.06,57.79,0.73,45.54,45.79,0.24,73.01,73.73,38.59,38.39,0.31,1353,1.58,1191,0.54,1383,0.5,1201,0.29,無,0,無,0
SCK-3230,GY,2,N,1.67,78.63,76.07,-2.56,-1.12,-0.81,0.31,0.49,-0.27,-0.76,1.22,0.86,156.46,198.28,1.49,1310,0.048,1510,0.0465,1111,0.0375,無,0,無,0,無,0
SCK-3230,GY,2,N,1.67,78.63,76.87,-1.76,-1.12,-0.72,0.4,0.49,0.49,0,1.22,0.87,156.46,145.75,0.86,1310,0.044,1510,0.042,1111,0.0357,無,0,無,0,無,0
SCK-3230,GY,2,N,1.67,78.63,77.33,-1.3,-1.12,-0.84,0.28,0.49,0.61,0.12,1.22,1.04,156.46,144.04,0.64,1310,0.0415,1510,0.04,1111,0.034,無,0,無,0,無,0
SCK-3230,GY,2,N,1.67,78.63,78.3,-0.33,-1.12,-1.22,-0.1,0.49,0.73,0.25,1.22,1.42,156.46,148.92,0.39,1310,0.04,1510,0.04,1111,0.034,無,0,無,0,無,0
SCK-3230,GY,2,N,1.67,78.63,78.16,-0.47,-1.12,-1.17,-0.05,0.49,0.71,0.23,1.22,1.37,156.46,148.67,0.37,1310,0.038,1510,0.038,1111,0.0323,無,0,無,0,無,0
SCK-4515,BR,5,N,3.13,36.04,35.73,-0.32,9.22,9.14,-0.07,22.59,22.13,-0.46,,23.94,,67.55,0.33,1724,1.1,1142,0.23,1576,0.215,1391,0.11,無,0,無,0
SCK-4515,BR,5,N,3.13,36.04,34.19,-1.85,9.22,9.78,0.57,22.59,22.86,0.27,,24.86,,66.83,1.17,1724,1.1,1142,0.41,1576,0.26,1391,0.2,無,0,無,0
SCK-4515,BR,5,N,3.13,36.04,33.75,-2.3,9.22,9.21,-0.01,22.59,21.98,-0.61,,23.83,,67.27,1.34,1724,1.1,1142,0.41,1576,0.27,1391,0.2,無,0,無,0
SCK-4515,BR,5,N,3.13,36.04,35.31,-0.73,9.22,9.58,0.36,22.59,22.47,-0.11,,24.43,,66.92,0.61,1724,1.2,1142,0.255,1576,0.236,1391,0.12,無,0,無,0
SCK-4515,BR,5,N,3.13,36.04,34.8,-1.24,9.22,8.31,-0.9,22.59,21.33,-1.26,,22.89,,68.7,1.17,1724,1.1,1142,0.28,1576,0.258,1391,0.132,無,0,無,0
SCK-4515,BR,5,N,3.13,36.04,34.6,-1.44,9.22,8.97,-0.24,22.59,21.98,-0.6,,23.74,,67.79,0.87,1724,1.1,1142,0.31,1576,0.255,1391,0.15,無,0,無,0
SCK-4515,BR,5,N,3.13,36.04,34.58,-1.46,9.22,9.16,-0.06,22.59,22.12,-0.47,,23.94,,67.51,0.86,1724,1.1,1142,0.33,1576,0.255,1391,0.16,無,0,無,0
SCK-4515,BR,5,N,3.13,36.04,33.27,-2.77,9.22,8.89,-0.33,22.59,21.69,-0.9,,23.44,,67.72,1.62,1724,1.1,1142,0.35,1576,0.255,1391,0.17,無,0,無,0
SCK-4515,BR,5,N,3.13,36.04,34.19,-1.85,9.22,9,-0.22,22.59,22.14,-0.45,,23.89,,67.88,1.06,1724,1.1,1142,0.365,1576,0.255,1391,0.175,無,0,無,0
SCK-4515,BR,5,N,3.13,36.04,34.47,-1.58,9.22,9.66,0.44,22.59,23.26,0.67,,25.18,,67.45,0.99,1724,1.1,1142,0.39,1576,0.25,1391,0.19,無,0,無,0
SCK-4515,BR,5,N,3.13,36.04,34.17,-1.87,9.22,9.7,0.48,22.59,23.18,0.6,,25.13,,67.3,1.14,1724,1.1,1142,0.41,1576,0.25,1391,0.2,無,0,無,0
SCK-4515,BR,5,N,3.13,36.04,33.93,-2.12,9.22,9.54,0.33,22.59,22.54,-0.05,,24.48,,67.05,1.24,1724,1.1,1142,0.41,1576,0.27,1391,0.195,無,0,無,0
SCK-4515,GY,5,N,3.13,25.36,26.57,1.22,-1.67,-1.5,0.17,-4.05,-3.4,0.64,,3.72,,246.23,1.13,1593,0.9,1724,0.56,1430,0.16,1142,0.055,無,0,無,0
SCK-4515,GY,5,N,3.13,25.36,23.93,-1.43,-1.67,-1.38,0.3,-4.05,-3.7,0.35,,3.95,,249.58,1.12,1593,1.2,1724,0.65,1430,0.21,1142,0.082,無,0,無,0
SCK-4515,GY,5,N,3.13,25.36,23.92,-1.44,-1.67,-1.22,0.45,-4.05,-3.34,0.71,,3.55,,249.91,1.37,1593,1.2,1724,0.65,1430,0.21,1142,0.084,無,0,無,0
SCK-4515,GY,5,N,3.13,25.36,23.58,-1.78,-1.67,-1.94,-0.26,-4.05,-4.49,-0.44,,4.89,,246.67,1.37,1593,1.25,1724,0.65,1430,0.2,1142,0.08,無,0,無,0
SCK-4515,GY,5,N,3.13,25.36,23.88,-1.48,-1.67,-1.65,0.02,-4.05,-3.89,0.16,,4.22,,246.99,1.05,1593,1.18,1724,0.65,1430,0.2,1142,0.08,無,0,無,0
SCK-4515,GY,5,N,3.13,25.36,24.39,-0.97,-1.67,-1.88,-0.21,-4.05,-4.82,-0.77,,5.18,,248.69,1.12,1593,1.15,1724,0.616,1430,0.176,1142,0.06,無,0,無,0
SCK-4515,GY,5,N,3.13,25.36,22.14,-3.22,-1.67,-2.16,-0.48,-4.05,-6.6,-2.55,,6.95,,251.91,3.66,1593,1.5,1724,0.61,1430,0.17,1142,0.06,無,0,無,0
SCK-4515,GY,5,N,3.13,25.36,24.27,-1.09,-1.67,-1.49,0.18,-4.05,-4.57,-0.52,,4.81,,251.96,1,1593,1.2,1724,0.616,1430,0.19,1142,0.066,無,0,無,0
SCK-4515,GY,5,N,3.13,25.36,23.15,-2.21,-1.67,-1.73,-0.06,-4.05,-5.38,-1.33,,5.65,,252.18,2.15,1593,1.3,1724,0.616,1430,0.2,1142,0.07,無,0,無,0
SCK-4515,GY,5,N,3.13,25.36,22.56,-2.8,-1.67,-1.8,-0.13,-4.05,-5.09,-1.04,,5.4,,250.5,2.28,1593,1.3,1724,0.62,1430,0.2,1142,0.075,無,0,無,0
SCK-4515,GY,5,N,3.13,25.36,22.86,-2.5,-1.67,-1.87,-0.2,-4.05,-4.89,-0.85,,5.24,,249.07,1.99,1593,1.3,1724,0.62,1430,0.2,1142,0.08,無,0,無,0
SCK-4515,GY,5,N,3.13,25.36,23.24,-2.11,-1.67,-2.04,-0.37,-4.05,-3.8,0.25,,4.31,,241.74,1.58,1593,1.2,1724,0.65,1430,0.2,1142,0.09,無,0,無,0
SCK-4515,GY,5,N,3.13,25.36,23.22,-2.14,-1.67,-1.81,-0.14,-4.05,-3.21,0.84,,3.69,,240.57,1.79,1593,1.2,1724,0.65,1430,0.2,1142,0.1,無,0,無,0
SCK-4515,GY,5,N,3.13,25.36,23.57,-1.79,-1.67,-1.67,0,-4.05,-3.93,0.12,,4.27,,246.95,1.26,1593,1.2,1724,0.65,1430,0.2,1142,0.08,無,0,無,0
SCK-4515,GY,3,N,3.13,40.58,38.5,-2.08,-0.95,-0.61,0.34,-0.01,0.15,0.16,,0.63,,165.99,1.2,1576,0.38,1724,0.187,1430,0.066,1142,0.052,無,0,無,0
SCK-4515,GY,3,N,3.13,40.58,38.11,-2.47,-0.95,-0.43,0.51,-0.01,0.12,0.13,,0.45,,163.98,1.48,1576,0.38,1724,0.18,1430,0.07,1142,0.054,無,0,無,0
SCK-4515,GY,3,N,3.13,40.58,38.47,-2.11,-0.95,-0.6,0.35,-0.01,0.16,0.17,,0.62,,164.92,1.22,1576,0.385,1724,0.187,1430,0.073,1142,0.054,無,0,無,0
SCK-4515,GY,3,N,3.13,40.58,38.2,-2.37,-0.95,-0.99,-0.04,-0.01,-0.13,-0.12,,0.99,,187.49,1.24,1576,0.385,1724,0.187,1430,0.073,1142,0.054,無,0,無,0
SCK-4515,NB,5,N,3.13,18.14,18.99,0.85,-1.38,-1.1,0.28,-5.97,-6.06,-0.09,,6.16,,259.67,0.85,1862,1.35,1578,0.6,1724,0.24,1430,0.14,無,0,無,0
SCK-4515,NB,5,N,3.13,18.14,16.81,-1.33,-1.38,-1.26,0.12,-5.97,-5.96,0.01,,6.09,,258.02,1.19,1862,1.7,1578,1.15,1724,0.24,1430,0.04,無,0,無,0
SCK-4515,NB,5,N,3.13,18.14,16.57,-1.57,-1.38,-1.51,-0.13,-5.97,-5.8,0.16,,6,,255.44,1.42,1862,1.7,1578,1.15,1724,0.24,無,0,無,0,無,0
SCK-4515,NB,5,N,3.13,18.14,18.42,0.28,-1.38,-1.12,0.26,-5.97,-5.65,0.32,,5.76,,258.83,0.51,1862,1.5,1578,0.6,1724,0.24,1430,0.13,無,0,無,0
SCK-4515,NB,5,N,3.13,18.14,17.89,-0.25,-1.38,-0.99,0.39,-5.97,-5.42,0.55,,5.51,,259.65,0.75,1862,1.7,1578,0.6,1724,0.24,1430,0.13,無,0,無,0
SCK-4515,NB,5,N,3.13,18.14,17.3,-0.84,-1.38,-1.07,0.31,-5.97,-5.42,0.54,,5.53,,258.84,0.99,1862,1.7,1578,0.7,1724,0.24,1430,0.115,無,0,無,0
SCK-4515,NB,5,N,3.13,18.14,17.08,-1.06,-1.38,-1.15,0.23,-5.97,-5.52,0.45,,5.64,,258.24,1.07,1862,1.7,1578,0.8,1724,0.24,1430,0.1,無,0,無,0
SCK-4515,NB,5,N,3.13,18.14,16.99,-1.15,-1.38,-1.07,0.31,-5.97,-5.78,0.19,,5.87,,259.53,1.11,1862,1.7,1578,0.87,1724,0.24,1430,0.094,無,0,無,0
SCK-4515,NB,5,N,3.13,18.14,16.53,-1.62,-1.38,-1.04,0.34,-5.97,-5.76,0.21,,5.85,,259.75,1.51,1862,1.7,1578,0.95,1724,0.24,1430,0.088,無,0,無,0
SCK-4515,NB,5,N,3.13,18.14,16.5,-1.64,-1.38,-1.02,0.36,-5.97,-5.98,-0.01,,6.07,,260.33,1.53,1862,1.6,1578,1.04,1724,0.24,1430,0.08,無,0,無,0
SCK-4515,NB,5,N,3.13,18.14,16.74,-1.4,-1.38,-1.05,0.33,-5.97,-6.19,-0.22,,6.27,,260.37,1.34,1862,1.6,1578,1.1,1724,0.24,1430,0.075,無,0,無,0
SCK-4515,NB,5,N,3.13,18.14,16.64,-1.5,-1.38,-1.44,-0.06,-5.97,-5.82,0.15,,6,,256.14,1.34,1862,1.7,1578,1.2,1724,0.22,無,0,無,0,無,0
SCK-4515,OL,4,N,3.13,36.13,35.92,-0.21,-1.22,-0.89,0.33,11.2,10.96,-0.24,,10.99,,94.65,0.45,1724,0.63,1576,0.43,1191,0.13,無,0,無,0,無,0
SCK-4515,OL,4,N,3.13,36.13,35.5,-0.64,-1.22,-0.96,0.26,11.2,10.89,-0.31,,10.93,,95.05,0.52,1724,0.69,1576,0.473,1191,0.145,無,0,無,0,無,0
SCK-4515,OL,4,N,3.13,36.13,34.14,-1.99,-1.22,-1,0.22,11.2,10.7,-0.49,,10.75,,95.32,1.19,1724,0.74,1576,0.516,1191,0.16,無,0,無,0,無,0
SCK-4515,OL,4,N,3.13,36.13,33.27,-2.87,-1.22,-1.23,-0.01,11.2,10.63,-0.57,,10.7,,96.61,1.65,1724,0.72,1576,0.516,1191,0.17,無,0,無,0,無,0
SCK-4515,OL,4,N,3.13,36.13,34.23,-1.9,-1.22,-1.32,-0.1,11.2,11.34,0.14,,11.41,,96.65,1.06,1724,0.72,1576,0.516,1191,0.18,無,0,無,0,無,0
SCK-4515,OL,4,N,3.13,36.13,34.28,-1.85,-1.22,-1.34,-0.12,11.2,11.28,0.08,,11.36,,96.8,1.04,1724,0.72,1576,0.516,1191,0.18,無,0,無,0,無,0
SCK-4515,OL,4,N,3.13,26.86,27.77,0.92,1,1.84,0.84,10.21,10.48,0.27,,10.64,,80.03,1.31,1565,0.65,1724,0.64,1142,0.5,1430,0.4,無,0,無,0
SCK-4515,OL,4,N,3.13,26.86,26.37,-0.49,1,1.58,0.58,10.21,9.96,-0.25,,10.08,,80.97,0.92,1565,0.75,1724,0.735,1142,0.575,1430,0.44,無,0,無,0
SCK-4515,OL,4,N,3.13,26.86,25.58,-1.28,1,1.52,0.52,10.21,9.65,-0.56,,9.77,,81.04,1.25,1565,0.86,1724,0.83,1142,0.65,1430,0.48,無,0,無,0
SCK-4515,OL,4,N,3.13,26.86,24.7,-2.15,1,0.78,-0.23,10.21,9.59,-0.62,,9.62,,85.37,1.55,1565,0.9,1724,0.83,1142,0.71,1430,0.48,無,0,無,0
SCK-4515,OL,4,N,3.13,26.86,23.52,-3.33,1,1.01,0.01,10.21,9.48,-0.73,,9.54,,83.92,2.31,1565,0.98,1724,0.91,1142,0.78,1430,0.52,無,0,無,0
SCK-4515,OL,4,N,3.13,26.86,24.49,-2.37,1,1.4,0.4,10.21,10.22,0.01,,10.31,,82.18,1.68,1565,0.88,1724,0.85,1142,0.75,1430,0.5,無,0,無,0
SCK-4515,OL,4,N,3.13,26.86,24.28,-2.57,1,1.5,0.5,10.21,10.02,-0.19,,10.13,,81.48,1.87,1565,0.88,1724,0.85,1142,0.75,1430,0.515,無,0,無,0
SCK-4515,OL,4,N,3.13,26.86,24.22,-2.64,1,1.26,0.25,10.21,10.53,0.32,,10.61,,83.2,1.81,1565,0.88,1724,0.85,1142,0.75,1430,0.49,無,0,無,0
SCK-4515,OL,4,N,3.13,26.86,24.45,-2.41,1,1.2,0.2,10.21,10.41,0.2,,10.48,,83.42,1.64,1565,0.88,1724,0.85,1142,0.75,1430,0.49,無,0,無,0
SW-80216C0,PU,4,Y,1.04,33.7,34.04,0.34,16.53,17.6,1.07,-10.8,-10.04,0.76,,,,,1.11,1391,0.8,1578,0.251,1722,0.069,1681,0.014,無,0,無,0
SW-80216C0,PU,4,Y,1.04,33.7,34.22,0.52,16.53,17.23,0.7,-10.8,-10.41,0.39,,,,,0.72,1391,0.8,1578,0.251,1722,0.069,1681,0.014,無,0,無,0
SW-80216C0,PU,4,Y,1.04,33.7,33.9,0.2,16.53,16.8,0.27,-10.8,-10.93,-0.13,,,,,0.22,1391,0.77,1578,0.27,1722,0.069,1681,0.014,無,0,無,0
SW-80216C0,CO,4,Y,1.04,35.49,34.13,-1.36,7.91,7.92,0.01,1.61,2.87,1.25,,,,,1.77,1430,0.508,1576,0.351,1142,0.274,1588,0.085,無,0,無,0
SW-80216C0,CO,5,Y,1.04,35.49,34.13,-1.36,7.91,7.92,0.01,1.61,2.87,1.25,,,,,1.77,1430,0.508,1576,0.351,1142,0.274,1588,0.085,無,0,無,0
SW-80216C0,CO,4,Y,1.04,35.49,35.47,-0.02,7.91,7.86,-0.05,1.61,1.91,0.3,,,,,0.39,1430,0.454,1576,0.316,1142,0.234,1588,0.0765,無,0,無,0
SW-80216C0,CO,5,Y,1.04,35.49,35.47,-0.02,7.91,7.86,-0.05,1.61,1.91,0.3,,,,,0.39,1430,0.454,1576,0.316,1142,0.234,1588,0.0765,無,0,無,0
SW-80135STC0,BL,5,N,0.93,22.83,22.48,-0.35,-3.04,-2.88,0.16,-11.18,-11.28,-0.1,,11.64,,255.66,0.34,1578,1.8,1191,0.23,1201,0.19,1391,0.145,無,0,無,0
SW-80135STC0,BL,5,N,0.93,22.83,22.47,-0.36,-3.04,-3.06,-0.02,-11.18,-11.49,-0.31,,11.89,,255.08,0.37,1578,1.72,1191,0.23,1201,0.16,1391,0.16,無,0,無,0
SW-80135STC0,BL,5,N,0.93,22.83,22.77,-0.06,-3.04,-3.05,-0.02,-11.18,-11.54,-0.37,,11.94,,255.18,0.3,1578,1.8,1191,0.23,1201,0.19,1391,0.142,無,0,無,0
SW-80135STC0,BL,5,N,0.93,22.83,22.74,-0.09,-3.04,-3.04,0,-11.18,-11.43,-0.25,,11.83,,255.09,0.21,1578,1.68,1191,0.235,1391,0.175,1201,0.155,無,0,無,0
SW-80135STC0,BL,5,N,0.93,22.83,22.73,-0.09,-3.04,-3.03,0.01,-11.18,-11.45,-0.27,,11.84,,255.18,0.23,1578,1.68,1191,0.235,1391,0.17,1201,0.155,無,0,無,0
SW-80135STC0,CO,5,N,0.93,27.79,27.5,-0.29,6.39,7,0.61,2.46,2.68,0.22,,7.5,,20.92,0.66,1391,0.84,1578,0.55,1191,0.43,1724,0.43,無,0,無,0
SW-80135STC0,CO,5,N,0.93,27.79,27.84,0.05,6.39,6.4,0.01,2.46,2.75,0.29,,6.97,,23.21,0.38,1391,0.8,1578,0.55,1191,0.43,1724,0.42,無,0,無,0
FS-8919C0,GR,5,N,0.83,54.35,53.35,-1,47.4,48.84,1.44,35.15,36,0.85,,60.67,,36.39,0.76,1351,1.39,1201,0.832,1580,0.028,無,0,無,0,無,0
FS-8919C0,OR,5,N,0.83,54.35,53.35,-1,47.4,48.84,1.44,35.15,36,0.85,,60.67,,36.39,0.76,1351,1.39,1201,0.832,1580,0.028,無,0,無,0,無,0
FS-8919C0,GR,5,N,0.83,54.35,54.46,0.12,47.4,48.72,1.32,35.15,35.73,0.58,,60.41,,36.26,0.56,1351,1.25,1201,0.75,1580,0.025,無,0,無,0,無,0
FS-8919C0,OR,5,N,0.83,54.35,54.46,0.12,47.4,48.72,1.32,35.15,35.73,0.58,,60.41,,36.26,0.56,1351,1.25,1201,0.75,1580,0.025,無,0,無,0,無,0
FS-8919C0,GR,5,N,0.83,54.35,54.49,0.14,47.4,48.2,0.8,35.15,35.63,0.48,,59.94,,36.47,0.35,1351,1.25,1201,0.765,1580,0.0265,無,0,無,0,無,0
FS-8919C0,OR,5,N,0.83,54.35,54.49,0.14,47.4,48.2,0.8,35.15,35.63,0.48,,59.94,,36.47,0.35,1351,1.25,1201,0.765,1580,0.0265,無,0,無,0,無,0
FS-8919C0,GR,5,N,0.83,54.35,54.54,0.19,47.4,48.06,0.66,35.15,35.32,0.17,,59.64,,36.31,0.31,1351,1.25,1201,0.765,1580,0.0265,無,0,無,0,無,0
FS-8919C0,OR,5,N,0.83,54.35,54.54,0.19,47.4,48.06,0.66,35.15,35.32,0.17,,59.64,,36.31,0.31,1351,1.25,1201,0.765,1580,0.0265,無,0,無,0,無,0
FS-8919C0,GR,5,N,0.83,43.64,43.91,0.27,-12.26,-12.02,0.24,-6.56,-8.29,-1.73,,14.6,,214.59,1.61,1588,1.22,1391,0.263,1191,0.14,無,0,無,0,無,0
FS-8919C0,OR,5,N,0.83,43.64,43.91,0.27,-12.26,-12.02,0.24,-6.56,-8.29,-1.73,,14.6,,214.59,1.61,1588,1.22,1391,0.263,1191,0.14,無,0,無,0,無,0
FS-8919C0,GR,5,N,0.83,43.64,44.67,1.03,-12.26,-12.37,-0.12,-6.56,-8.15,-1.59,,14.82,,213.36,1.5,1588,1.1,1391,0.235,1191,0.13,無,0,無,0,無,0
FS-8919C0,OR,5,N,0.83,43.64,44.67,1.03,-12.26,-12.37,-0.12,-6.56,-8.15,-1.59,,14.82,,213.36,1.5,1588,1.1,1391,0.235,1191,0.13,無,0,無,0,無,0
FS-8919C0,GR,5,N,0.83,43.64,43.8,0.16,-12.26,-12.99,-0.73,-6.56,-6.97,-0.41,,14.74,,208.21,0.61,1588,1.3,1391,0.265,1191,0.16,無,0,無,0,無,0
FS-8919C0,OR,5,N,0.83,43.64,43.8,0.16,-12.26,-12.99,-0.73,-6.56,-6.97,-0.41,,14.74,,208.21,0.61,1588,1.3,1391,0.265,1191,0.16,無,0,無,0,無,0
FS-8919C0,GR,5,N,0.83,43.64,43.2,-0.44,-12.26,-13.65,-1.4,-6.56,-7.08,-0.52,,15.38,,207.41,1.1,1588,1.4,1391,0.27,1191,0.175,無,0,無,0,無,0
FS-8919C0,OR,5,N,0.83,43.64,43.2,-0.44,-12.26,-13.65,-1.4,-6.56,-7.08,-0.52,,15.38,,207.41,1.1,1588,1.4,1391,0.27,1191,0.175,無,0,無,0,無,0
FS-8919C0,GR,5,N,0.83,43.64,43.6,-0.04,-12.26,-12.48,-0.22,-6.56,-6.81,-0.26,,14.21,,208.64,0.25,1588,1.3,1391,0.28,1191,0.165,無,0,無,0,無,0
FS-8919C0,OR,5,N,0.83,43.64,43.6,-0.04,-12.26,-12.48,-0.22,-6.56,-6.81,-0.26,,14.21,,208.64,0.25,1588,1.3,1391,0.28,1191,0.165,無,0,無,0,無,0
FS-8919C0,GR,5,N,0.83,43.64,43.38,-0.26,-12.26,-12.48,-0.22,-6.56,-6.75,-0.19,,14.19,,208.39,0.25,1588,1.2,1391,0.27,1191,0.175,無,0,無,0,無,0
FS-8919C0,OR,5,N,0.83,43.64,43.38,-0.26,-12.26,-12.48,-0.22,-6.56,-6.75,-0.19,,14.19,,208.39,0.25,1588,1.2,1391,0.27,1191,0.175,無,0,無,0,無,0
FS-8919C0,GR,2,N,0.83,87.47,86.25,-1.22,-18.67,-19.21,-0.54,3.16,1.98,-1.18,,19.31,,174.1,1.14,1585,0.12,1142,0.0075,無,0,無,0,無,0,無,0
FS-8919C0,GR,2,N,0.83,87.47,86.73,-0.74,-18.67,-18.62,0.05,3.16,1.21,-1.95,,18.66,,176.28,1.64,1585,0.11,1142,0.0065,無,0,無,0,無,0,無,0
FS-8919C0,GR,2,N,0.83,87.47,86.68,-0.79,-18.67,-19.32,-0.65,3.16,4.52,1.35,,19.84,,166.84,1.18,1585,0.105,1142,0.009,無,0,無,0,無,0,無,0
FS-8919C0,GR,2,N,0.83,87.47,87.22,-0.25,-18.67,-18.45,0.22,3.16,1.52,-1.65,,18.51,,175.3,1.37,1585,0.105,1191,0.009,無,0,無,0,無,0,無,0
FS-8919C0,GR,2,N,0.83,87.47,86.71,-0.76,-18.67,-18.85,-0.18,3.16,3.3,0.14,,19.14,,170.07,0.31,1585,0.105,1142,0.008,無,0,無,0,無,0,無,0
FS-8919C0,RE,4,N,0.83,49.35,50.88,1.53,30.44,31.78,1.34,-4.84,-4.53,0.31,,32.1,,351.89,1.01,1384,1,1580,0.203,1142,0.025,無,0,無,0,無,0
FS-8919C0,BL,7,N,0.83,23.99,22.76,-1.23,1.16,1.51,0.35,-7.41,-8.84,-1.43,,8.96,,279.7,1.64,1588,2.06,1578,1.75,1430,1.25,1724,1.13,無,0,無,0
FS-8919C0,BL,7,N,0.83,23.99,23.22,-0.77,1.16,1.55,0.39,-7.41,-9.58,-2.17,,9.7,,279.19,2.13,1588,1.85,1578,1.57,1430,1.1,1724,1,無,0,無,0
FS-8919C0,BL,7,N,0.83,23.99,23.44,-0.56,1.16,0.39,-0.77,-7.41,-7.1,0.31,,7.11,,273.12,1.16,1588,1.8,1578,1.55,1724,1.5,1430,1,無,0,無,0
FS-8919C0,BL,7,N,0.83,23.99,23.08,-0.91,1.16,-0.42,-1.58,-7.41,-8.88,-1.47,,8.89,,267.27,2.74,1578,2,1430,1.3,1588,1.3,1142,0.5,無,0,無,0
FS-8919C0,BL,7,N,0.83,23.99,23.05,-0.94,1.16,1.37,0.22,-7.41,-7.22,0.19,,7.35,,280.76,0.78,1578,1.7,1588,1.62,1724,1.4,1430,1.15,無,0,無,0
FS-8919C0,BL,7,N,0.83,23.99,23.75,-0.24,1.16,1.45,0.29,-7.41,-8.05,-0.64,,8.17,,280.19,0.7,1578,1.55,1588,1.46,1724,1.26,1430,1.05,無,0,無,0
FS-8919C0,BL,7,N,0.83,23.99,24.31,0.31,1.16,1.28,0.12,-7.41,-7.6,-0.19,,7.7,,279.55,0.32,1578,1.55,1588,1.46,1724,1.3,1430,1,無,0,無,0
FS-8919C0,BL,7,N,0.83,23.99,24.13,0.14,1.16,1.19,0.04,-7.41,-7.54,-0.13,,7.63,,279.01,0.17,1578,1.55,1588,1.46,1724,1.3,1430,1,無,0,無,0
FS-8919C0,BL,3,N,0.83,56.07,59.01,2.94,2.44,1.55,-0.89,-36.75,-36.29,0.46,,36.32,,272.44,1.45,1690,0.29,1565,0.272,1681,0.044,無,0,無,0,無,0
FS-8919C0,BL,3,N,0.83,56.07,56.35,0.28,2.44,2.51,0.07,-36.75,-37.04,-0.28,,37.12,,273.87,0.18,1690,0.35,1565,0.31,1681,0.07,1191,0.003,無,0,無,0
FS-8919C0,BL,3,N,0.83,56.07,59.43,3.36,2.44,1.97,-0.47,-36.75,-36.98,-0.23,,37.03,,273.05,1.5,1690,0.26,1565,0.245,1681,0.04,無,0,無,0,無,0
FS-8919C0,BL,3,N,0.83,56.07,57.54,1.47,2.44,2.64,0.2,-36.75,-38.59,-1.84,,38.68,,273.91,1.05,1690,0.325,1565,0.306,1681,0.05,無,0,無,0,無,0
FS-8919C0,BL,3,N,0.83,56.07,56.95,0.87,2.44,2.15,-0.29,-36.75,-37.94,-1.19,,38,,273.24,0.7,1690,0.35,1565,0.31,1681,0.05,1191,0.001,無,0,無,0
FS-8919C0,BL,3,N,0.83,56.07,56.84,0.76,2.44,2.07,-0.36,-36.75,-37.31,-0.56,,37.37,,273.18,0.51,1690,0.35,1565,0.31,1681,0.055,1191,0.002,無,0,無,0
FS-8919C0,BL,3,N,0.83,56.07,56.63,0.55,2.44,1.78,-0.65,-36.75,-36.74,0.01,,36.78,,272.78,0.55,1690,0.35,1565,0.31,1681,0.06,1191,0.003,無,0,無,0
FS-8919C0,BL,3,N,0.83,56.07,56.31,0.24,2.44,2.16,-0.28,-36.75,-37,-0.24,,37.06,,273.34,0.27,1690,0.35,1565,0.31,1681,0.065,1191,0.003,無,0,無,0
FS-8919C0,BL,3,N,0.83,56.07,55.82,-0.25,2.44,2.74,0.3,-36.75,-37.34,-0.59,,37.44,,274.19,0.36,1690,0.35,1565,0.31,1681,0.065,1191,0.0026,無,0,無,0
FS-8919C0,BL,3,N,0.83,56.07,56.2,0.13,2.44,2.42,-0.01,-36.75,-37.04,-0.29,,37.12,,273.74,0.14,1690,0.35,1565,0.31,1681,0.0675,1191,0.003,無,0,無,0
FS-8919C0,BL,3,N,0.83,56.07,56.51,0.43,2.44,2.44,0.01,-36.75,-36.99,-0.24,,37.07,,273.78,0.22,1690,0.35,1565,0.31,1681,0.07,1191,0.003,無,0,無,0
SCK-3724,BL,4,Y,0.69,44.63,46.02,1.39,2.71,1.61,-1.1,-41.65,-41.52,0.14,41.74,41.55,273.73,272.22,1.04,1584,1.3,1690,0.32,1567,0.26,1681,0.21,無,0,無,0
SCK-3724,BL,4,Y,0.69,44.63,46.81,2.18,2.71,1.73,-0.98,-41.65,-41.12,0.54,41.74,41.15,273.73,272.41,1.29,1584,1.05,1690,0.29,1567,0.23,1681,0.2,無,0,無,0
SCK-3724,BL,4,Y,0.69,44.63,44.84,0.22,2.71,2.8,0.09,-41.65,-41.91,-0.25,41.74,42,273.73,273.82,0.16,1584,1.2,1690,0.29,1567,0.23,1681,0.2,無,0,無,0
SW-80900C0,BR,7,Y,1.04,20.78,20.98,0.2,5.11,5.31,0.19,3.42,4.29,0.88,,,,,1.12,1384,1.65,1724,1.14,1578,1.05,1191,0.81,無,0,無,0
SW-80900C0,BR,7,Y,1.04,20.78,20.99,0.2,5.11,5.4,0.29,3.42,4.46,1.05,,,,,1.31,1384,1.65,1724,1.14,1578,1.05,1191,0.8,無,0,無,0
SW-80900C0,BR,7,Y,1.04,20.78,20.72,-0.06,5.11,5.42,0.3,3.42,4.02,0.61,,,,,0.76,1384,1.65,1724,1.14,1578,1.05,1191,0.76,無,0,無,0
SW-80900C0,BR,7,Y,1.04,20.78,20.37,-0.38,5.11,5.32,0.08,3.42,3.75,0.37,,,,,0.56,1384,1.3,1724,0.93,1578,0.9,1191,0.6,無,0,無,0
SW-80900C0,BL,2,Y,1.04,53.3,53.27,-0.04,-1.88,-1.84,0.04,-14.16,-14.2,-0.05,,,,,0.06,1565,0.255,1391,0.075,1191,0.027,無,0,無,0,無,0
SK-1216C0,OL,5,N,0.83,27.04,27.5,0.45,-7,-6.81,0.19,-0.28,-0.55,-0.27,,6.83,,184.65,0.48,1578,1.19,1191,0.412,1722,0.29,1391,0.019,無,0,無,0
SK-1216C0,OL,5,N,0.83,27.04,27.02,-0.03,-7,-6.74,0.26,-0.28,-0.84,-0.56,,6.79,,187.13,0.71,1578,1.23,1191,0.424,1722,0.29,1391,0.019,無,0,無,0
SK-1216C0,OL,5,N,0.83,27.04,27.16,0.11,-7,-6.84,0.15,-0.28,-0.42,-0.13,,6.86,,183.47,0.23,1578,1.19,1191,0.415,1722,0.29,1391,0.0185,無,0,無,0
SK-1216C0,OL,5,N,0.83,27.04,27.51,0.47,-7,-6.88,0.12,-0.28,-0.51,-0.23,,6.9,,184.27,0.43,1578,1.19,1191,0.42,1722,0.29,1391,0.018,無,0,無,0
SK-1216C0,OL,5,N,0.83,27.04,27.5,0.45,-7,-6.99,0,-0.28,-0.48,-0.2,,7.01,,183.92,0.38,1578,1.19,1191,0.42,1722,0.29,1391,0.175,無,0,無,0
SW-80264C0,TQ,7,Y,1.04,49.4,51.04,1.64,-23,-19.49,3.51,-27.32,-33.18,-5.86,,38.48,,239.57,4.24,1585,2,1587,1,1580,0.5,無,0,無,0,無,0
SW-80264C0,TQ,7,Y,1.04,49.4,50.34,0.94,-23,-23.77,-0.77,-27.32,-27.65,-0.33,,36.46,,229.31,0.6,1585,2,1587,1.15,1580,0.48,1191,0.012,無,0,無,0
SW-80264C0,TQ,7,Y,1.04,49.4,49.95,0.55,-23,-19.36,3.64,-27.32,-33.18,-5.86,,38.41,,239.73,4.23,1585,2,1589,1,1580,0.5,無,0,無,0,無,0
SW-80264C0,TQ,7,Y,1.04,49.4,50.32,0.92,-23,-27.65,-4.64,-27.32,-22.32,5,,35.53,,218.92,4.36,1585,2,1587,1,1580,0.5,1191,0.03,無,0,無,0
SW-80264C0,TQ,7,Y,1.04,49.4,50.74,1.35,-23,-21.44,1.56,-27.32,-30.95,-3.63,,37.65,,235.29,2.44,1585,2,1587,1.15,1580,0.45,1191,0.005,無,0,無,0
SW-80264C0,TQ,7,Y,1.04,49.4,50.67,1.27,-23,-23.12,-0.11,-27.32,-28.67,-1.34,,36.82,,231.12,0.92,1585,2,1587,1.15,1580,0.45,1191,0.01,無,0,無,0
SW-80264C0,TQ,7,Y,1.04,49.4,49.95,0.55,-23,-24.64,-1.63,-27.32,-26.4,0.92,,36.11,,226.98,1.21,1585,2,1587,1.15,1580,0.5,1191,0.015,無,0,無,0
SW-80264C0,TQ,7,Y,1.04,49.4,49.8,0.41,-23,-25.4,-2.4,-27.32,-25.29,2.03,,35.84,,224.87,2.01,1585,2,1587,1.15,1580,0.5,1191,0.02,無,0,無,0
SW-80264C0,TQ,7,Y,1.04,49.4,50.13,0.74,-23,-23.6,-0.6,-27.32,-27.99,-0.67,,36.61,,229.86,0.53,1585,2,1587,1.15,1580,0.5,1191,0.012,無,0,無,0
SW-80264C0,TQ,7,Y,1.04,49.4,50.41,1.02,-23,-23.82,-0.81,-27.32,-27.72,-0.4,,36.55,,229.33,0.65,1585,2,1587,1.2,1580,0.45,1191,0.012,無,0,無,0
SW-80264C0,TQ,7,Y,1.04,49.4,50.33,0.93,-23,-23.74,-0.74,-27.32,-27.66,-0.34,,36.45,,229.37,0.59,1585,2.2,1587,1,1580,0.5,1191,0.011,無,0,無,0
SCK-4482,PU,6,Y,0.69,23.46,24.01,0.55,10.48,10.38,-0.1,-1.04,-0.8,0.24,,10.42,,355.57,0.49,1722,1.2,1578,1.15,1384,0.9,1391,0.55,無,0,無,0
SCK-4482,PU,6,Y,0.69,23.46,23.94,0.48,10.48,10.08,-0.4,-1.04,-1.17,-0.13,,10.15,,353.37,0.51,1578,1.2,1722,1.2,1384,0.92,1391,0.57,無,0,無,0
SCK-4482,PU,6,Y,0.69,23.46,23.98,0.52,10.48,10.16,-0.32,-1.04,-0.93,0.11,,10.2,,354.78,0.48,1722,1.25,1578,1.2,1384,0.92,1391,0.57,無,0,無,0
SCK-4482,PU,6,Y,0.69,23.46,23.78,0.32,10.48,10.2,-0.28,-1.04,-0.35,0.69,,10.21,,358.04,0.83,1722,1.3,1578,1.2,1384,0.97,1391,0.57,無,0,無,0
SCK-4482,PU,6,Y,0.69,23.46,23.51,0.05,10.48,10.42,-0.06,-1.04,-0.48,0.56,,10.43,,357.35,0.62,1722,1.3,1578,1.2,1384,1.05,1391,0.6,無,0,無,0
SCK-4482,PU,6,Y,0.69,23.46,23.13,-0.33,10.48,10.26,-0.22,-1.04,-0.73,0.31,,10.29,,355.92,0.45,1722,1.3,1578,1.26,1384,1.1,1391,0.6,無,0,無,0
SCK-4482,PU,6,Y,0.69,23.46,23.23,-0.23,10.48,10.32,-0.16,-1.04,-0.72,0.32,,10.35,,355.99,0.41,1722,1.3,1578,1.26,1384,1.1,1391,0.6,無,0,無,0
SCK-3724,RE,7,Y,0.69,27.04,27.06,0.03,26.04,26.52,0.48,1.16,1.4,0.24,,,,,0.31,1383,2.92,1384,2.9,1201,0.8,1567,0.8,無,0,無,0
SCK-2426,BR,2,N,1.04,52.87,52.44,-0.43,1.28,1.38,0.1,7.72,6.5,-1.22,,,,,1.2,1576,0.067,1142,0.042,1430,0.032,1201,0.014,無,0,無,0
SCK-2426,BR,2,N,1.04,52.87,51.67,-1.2,1.28,1.15,-0.13,7.72,6.28,-1.44,,,,,1.44,1576,0.18,1201,0.065,1142,0.06,1430,0.06,無,0,無,0
SCK-2426,BR,2,N,1.04,52.87,51.96,-0.91,1.28,1.23,-0.06,7.72,6.46,-1.27,,,,,1.25,1576,0.175,1201,0.065,1142,0.063,1430,0.06,無,0,無,0
SCK-2426,BR,2,N,1.04,52.87,51.87,-0.99,1.28,1.01,-0.28,7.72,6.74,-0.99,,,,,1.05,1576,0.18,1201,0.065,1142,0.06,1430,0.06,無,0,無,0
SCK-2426,BR,2,N,1.04,52.87,52.26,-0.61,1.28,1.1,-0.18,7.72,6.93,-0.79,,,,,0.8,1576,0.175,1142,0.065,1201,0.065,1430,0.06,無,0,無,0
SCK-2426,BR,2,N,1.04,52.87,52.4,-0.47,1.28,1.16,-0.12,7.72,6.99,-0.73,,,,,0.71,1576,0.175,1142,0.065,1201,0.065,1430,0.06,無,0,無,0
SCK-2426,BR,2,N,1.04,52.87,52.92,0.05,1.28,1.23,-0.05,7.72,7.53,-0.19,,,,,0.18,1576,0.175,1142,0.065,1201,0.065,1430,0.06,無,0,無,0
SCK-2426,BR,2,N,1.04,52.87,52.76,-0.11,1.28,1.22,-0.07,7.72,7.84,0.12,,,,,0.16,1576,0.175,1142,0.065,1201,0.065,1430,0.06,無,0,無,0
SCK-2426,BR,2,N,1.04,52.87,52.82,-0.04,1.28,1.4,0.11,7.72,7.6,-0.12,,,,,0.22,1576,0.175,1142,0.065,1201,0.065,1430,0.06,無,0,無,0
SCK-3344,WH,0,N,1.04,97.23,97.64,0.16,2.7,2.35,-0.21,-9.07,-7.89,0.69,,8.23,,286.57,0.63,1042,0.07,無,0,無,0,無,0,無,0,無,0
SCK-3344,WH,0,N,1.04,97.23,97.4,-0.08,2.7,2.52,-0.04,-9.07,-8.84,-0.25,,9.19,,285.9,0.26,1042,0.07,1053,0.01,無,0,無,0,無,0,無,0
SCK-3344,WH,0,N,1.04,97.23,96.68,-0.55,2.7,2.25,-0.45,-9.07,-7.71,1.36,,8.03,,286.3,1.24,1042,0.05,1053,0.01,無,0,無,0,無,0,無,0
SCK-3344,WH,0,N,1.04,97.23,96.73,-0.5,2.7,2.62,-0.08,-9.07,-9.2,-0.13,,9.57,,285.91,0.25,1042,0.07,1053,0.015,無,0,無,0,無,0,無,0
SCK-3344,WH,0,N,1.04,97.23,97.52,0.04,2.7,2.46,-0.1,-9.07,-8.67,-0.08,,9.01,,285.84,0.17,1042,0.063,1053,0.0135,無,0,無,0,無,0,無,0
SCK-3553AM1ST,BR,4,N,1.04,65.19,65.92,0.72,11.28,10.87,-0.41,41.36,42.52,1.16,,,,,0.78,1142,0.19,1201,0.095,1430,0.045,1565,0.014,無,0,無,0
SCK-3553AM1ST,BR,4,N,1.04,65.19,65.87,0.68,11.28,10.75,-0.52,41.36,42.55,1.19,,,,,0.85,1142,0.19,1201,0.095,1430,0.05,1565,0.015,無,0,無,0
SCK-3553AM1ST,BR,4,N,1.04,65.19,65.08,-0.12,11.28,11.05,-0.23,41.36,41.57,0.21,,,,,0.24,1142,0.19,1201,0.095,1430,0.05,1565,0.0148,無,0,無,0
SCK-3553AM1ST,BR,4,N,1.04,65.19,64.92,-0.27,11.28,11.25,-0.03,41.36,41.39,0.03,,,,,0.11,1142,0.19,1201,0.095,1430,0.05,1565,0.0145,無,0,無,0
SCK-3553AM1ST,BR,4,N,1.04,46.53,47.94,1.42,10.61,10.88,0.27,11.01,11.6,0.59,,,,,0.87,1430,0.23,1191,0.19,1724,0.17,1576,0.14,無,0,無,0
SCK-3553AM1ST,BR,4,N,1.04,46.53,47.38,0.86,10.61,10.64,0.02,11.01,11.77,0.76,,,,,0.98,1430,0.24,1191,0.2,1724,0.178,1576,0.15,無,0,無,0
SCK-3553AM1ST,BR,4,N,1.04,46.53,46.48,-0.04,10.61,10.62,0.01,11.01,11.6,0.59,,,,,0.7,1430,0.253,1191,0.21,1724,0.187,1576,0.16,無,0,無,0
SCK-3553AM1ST,BR,4,N,1.04,46.53,46.46,-0.07,10.61,10.63,0.02,11.01,10.94,-0.07,,,,,0.1,1430,0.253,1191,0.2,1724,0.187,1576,0.16,無,0,無,0
SCK-3553AM1ST,GR,3,N,1.04,60.11,60.4,0.28,-7.22,-7.44,-0.22,4.57,4.55,-0.02,,,,,0.24,1565,0.132,1191,0.058,1201,0.0253,1430,0.0245,無,0,無,0
SCK-3928,BL,1,N,1.04,83.18,83.38,0.2,-9.08,-8.86,0.21,-8.3,-7.27,1.03,,11.46,,219.37,0.91,1580,0.048,1310,0.0089,1111,0.0035,無,0,無,0,無,0
SCK-3928,BL,1,N,1.04,83.18,83.34,0.16,-9.08,-9.12,-0.05,-8.3,-8.64,-0.34,,12.56,,223.43,0.3,1580,0.05,1310,0.008,1111,0.002,無,0,無,0,無,0
SCK-3928,BL,1,N,1.04,83.18,83.24,0.06,-9.08,-9.24,-0.16,-8.3,-8.37,-0.07,,12.47,,222.18,0.14,1580,0.05,1310,0.008,1111,0.0022,無,0,無,0,無,0
SCK-3928,BL,1,N,1.04,83.18,83.04,-0.14,-9.08,-9.37,-0.29,-8.3,-8.11,0.19,,12.39,,220.87,0.36,1580,0.052,1310,0.0089,1111,0.0035,無,0,無,0,無,0
SCK-3928,BL,1,N,1.04,83.18,83.15,-0.03,-9.08,-9.52,-0.44,-8.3,-8.02,0.28,,12.44,,220.11,0.53,1580,0.052,1310,0.0085,1111,0.0035,無,0,無,0,無,0
SCK-3928,BL,1,N,1.04,83.18,82.78,-0.4,-9.08,-9.28,-0.2,-8.3,-8.09,0.21,,12.31,,221.09,0.33,1580,0.052,1310,0.0089,1111,0.0033,無,0,無,0,無,0
SCK-3928,BL,1,N,1.04,83.18,83.33,0.15,-9.08,-9.01,0.07,-8.3,-7.98,0.32,,12.03,,221.52,0.29,1580,0.05,1310,0.0085,1111,0.003,無,0,無,0,無,0
SCK-3928,BL,1,N,1.04,83.18,82.99,-0.19,-9.08,-9.39,-0.32,-8.3,-8.16,0.14,,12.44,,220.99,0.35,1580,0.05,1310,0.008,1111,0.0025,無,0,無,0,無,0
SCK-3928,BL,1,N,1.04,83.18,83.32,0.14,-9.08,-9.43,-0.35,-8.3,-8.09,0.21,,12.42,,220.64,0.41,1580,0.0515,1310,0.008,1111,0.0028,無,0,無,0,無,0
SCK-3928,BL,1,N,1.04,83.18,83.23,0.05,-9.08,-9.61,-0.54,-8.3,-8.58,-0.28,,12.88,,221.74,0.47,1580,0.0515,1310,0.008,1111,0.0025,無,0,無,0,無,0
SCK-3928,BL,1,N,1.04,83.18,83.37,0.19,-9.08,-9.31,-0.24,-8.3,-8.65,-0.35,,12.71,,222.88,0.33,1580,0.0515,1310,0.008,1111,0.0022,無,0,無,0,無,0
SCK-3928,BL,1,N,1.04,83.18,83.27,0.09,-9.08,-9.21,-0.13,-8.3,-8.36,-0.07,,12.44,,222.25,0.12,1580,0.05,1310,0.008,1111,0.0022,無,0,無,0,無,0
SCK-3415,TQ,5,N,2.5,24.59,24.92,0.33,-1.54,-1.19,0.35,-12.42,-13.08,-0.65,,,,,0.72,1578,0.85,1862,0.7,1391,0.15,1191,0.017,無,0,無,0
SCK-3415,TQ,5,N,2.5,24.59,24.49,-0.1,-1.54,-1.3,0.24,-12.42,-12.78,-0.36,,,,,0.42,1578,0.85,1862,0.7,1391,0.15,1191,0.0185,無,0,無,0
SCK-3415,TQ,5,N,2.5,24.59,24.67,0.08,-1.54,-1.33,0.21,-12.42,-12.8,-0.37,,,,,0.4,1578,0.85,1862,0.7,1391,0.14,1191,0.0185,無,0,無,0
SCK-3415,TQ,5,N,2.5,24.59,24.65,-0.14,-1.54,-1.46,0.16,-12.42,-12.44,0.05,,,,,0.21,1578,0.9,1862,0.72,1391,0.15,1191,0.0195,無,0,無,0
SCK-3415,GY,1,N,2.5,73.71,73.86,0.15,-1.13,-1.06,0.08,-3.74,-3.72,0.02,,,,,0.11,1510,0.032,1310,0.028,1111,0.023,無,0,無,0,無,0
SCK-3415,GR,1,N,2.5,77.28,77.08,-0.21,-13.13,-12.85,0.28,17.38,17.67,0.28,,,,,0.32,1565,0.032,1142,0.026,1201,0.005,無,0,無,0,無,0
SCK-3415,GR,1,N,2.5,77.28,76.75,-0.53,-13.13,-13.12,0,17.38,17.85,0.47,,,,,0.37,1565,0.029,1142,0.024,1201,0.005,無,0,無,0,無,0
SCK-3415,GR,1,N,2.5,77.28,76.78,-0.51,-13.13,-13.38,-0.26,17.38,18.21,0.83,,,,,0.56,1565,0.027,1142,0.025,1201,0.0045,無,0,無,0,無,0
SCK-3415,GR,1,N,2.5,77.28,77.21,-0.07,-13.13,-13.07,0.06,17.38,17.77,0.39,,,,,0.27,1565,0.038,1142,0.025,1201,0.005,無,0,無,0,無,0
SCK-3415,GR,1,N,2.5,77.28,77.08,-0.2,-13.13,-13.01,0.12,17.38,17.69,0.3,,,,,0.25,1565,0.029,1142,0.025,1201,0.005,無,0,無,0,無,0
SK-1133C0,PU,2,N,0.83,68.29,67.91,-0.38,5.53,5.34,-0.19,-26.68,-25.6,1.09,,,,,0.6,1580,0.112,1681,0.053,1391,0.027,無,0,無,0,無,0
SK-1133C0,PU,2,N,0.83,68.29,68.3,0.01,5.53,4.35,-1.18,-26.68,-25.96,0.73,,,,,1.07,1580,0.1,1681,0.04,1391,0.022,無,0,無,0,無,0
SK-1133C0,PU,2,N,0.83,68.29,67.19,-1.09,5.53,4.69,-0.84,-26.68,-26.77,-0.08,,,,,0.89,1580,0.11,1681,0.05,1391,0.024,無,0,無,0,無,0
SK-1133C0,PU,2,N,0.83,68.29,67.84,-0.45,5.53,5.32,-0.21,-26.68,-25.68,1.01,,,,,0.57,1580,0.12,1681,0.055,1391,0.026,無,0,無,0,無,0
SK-1133C0,PU,2,N,0.83,68.29,67.54,-0.75,5.53,5.57,0.04,-26.68,-25.55,1.14,,,,,0.69,1580,0.11,1681,0.052,1391,0.027,無,0,無,0,無,0
SK-1133C0,PU,2,N,0.83,68.29,67.87,-0.42,5.53,5.33,-0.2,-26.68,-25.68,1.01,,,,,0.56,1580,0.11,1681,0.052,1391,0.028,無,0,無,0,無,0
SK-1133C0,GR,2,N,0.83,80.4,77.8,-2.6,-7.7,-6.95,0.76,12.1,12.42,0.32,,,,,1.24,1111,0.108,1510,0.05,1310,0.039,無,0,無,0,無,0
SK-1133C0,GR,2,N,0.83,80.4,77.82,-2.58,-7.7,-7.54,0.17,12.1,12.31,0.2,,,,,0.98,1111,0.038,1510,0.03,1310,0.02,無,0,無,0,無,0
SK-1133C0,GR,2,N,0.83,80.4,77.87,-2.53,-7.7,-8.18,-0.47,12.1,12.55,0.44,,,,,1.04,1111,0.032,1510,0.025,1310,0.016,無,0,無,0,無,0
SK-1133C0,GR,2,N,0.83,80.4,77.83,-2.58,-7.7,-7.53,0.17,12.1,12.29,0.18,,,,,0.98,1111,0.097,1510,0.046,1310,0.0324,無,0,無,0,無,0
SK-1133C0,GR,2,N,0.83,80.4,77.92,-2.48,-7.7,-8.17,-0.47,12.1,12.56,0.45,,,,,1.03,1111,0.092,1510,0.0433,1310,0.0305,無,0,無,0,無,0
SK-1133C0,GR,2,N,0.83,80.4,78.72,-1.68,-7.7,-8.74,-1.03,12.1,12.83,0.73,,,,,1.13,1111,0.09,1510,0.0433,1310,0.0315,無,0,無,0,無,0
SK-1133C0,GR,2,N,0.83,80.4,79.5,-0.91,-7.7,-8.64,-0.93,12.1,12.7,0.6,,,,,0.9,1111,0.086,1510,0.0415,1310,0.031,無,0,無,0,無,0
SK-1133C0,GR,2,N,0.83,80.4,79.81,-0.59,-7.7,-7.76,-0.06,12.1,12.2,0.1,,,,,0.23,1111,0.086,1510,0.043,1310,0.033,無,0,無,0,無,0
SK-1133C0,KH,2,N,0.83,64.19,61.23,-2.96,3.76,3.83,0.07,5.38,5.16,-0.23,,,,,1.25,1576,0.096,1430,0.044,1142,0.035,1722,0.0327,無,0,無,0
SK-1133C0,KH,2,N,0.83,64.19,63.79,-0.4,3.76,3.68,-0.08,5.38,5.58,0.19,,,,,0.36,1576,0.08,1430,0.037,1142,0.03,1722,0.027,無,0,無,0
SW-80352C01,BK,7,Y,0.69,17.61,17.89,0.28,1.02,0.99,-0.03,0.01,-0.15,-0.15,,,,,0.34,1862,3,1722,0.59,1391,0.23,1191,0.07,無,0,無,0
SW-80352C01,BK,7,Y,0.69,17.61,17.03,-0.58,1.02,1.17,0.15,0.01,0.16,0.15,,,,,0.61,1862,3.5,1722,0.58,1391,0.2,1191,0.07,無,0,無,0
SW-80352C01,BK,7,Y,0.69,17.61,17.96,0.36,1.02,1,-0.02,0.01,-0.14,-0.15,,,,,0.39,1862,3.5,1722,0.58,1391,0.19,1191,0.071,無,0,無,0
SW-80352C01,BK,7,Y,0.69,17.61,17.07,-0.54,1.02,1.24,0.22,0.01,0.22,0.22,,,,,0.66,1862,3.5,1722,0.58,1391,0.18,1191,0.072,無,0,無,0
SW-80352C01,BK,7,Y,0.69,17.61,17.16,-0.45,1.02,1.18,0.16,0.01,0.26,0.25,,,,,0.59,1862,3.5,1722,0.58,1391,0.15,1191,0.072,無,0,無,0
SW-80352C01,BK,7,Y,0.69,17.61,17.22,-0.38,1.02,1.23,0.21,0.01,0.26,0.26,,,,,0.59,1862,3.5,1722,0.62,1391,0.15,1191,0.075,無,0,無,0
SW-80352C01,GY,2,Y,0.69,52.91,52.84,-0.06,-0.65,-0.53,0.12,8.56,8.49,-0.07,,,,,0.17,1565,0.198,1191,0.108,1391,0.0805,1722,0.058,無,0,無,0
SK-1085,WH,3,N,0.52,94.47,92.33,-2.14,-1.43,-1.68,-0.26,5.78,6.16,0.38,,,,,0.88,1111,0.009,1310,0.0031,1510,0.0027,無,0,無,0,無,0
SK-1085,GY,1,N,0.52,79.49,78,-1.49,0.52,0.89,0.37,-1.95,-2.08,-0.12,,,,,0.76,1310,0.037,1510,0.031,1111,0.023,無,0,無,0,無,0
SK-1085,OR,1,N,0.52,89.52,88.93,-0.6,3.36,3.72,0.36,10.87,10.41,-0.46,,,,,0.82,1111,0.02,1310,0.014,1510,0.0015,無,0,無,0,無,0
SK-1085,OR,1,N,0.52,89.52,88.53,-1,3.36,3.78,0.42,10.87,10.44,-0.43,,,,,0.92,1111,0.021,1310,0.014,1510,0.0015,無,0,無,0,無,0
SK-1085,OR,1,N,0.52,89.52,88.03,-1.49,3.36,3.82,0.46,10.87,11.01,0.14,,,,,0.83,1111,0.022,1310,0.014,1510,0.0015,無,0,無,0,無,0
SK-1085,KH,4,N,0.52,47.5,44.83,-2.67,9.56,9.81,0.25,26.53,26.48,-0.05,,,,,1.29,1724,0.93,1565,0.18,1142,0.037,無,0,無,0,無,0
SK-1085,GY,2,N,0.52,69.25,68.54,-0.7,-0.43,-0.26,0.17,0.49,0.6,0.11,,0.65,,113.68,0.41,1310,0.102,1510,0.0864,1111,0.084,無,0,無,0,無,0
SK-1085,GY,2,N,0.52,69.25,67.75,-1.5,-0.43,-0.17,0.26,0.49,0.55,0.06,,0.58,,107.32,0.71,1310,0.102,1510,0.088,1111,0.0865,無,0,無,0,無,0
SK-1085,GY,2,N,0.52,69.25,66.19,-3.06,-0.43,-0.04,0.39,0.49,0.57,0.07,,0.57,,94.53,1.33,1310,0.117,1510,0.101,1111,0.0995,無,0,無,0,無,0
SK-1085,GY,2,N,0.52,69.25,66.32,-2.93,-0.43,0.02,0.46,0.49,1.42,0.93,,1.42,,89.05,1.91,1310,0.113,1510,0.101,1111,0.0995,無,0,無,0,無,0
SK-1085,GY,2,N,0.52,69.25,66.7,-2.55,-0.43,-0.27,0.16,0.49,1.32,0.83,,1.35,,101.69,1.59,1310,0.11,1510,0.101,1111,0.0995,無,0,無,0,無,0
SK-1085,GY,2,N,0.52,69.25,68.41,-0.83,-0.43,0.24,0.68,0.49,0.43,-0.06,,0.49,,60.84,1.05,1310,0.106,1510,0.101,1111,0.099,無,0,無,0,無,0
SK-1085,GY,2,N,0.52,69.25,66.74,-2.51,-0.43,0.29,0.72,0.49,0.55,0.05,,0.62,,62.41,1.45,1310,0.105,1510,0.103,1111,0.099,無,0,無,0,無,0
SK-1085,GY,2,N,0.52,69.25,64.8,-4.45,-0.43,-1.88,-1.45,0.49,0.57,0.08,,1.96,,163.17,2.75,1310,0.102,1510,0.0864,1111,0.084,無,0,無,0,無,0
SK-1085,GY,2,N,0.52,69.25,65.36,-3.89,-0.43,0.16,0.59,0.49,0.19,-0.3,,0.25,,50.33,1.81,1310,0.122,1510,0.103,1111,0.1,無,0,無,0,無,0
SK-1085,GY,2,N,0.52,69.25,66.33,-2.92,-0.43,-0.72,-0.29,0.49,0.52,0.03,,0.89,,144.19,1.22,1310,0.113,1510,0.103,1111,0.102,無,0,無,0,無,0
SK-1085,GY,2,N,0.52,71.78,71.58,-0.2,2.75,3.98,1.23,7.7,8.11,0.41,,,,,1.77,1111,0.1026,1310,0.101,1510,0.047,無,0,無,0,無,0
SK-1085,GY,2,N,0.52,71.78,70.07,-1.71,2.75,2.69,-0.05,7.7,8.15,0.45,,,,,0.82,1111,0.107,1310,0.096,1510,0.0495,無,0,無,0,無,0
SK-1085,GY,3,N,0.52,46.96,45.16,-2.6,1.65,1.63,0.04,6.7,7.49,0.2,,,,,1.24,1565,0.32,1391,0.266,1142,0.19,無,0,無,0,無,0
SCK-4023AM6,BK,7,N,1.25,17.96,18.43,0.47,0.95,1.02,0.08,-0.05,0,0.05,,1.02,,0.11,0.44,1862,2.3,1391,0.72,1191,0.405,1724,0.38,無,0,無,0
SCK-4023AM6,BK,7,N,1.25,17.96,18.38,0.42,0.95,1.01,0.06,-0.05,0.03,0.08,,1.01,,1.82,0.41,1862,2.3,1391,0.72,1191,0.405,1724,0.38,無,0,無,0
SK-1008C0,RE,2,N,0.83,55.1,55.37,0.27,17.86,17.69,-0.16,3.07,3.01,-0.05,,,,,0.16,1391,0.25,1565,0.083,1191,0.07,無,0,無,0,無,0
SK-1008C0,RE,3,N,0.83,55.1,55.37,0.27,17.86,17.69,-0.16,3.07,3.01,-0.05,,,,,0.16,1391,0.25,1565,0.083,1191,0.07,無,0,無,0,無,0
SK-1008C0,GR,4,N,0.83,41.06,40.43,-0.63,-23.22,-24.24,-1.03,3.31,2.81,-0.5,,,,,0.78,1585,0.725,1576,0.705,1191,0.385,無,0,無,0,無,0
SK-1008C0,GR,4,N,0.83,41.06,41.39,0.33,-23.22,-23.87,-0.65,3.31,2.95,-0.36,,,,,0.5,1576,0.7,1585,0.7,1191,0.385,無,0,無,0,無,0
SK-1008C0,GR,4,N,0.83,41.06,41.26,0.2,-23.22,-23.43,-0.21,3.31,2.79,-0.52,,,,,0.42,1576,0.7,1585,0.7,1191,0.385,1391,0.01,無,0,無,0
SK-1008C0,GR,4,N,0.83,41.06,40.41,-0.65,-23.22,-23.39,-0.18,3.31,3.41,0.1,,,,,0.36,1576,0.7,1585,0.7,1191,0.4,1391,0.012,無,0,無,0
SK-1008C0,GR,4,N,0.83,41.06,40.36,-0.7,-23.22,-23.45,-0.24,3.31,3.43,0.12,,,,,0.39,1576,0.7,1585,0.7,1191,0.4,1391,0.014,無,0,無,0
SK-1008C0,GR,4,N,0.83,41.06,40.47,-0.59,-23.22,-23.31,-0.1,3.31,3.38,0.07,,,,,0.31,1576,0.7,1585,0.7,1191,0.4,1391,0.012,無,0,無,0
SK-1008C0,GR,4,N,0.83,41.06,41.49,0.43,-23.22,-23.48,-0.27,3.31,3.35,0.04,,,,,0.27,1576,0.665,1585,0.665,1191,0.38,1391,0.0116,無,0,無,0
SW-80347C0,BK,7,Y,1.04,16.43,15.44,-0.99,-1.24,-0.68,0.56,-3.28,-2.26,1.02,,2.36,,253.29,1.67,1862,2.4,1578,1.35,1391,0.6,1191,0.5,無,0,無,0
SW-80347C0,BK,7,Y,1.04,16.43,15.63,-0.81,-1.24,-0.77,0.47,-3.28,-2.47,0.81,,2.59,,252.71,1.35,1862,2.4,1578,1.35,1391,0.57,1191,0.47,無,0,無,0
SW-80347C0,BK,7,Y,1.04,16.43,16.91,0.48,-1.24,-0.66,0.58,-3.28,-2.95,0.33,,3.02,,257.41,0.95,1862,3,1578,0.5,1391,0.3,1191,0.2,無,0,無,0
SW-80347C0,BK,7,Y,1.04,16.43,17.34,0.9,-1.24,-1.33,-0.09,-3.28,-2.22,1.06,,2.59,,239.02,1.55,1862,3,1588,0.5,1391,0.3,1191,0.2,無,0,無,0
SW-80347C0,BK,7,Y,1.04,16.43,16.71,0.28,-1.24,-1.02,0.22,-3.28,-2.36,0.92,,2.57,,246.55,1.14,1862,3.2,1588,0.5,1391,0.29,1191,0.17,無,0,無,0
SW-80347C0,BK,7,Y,1.04,16.43,16.51,0.08,-1.24,-0.82,0.42,-3.28,-2.5,0.78,,2.63,,251.83,1.05,1862,3.4,1588,0.5,1391,0.28,1191,0.14,無,0,無,0
SW-80347C0,BK,7,Y,1.04,16.43,16.98,0.55,-1.24,-0.62,0.62,-3.28,-2.79,0.49,,2.86,,257.46,1.1,1862,2.3,1578,1.3,1391,0.5,1191,0.4,無,0,無,0
SW-80347C0,BK,7,Y,1.04,16.43,17.04,0.61,-1.24,-0.61,0.63,-3.28,-2.99,0.3,,3.05,,258.45,1.04,1862,2.3,1578,1.3,1391,0.45,1191,0.35,無,0,無,0
SW-80347C0,BK,7,Y,1.04,16.43,16.63,0.19,-1.24,-1.01,0.23,-3.28,-3.4,-0.12,,3.55,,253.48,0.39,1862,2.6,1578,1.3,1191,0.22,1391,0.1,無,0,無,0
SW-80352C01,OL,4,Y,0.69,34.2,33.25,-0.95,-1.32,-0.92,0.4,8.48,9.09,0.6,,,,,0.95,1578,0.495,1191,0.435,1201,0.265,1391,0.235,無,0,無,0
SW-80352C01,OL,4,Y,0.69,34.2,35.01,0.81,-1.32,-1.37,-0.04,8.48,8.95,0.46,,,,,0.62,1578,0.495,1191,0.435,1201,0.26,1391,0.22,無,0,無,0
SW-80352C01,OL,4,Y,0.69,34.2,35.48,1.28,-1.32,-1.47,-0.15,8.48,9.07,0.59,,,,,0.91,1578,0.47,1191,0.408,1201,0.247,1391,0.21,無,0,無,0
SW-80352C01,OL,4,Y,0.69,34.2,34.26,0.06,-1.32,-1.36,-0.03,8.48,9,0.52,,,,,0.46,1578,0.495,1191,0.42,1201,0.258,1391,0.22,無,0,無,0
SW-80352C01,OL,4,Y,0.69,34.2,34.09,-0.11,-1.32,-1.33,-0.01,8.48,8.96,0.47,,,,,0.43,1578,0.495,1191,0.415,1201,0.256,1391,0.22,無,0,無,0
SW-80352C01,OL,4,Y,0.69,34.2,34.6,0.4,-1.32,-1.39,-0.07,8.48,8.69,0.2,,,,,0.3,1578,0.495,1191,0.41,1201,0.256,1391,0.21,無,0,無,0
SW-80352C01,BL,2,Y,0.69,52.85,52.72,-0.13,-6.73,-7.12,-0.39,-4.83,-4.77,0.06,,8.58,,213.82,0.41,1565,0.3,1391,0.069,1142,0.054,無,0,無,0,無,0
SW-80352C01,BL,2,Y,0.69,52.85,53.14,0.28,-6.73,-6.69,0.04,-4.83,-5.47,-0.64,,8.64,,219.23,0.69,1565,0.29,1391,0.068,1142,0.053,無,0,無,0,無,0
SW-80352C01,BL,2,Y,0.69,52.85,53.34,0.49,-6.73,-6.85,-0.12,-4.83,-4.81,0.02,,8.37,,215.06,0.25,1565,0.3,1391,0.069,1142,0.054,無,0,無,0,無,0
SCK-4023AM6,BL,2,N,1.25,52.26,52.07,-0.18,-6.71,-6.93,-0.22,-4.6,-4.57,0.04,,8.3,,213.37,0.25,1565,0.28,1391,0.066,1142,0.054,無,0,無,0,無,0
SCK-587,TQ,7,Y,1.04,41.98,42.15,0.18,-7.94,-7.08,0.86,-38.09,-40.2,-2.11,38.91,40.82,258.23,260.01,1.2,1589,2.2,1567,1,1585,1,1191,0.007,無,0,無,0
SCK-587,TQ,7,Y,1.04,41.98,41.86,-0.12,-7.94,-7.86,0.08,-38.09,-39.35,-1.26,38.91,40.13,258.23,258.7,0.58,1589,2.2,1567,1,1585,1,1191,0.01,無,0,無,0
SCK-587,TQ,7,Y,1.04,41.98,40.98,-1,-7.94,-6.92,1.02,-38.09,-39.85,-1.76,38.91,40.44,258.23,260.15,1.24,1589,2.2,1567,1.1,1585,1,1191,0.01,無,0,無,0
SCK-587,TQ,7,Y,1.04,41.98,42.05,0.07,-7.94,-7.96,-0.02,-38.09,-39.04,-0.95,38.91,39.84,258.23,258.48,0.43,1589,2.2,1567,1,1585,1,1191,0.011,無,0,無,0
SCK-587,TQ,7,Y,1.04,41.98,42.38,0.41,-7.94,-8.43,-0.49,-38.09,-38.7,-0.61,38.91,39.61,258.23,257.72,0.44,1589,2.2,1567,1,1585,1,1191,0.012,無,0,無,0
SCK-587,TQ,7,Y,1.04,41.98,42.16,0.18,-7.94,-8.29,-0.35,-38.09,-38.69,-0.6,38.91,39.57,258.23,257.91,0.34,1589,2.2,1567,1,1585,1,1191,0.012,無,0,無,0
SCK-3795SAM1,RE,1,N,1.04,78.42,78.25,-0.17,11.22,10.6,-0.62,3.84,3.86,0.02,,,,,0.53,1310,0.058,1111,0.0255,1510,0.0075,1580,0.0019,無,0,無,0
SCK-3521,BR,4,N,1.04,34.48,31.24,-3.24,4.84,4.73,-0.11,7.29,7.26,-0.03,,,,,1.85,1576,0.52,1191,0.28,1391,0.255,1722,0.215,無,0,無,0
SCK-3521,BL,4,N,1.04,21.8,21.55,-0.25,8.64,8.87,0.23,-27.33,-27.31,0.01,,,,,0.28,1588,0.73,1578,0.462,1640,0.35,1722,0.058,無,0,無,0
SCK-3521,BL,4,N,1.04,21.8,21.99,0.19,8.64,8.77,0.13,-27.33,-27.06,0.27,,,,,0.26,1588,0.84,1578,0.53,1640,0.39,1722,0.0667,無,0,無,0
SCK-3521,BL,4,N,1.04,21.8,19.98,-1.82,8.64,8.54,-0.1,-27.33,-26.04,1.29,,,,,1.57,1588,0.84,1578,0.55,1640,0.42,1722,0.064,無,0,無,0
SCK-3521,BL,4,N,1.04,21.8,19.72,-2.08,8.64,9.04,0.4,-27.33,-26.93,0.39,,,,,1.67,1588,0.84,1578,0.55,1640,0.44,1722,0.06,無,0,無,0
SCK-3521,BL,4,N,1.04,21.8,18.78,-3.02,8.64,8.46,-0.18,-27.33,-26.57,0.75,,,,,2.37,1588,0.88,1578,0.55,1640,0.4,1722,0.055,無,0,無,0
SCK-3521,BL,4,N,1.04,21.8,18.76,-3.03,8.64,8.5,-0.15,-27.33,-26.57,0.75,,,,,2.38,1588,0.9,1578,0.6,1640,0.38,1722,0.05,無,0,無,0
SCK-3521,BL,4,N,1.04,21.8,18.8,-3,8.64,8.09,-0.56,-27.33,-26.15,1.17,,,,,2.42,1588,0.9,1578,0.65,1640,0.38,1722,0.05,無,0,無,0
SCK-3521,BL,4,N,1.04,21.8,20.07,-1.73,8.64,8.51,-0.13,-27.33,-27.33,0,,,,,1.34,1588,0.9,1578,0.6,1640,0.38,1722,0.045,無,0,無,0
SCK-3521,BL,4,N,1.04,21.8,19.27,-2.53,8.64,8.5,-0.15,-27.33,-26.97,0.36,,,,,1.97,1588,0.9,1578,0.65,1640,0.4,1722,0.045,無,0,無,0
SCK-3344,GY,1,N,1.04,80.97,81.32,0.35,1.21,1.5,0.28,2.87,2.52,-0.35,,2.93,,59.26,0.62,1310,0.0225,1111,0.019,1510,0.0135,無,0,無,0,無,0
SCK-3344,GY,1,N,1.04,80.97,81.41,0.45,1.21,1.78,0.57,2.87,3.33,0.46,,3.78,,61.84,0.92,1310,0.0225,1111,0.02,1510,0.0135,無,0,無,0,無,0
SCK-3344,GY,1,N,1.04,80.97,81.02,0.05,1.21,1.75,0.54,2.87,3.09,0.22,,3.55,,60.42,0.75,1310,0.0238,1111,0.021,1510,0.0143,無,0,無,0,無,0
SCK-3344,GY,1,N,1.04,80.97,80.76,-0.2,1.21,1.3,0.09,2.87,3.24,0.37,,3.49,,68.15,0.47,1310,0.0235,1111,0.022,1510,0.015,無,0,無,0,無,0
SCK-3344,GY,1,N,1.04,80.97,80.73,-0.24,1.21,1.3,0.09,2.87,3.23,0.36,,3.48,,68.04,0.46,1310,0.0235,1111,0.0215,1510,0.015,無,0,無,0,無,0
SW-80282C0,RW,7,Y,0.69,28.08,28.37,0.3,16.21,15.86,-0.35,1.74,1.62,-0.12,,15.94,,5.83,0.32,1383,1.68,1576,0.62,1191,0.44,1391,0.41,無,0,無,0
SW-80282C0,RW,7,Y,0.69,28.08,27.94,-0.14,16.21,15.94,-0.27,1.74,1.75,0.01,,16.03,,6.26,0.2,1383,1.68,1576,0.62,1191,0.44,1391,0.41,無,0,無,0
SW-80282C0,KH,1,Y,0.69,78.8,78.49,-0.32,1.49,1.56,0.07,9.67,8.42,-1.25,,8.56,,79.53,1.11,1111,0.036,1310,0.025,1510,0.016,無,0,無,0,無,0
SW-80282C0,KH,1,Y,0.69,78.8,78.51,-0.3,1.49,1.28,-0.21,9.67,10.75,1.08,,10.82,,83.21,1.02,1111,0.04,1310,0.025,1510,0.016,無,0,無,0,無,0
SW-80282C0,KH,1,Y,0.69,78.8,78.74,-0.06,1.49,1.3,-0.19,9.67,10.97,1.3,,11.04,,83.26,1.19,1111,0.04,1310,0.025,1510,0.0156,無,0,無,0,無,0
SW-80282C0,KH,1,Y,0.69,78.8,78.74,-0.06,1.49,1.45,-0.04,9.67,10.3,0.63,,10.4,,82,0.55,1111,0.0385,1310,0.025,1510,0.0157,無,0,無,0,無,0
SW-80282C0,KH,1,Y,0.69,78.8,78.51,-0.3,1.49,1.62,0.13,9.67,9.98,0.31,,10.11,,80.78,0.32,1111,0.037,1310,0.025,1510,0.0157,無,0,無,0,無,0
SW-80282C0,KH,1,Y,0.69,78.8,78.61,-0.19,1.49,1.55,0.06,9.67,9.84,0.17,,9.96,,81.07,0.17,1111,0.037,1310,0.025,1510,0.0157,無,0,無,0,無,0
SCK-4457,BK,6,N,1.04,19.66,19.57,-0.09,-0.24,-0.42,-0.17,-1.71,-1.64,0.07,,1.69,,255.77,0.27,1862,2.6,1430,0.4,1191,0.25,無,0,無,0,無,0
SCK-4457,BK,6,N,1.04,19.66,19.64,-0.02,-0.24,-0.42,-0.17,-1.71,-1.65,0.06,,1.7,,255.85,0.25,1862,2.6,1430,0.4,1191,0.25,無,0,無,0,無,0
SK-1216C0,BL,2,N,0.83,68.41,67.83,-0.59,-4.08,-4.32,-0.24,-23.6,-23.64,-0.04,,24.03,,259.65,0.31,1580,0.213,1690,0.038,1430,0.03,1191,0.0008,無,0,無,0
SK-1216C0,BL,2,N,0.83,68.41,68.52,0.11,-4.08,-4.1,-0.02,-23.6,-23.36,0.24,,23.71,,260.06,0.15,1580,0.202,1690,0.036,1430,0.029,1191,0.0007,無,0,無,0
SK-1216C0,BL,2,N,0.83,68.41,68.43,0.01,-4.08,-4.13,-0.05,-23.6,-23.41,0.18,,23.78,,259.99,0.12,1580,0.202,1690,0.036,1430,0.029,1191,0.0006,無,0,無,0
SCK-1420,KH,1,N,0.69,80.06,81.06,1,0.28,0.83,0.55,10.68,10.51,-0.16,,10.55,,85.47,0.84,1111,0.0495,1310,0.029,1510,0.0132,無,0,無,0,無,0
SCK-1420,KH,1,N,0.69,80.06,80.75,0.69,0.28,0.79,0.51,10.68,11,0.32,,11.03,,85.91,0.75,1111,0.052,1310,0.029,1510,0.0132,無,0,無,0,無,0
SCK-1420,KH,1,N,0.69,80.06,80.64,0.58,0.28,0.37,0.09,10.68,10.81,0.13,,10.82,,88.02,0.27,1111,0.055,1310,0.0305,1510,0.0145,無,0,無,0,無,0
SCK-1420,KH,1,N,0.69,80.06,79.88,-0.18,0.28,0.49,0.21,10.68,11.21,0.54,,11.22,,87.51,0.51,1111,0.057,1310,0.0317,1510,0.015,無,0,無,0,無,0
SCK-1420,KH,1,N,0.69,80.06,79.83,-0.23,0.28,0.52,0.24,10.68,11.2,0.52,,11.21,,87.34,0.53,1111,0.0594,1310,0.0329,1510,0.0156,無,0,無,0,無,0
SCK-1420,KH,1,N,0.69,80.06,79.88,-0.18,0.28,0.51,0.23,10.68,11.19,0.52,,11.2,,87.39,0.51,1111,0.059,1310,0.0325,1510,0.0156,無,0,無,0,無,0
SCK-1420,KH,1,N,0.69,80.06,79.72,-0.35,0.28,0.73,0.45,10.68,11.63,0.96,,11.66,,86.41,0.97,1111,0.058,1310,0.032,1510,0.0156,無,0,無,0,無,0
SCK-1420,KH,1,N,0.69,80.06,80.25,0.19,0.28,0.3,0.01,10.68,11.09,0.41,,11.09,,88.47,0.34,1111,0.057,1310,0.031,1510,0.016,無,0,無,0,無,0
SCK-1420,KH,1,N,0.69,80.06,80.26,0.2,0.28,0.31,0.03,10.68,11.07,0.39,,11.07,,88.37,0.33,1111,0.055,1310,0.03,1510,0.0155,無,0,無,0,無,0
SCK-1420,KH,1,N,0.69,80.06,80.36,0.3,0.28,0.3,0.02,10.68,11.06,0.38,,11.06,,88.46,0.33,1111,0.0545,1310,0.03,1510,0.0155,無,0,無,0,無,0
SW-81105C0,GY,1,Y,1.04,65.97,66.69,0.73,-1.75,-0.56,1.2,-0.01,-0.98,-0.97,,,,,2.11,1310,0.0685,1510,0.067,1111,0.055,無,0,無,0,無,0
SW-81105C0,GY,1,Y,1.04,65.97,66.37,0.4,-1.75,-1.12,0.64,-0.01,-0.91,-0.9,,,,,1.5,1310,0.0685,1510,0.067,1111,0.055,無,0,無,0,無,0
SW-81105C0,GY,1,Y,1.04,65.97,65.9,-0.06,-1.75,-1.62,0.13,-0.01,-0.89,-0.88,,,,,1.21,1510,0.074,1310,0.067,1111,0.06,無,0,無,0,無,0
SW-81105C0,GY,1,Y,1.04,65.97,66.1,0.13,-1.75,-1.6,0.16,-0.01,-0.94,-0.93,,,,,1.28,1510,0.074,1310,0.067,1111,0.059,無,0,無,0,無,0
SW-81105C0,GY,1,Y,1.04,65.97,66.36,0.39,-1.75,-1.6,0.15,-0.01,-0.8,-0.79,,,,,1.1,1510,0.073,1310,0.067,1111,0.059,無,0,無,0,無,0
SW-81105C0,GY,1,Y,1.04,65.97,65.82,-0.14,-1.75,-1.72,0.03,-0.01,-0.11,-0.09,,,,,0.15,1510,0.073,1310,0.067,1111,0.061,無,0,無,0,無,0
SW-81105C0,GY,1,Y,1.04,65.97,66.06,0.09,-1.75,-1.79,-0.04,-0.01,-0.05,-0.04,,,,,0.08,1510,0.073,1310,0.067,1111,0.063,無,0,無,0,無,0
SW-8374C0,RE,2,N,1.04,66.21,66.19,-0.01,49.32,48.88,-0.45,29.37,29.24,-0.12,,,,,0.19,1353,0.328,1724,0.135,1021,0.07,1142,0.029,無,0,無,0
SW-8374C0,RE,2,N,1.04,66.21,65.89,-0.31,49.32,49.29,-0.03,29.37,29.03,-0.34,,,,,0.24,1353,0.328,1724,0.135,1021,0.07,1142,0.029,無,0,無,0
SW-8374C0,RE,2,N,1.04,66.21,65.82,-0.39,49.32,50.24,0.92,29.37,29.69,0.32,,,,,0.41,1353,0.34,1724,0.135,1021,0.08,1142,0.028,無,0,無,0
SW-8374C0,RE,2,N,1.04,66.21,65.79,-0.42,49.32,49.88,0.56,29.37,29.46,0.09,,,,,0.29,1353,0.33,1724,0.135,1021,0.074,1142,0.0275,無,0,無,0
SW-8374C0,RE,2,N,1.04,66.21,66.13,-0.08,49.32,49.26,-0.06,29.37,29.2,-0.17,,,,,0.1,1353,0.32,1724,0.135,1021,0.074,1142,0.028,無,0,無,0
SW-8374C0,RE,6,N,1.04,49.28,49.18,-0.11,57.74,57.59,-0.15,38.88,39.42,0.54,,,,,0.36,1353,2.8,1724,0.533,1142,0.11,1580,0.0022,無,0,無,0
SW-8374C0,OR,3,N,1.04,69.68,68.74,-0.94,15.98,16.17,0.19,67.91,69.08,1.17,,,,,0.55,1142,0.573,1201,0.252,1724,0.144,1580,0.023,無,0,無,0
SW-8374C0,OR,3,N,1.04,69.68,68.92,-0.76,15.98,16,0.02,67.91,68.59,0.68,,,,,0.38,1142,0.55,1201,0.25,1724,0.14,1580,0.023,無,0,無,0
SW-8374C0,OR,3,N,1.04,69.68,69.56,-0.13,15.98,15.74,-0.25,67.91,68.3,0.39,,,,,0.25,1142,0.522,1201,0.237,1724,0.133,1580,0.0219,無,0,無,0
SW-8374C0,OR,3,N,1.04,69.68,69.66,-0.03,15.98,15.75,-0.23,67.91,68.46,0.56,,,,,0.29,1142,0.516,1201,0.237,1724,0.133,1580,0.0219,無,0,無,0
SW-8374C0,OR,3,N,1.04,69.68,69.37,-0.32,15.98,16.13,0.14,67.91,68.87,0.97,,,,,0.35,1142,0.515,1201,0.237,1724,0.133,1580,0.0215,無,0,無,0
SW-8374C0,OR,3,N,1.04,69.68,69.63,-0.05,15.98,15.79,-0.2,67.91,67.95,0.04,,,,,0.13,1142,0.5,1201,0.237,1724,0.133,1580,0.022,無,0,無,0
SW-8374C0,OR,3,N,1.04,69.68,69.97,0.29,15.98,16.27,0.29,67.91,67.96,0.05,,,,,0.21,1142,0.48,1201,0.22,1724,0.13,1580,0.019,無,0,無,0
SW-8374C0,YE,2,N,1.04,83.04,82.48,-0.56,2.7,3.42,0.73,30.31,30.14,-0.17,,,,,0.69,1111,0.162,1310,0.033,1510,0.005,無,0,無,0,無,0
SW-8374C0,YE,2,N,1.04,83.04,82.52,-0.52,2.7,3.16,0.46,30.31,30.6,0.3,,,,,0.46,1111,0.165,1310,0.032,1510,0.005,無,0,無,0,無,0
SW-8374C0,YE,2,N,1.04,83.04,82.52,-0.51,2.7,3.17,0.48,30.31,30.62,0.31,,,,,0.47,1111,0.165,1310,0.031,1510,0.005,無,0,無,0,無,0
SW-8374C0,YE,2,N,1.04,83.04,82.95,-0.09,2.7,2.74,0.05,30.31,30.13,-0.17,,,,,0.1,1111,0.16,1310,0.0305,1510,0.0048,無,0,無,0,無,0
SW-8374C0,YE,2,N,1.04,75.77,74.5,-1.27,8.55,8.96,0.41,43.53,44.44,0.91,,,,,0.65,1191,0.143,1724,0.113,1201,0.033,1580,0.0154,無,0,無,0
SW-8374C0,YE,2,N,1.04,75.77,75.56,-0.21,8.55,8.19,-0.37,43.53,43.13,-0.39,,,,,0.3,1191,0.135,1724,0.105,1201,0.033,1580,0.0154,無,0,無,0
SW-8374C0,YE,2,N,1.04,75.77,76,0.22,8.55,8.1,-0.45,43.53,42.73,-0.79,,,,,0.43,1191,0.128,1724,0.1,1201,0.0313,1580,0.0146,無,0,無,0
SW-8374C0,YE,2,N,1.04,75.77,75.23,-0.55,8.55,8.72,0.17,43.53,44.26,0.74,,,,,0.37,1191,0.135,1724,0.105,1201,0.033,1580,0.0148,無,0,無,0
SW-8374C0,YE,2,N,1.04,75.77,75.33,-0.44,8.55,9.04,0.49,43.53,43.89,0.37,,,,,0.41,1191,0.13,1724,0.105,1201,0.033,1580,0.014,無,0,無,0
SW-8374C0,YE,2,N,1.04,75.77,75.4,-0.38,8.55,8.95,0.39,43.53,43.6,0.07,,,,,0.33,1191,0.13,1724,0.1,1201,0.033,1580,0.014,無,0,無,0
SW-8374C0,YE,2,N,1.04,75.77,75.7,-0.08,8.55,8.53,-0.03,43.53,43.6,0.08,,,,,0.05,1191,0.13,1724,0.1,1201,0.0315,1580,0.014,無,0,無,0
SW-8374C0,KH,4,N,1.04,61.02,61.13,0.11,9.44,9.44,0,60.83,61.4,0.57,,,,,0.21,1142,1,1191,0.64,1391,0.14,1565,0.035,無,0,無,0
SW-8374C0,GR,1,N,1.04,79.81,79.59,-0.22,-22.6,-22.69,-0.09,21.73,21.77,0.04,,,,,0.1,1191,0.0615,1565,0.027,1580,0.0214,無,0,無,0,無,0
SW-8374C0,GR,2,N,1.04,66.57,66.26,-0.31,-19.38,-19.23,0.16,16.13,16.05,-0.08,,,,,0.16,1580,0.225,1191,0.13,1430,0.0318,1724,0.0013,無,0,無,0
SW-8374C0,GR,2,N,1.04,66.57,66.8,0.24,-19.38,-19.51,-0.13,16.13,16.25,0.11,,,,,0.13,1580,0.225,1191,0.13,1430,0.031,1724,0.0013,無,0,無,0
SW-8374C0,BL,3,N,1.04,42.02,42.3,0.28,2.33,1.87,-0.46,-31.27,-30.85,0.43,,,,,0.45,1567,0.72,1430,0.158,1580,0.0295,1191,0.0155,無,0,無,0
SW-8374C0,BL,3,N,1.04,42.02,41.99,-0.03,2.33,2.29,-0.04,-31.27,-31.54,-0.26,,,,,0.14,1567,0.72,1430,0.158,1580,0.0295,1191,0.014,無,0,無,0
SW-8374C0,BL,2,N,1.04,55.19,55.14,-0.05,-1.12,-1.02,0.1,-31.37,-30.87,0.5,,,,,0.25,1565,0.36,1580,0.062,1690,0.036,1430,0.0293,無,0,無,0
SW-8374C0,BL,2,N,1.04,55.19,55.21,0.03,-1.12,-1.01,0.12,-31.37,-30.79,0.57,,,,,0.29,1565,0.36,1580,0.062,1690,0.036,1430,0.0293,無,0,無,0
SW-8374C0,BL,2,N,1.04,55.19,56.09,0.9,-1.12,-1.66,-0.54,-31.37,-30.49,0.88,,,,,0.74,1565,0.36,1580,0.07,1690,0.036,1430,0.027,無,0,無,0
SW-8374C0,BL,2,N,1.04,55.19,55.82,0.64,-1.12,-1.74,-0.62,-31.37,-30.79,0.58,,,,,0.64,1565,0.36,1580,0.07,1690,0.038,1430,0.028,無,0,無,0
SW-8374C0,BL,2,N,1.04,55.19,55.16,-0.02,-1.12,-1.27,-0.14,-31.37,-31.38,-0.01,,,,,0.12,1565,0.36,1580,0.07,1690,0.04,1430,0.028,無,0,無,0
SW-8374C0,RE,2,N,1.04,55.98,55.74,-0.23,14.12,14.59,0.47,11.97,12.35,0.39,,,,,0.4,1391,0.175,1724,0.175,1565,0.08,1191,0.064,無,0,無,0
SW-8374C0,RE,2,N,1.04,55.98,56.59,0.62,14.12,14.29,0.17,11.97,12.3,0.34,,,,,0.4,1391,0.17,1724,0.17,1565,0.08,1191,0.064,無,0,無,0
SW-8374C0,RE,3,N,1.04,45.19,44.27,-0.91,14.73,14.82,0.09,9.53,10.04,0.51,,,,,0.68,1391,0.395,1724,0.33,1565,0.23,1142,0.09,無,0,無,0
SW-8374C0,RE,3,N,1.04,45.19,44.23,-0.96,14.73,14.9,0.18,9.53,10,0.47,,,,,0.65,1391,0.395,1724,0.33,1565,0.23,1142,0.09,無,0,無,0
SW-8374C0,RE,3,N,1.04,45.19,45.25,0.07,14.73,14.83,0.1,9.53,10.03,0.49,,,,,0.5,1391,0.375,1724,0.314,1565,0.219,1142,0.084,無,0,無,0
SW-8374C0,RE,3,N,1.04,45.19,45.65,0.47,14.73,14.96,0.23,9.53,9.76,0.22,,,,,0.31,1391,0.375,1724,0.31,1565,0.219,1142,0.082,無,0,無,0
SCK-3806S,BL,2,N,1.04,53.37,54.14,0.77,-0.86,-0.86,0,-31.2,-30.77,0.43,,,,,0.4,1580,0.19,1690,0.156,1567,0.046,1391,0.043,無,0,無,0
SCK-3806S,BL,2,N,1.04,53.37,53.93,0.56,-0.86,-0.64,0.22,-31.2,-30.59,0.62,,,,,0.43,1580,0.19,1690,0.165,1567,0.046,1391,0.043,無,0,無,0
SCK-3806S,BL,2,N,1.04,53.37,54.36,0.99,-0.86,-0.87,-0.01,-31.2,-30.56,0.64,,,,,0.54,1580,0.2,1690,0.17,1567,0.05,1391,0.043,無,0,無,0
SCK-3806S,BL,2,N,1.04,53.37,52.94,-0.43,-0.86,-0.49,0.37,-31.2,-31.84,-0.64,,,,,0.47,1580,0.25,1690,0.17,1567,0.05,1391,0.045,無,0,無,0
SCK-3806S,BL,2,N,1.04,53.37,51.96,-1.42,-0.86,-1.28,-0.42,-31.2,-32.36,-1.16,,,,,0.9,1580,0.2,1690,0.16,1567,0.05,1391,0.0415,無,0,無,0
SCK-3806S,BL,2,N,1.04,53.37,55.08,1.71,-0.86,-1.38,-0.52,-31.2,-30.6,0.6,,,,,0.92,1580,0.22,1690,0.18,1391,0.045,1191,0.005,無,0,無,0
SCK-3806S,BL,2,N,1.04,53.37,53.18,-0.19,-0.86,-0.84,0.02,-31.2,-31.17,0.03,,,,,0.09,1580,0.2,1690,0.17,1567,0.05,1391,0.043,無,0,無,0
SCK-3806S,BL,2,N,1.04,53.37,53.7,0.33,-0.86,-0.79,0.07,-31.2,-31.59,-0.38,,,,,0.25,1580,0.2,1690,0.17,1567,0.05,1391,0.04,無,0,無,0
SCK-3806S,PI,3,N,1.04,34.61,35.24,0.63,21.07,21.27,0.21,-30.53,-30.96,-0.44,,,,,0.42,1640,0.289,1580,0.142,1690,0.066,1724,0.023,無,0,無,0
SCK-3806S,PU,3,N,1.04,34.61,35.24,0.63,21.07,21.27,0.21,-30.53,-30.96,-0.44,,,,,0.42,1640,0.289,1580,0.142,1690,0.066,1724,0.023,無,0,無,0
SW-80312,OL,2,N,0.69,64.15,64.64,0.49,-2.27,-2.27,-0.01,13.58,14.38,0.8,,,,,0.62,1191,0.1,1576,0.09,1391,0.032,1722,0.028,無,0,無,0
SW-80312,OL,2,N,0.69,64.15,64.73,0.59,-2.27,-2.46,-0.19,13.58,13.8,0.22,,,,,0.34,1191,0.1,1576,0.094,1391,0.032,1722,0.028,無,0,無,0
SW-80312,NB,5,N,0.69,28,28.27,0.27,-1.81,-1.56,0.25,-20.47,-20.31,0.16,,,,,0.3,1578,1.74,1391,0.12,1142,0.066,無,0,無,0,無,0
SW-80312,NB,5,N,0.69,28,28.72,0.71,-1.81,-1.45,0.36,-20.47,-20.63,-0.16,,,,,0.59,1578,1.75,1391,0.11,1142,0.06,無,0,無,0,無,0
SW-80312,NB,5,N,0.69,28,27.67,-0.34,-1.81,-1.5,0.31,-20.47,-20.22,0.24,,,,,0.39,1578,1.7,1391,0.11,1142,0.056,無,0,無,0,無,0
SW-80312,NB,5,N,0.69,28,28.14,0.14,-1.81,-1.41,0.4,-20.47,-20.45,0.02,,,,,0.4,1578,1.8,1391,0.1,1142,0.056,無,0,無,0,無,0
SW-80312,NB,5,N,0.69,28,27.24,-0.76,-1.81,-1.33,0.48,-20.47,-20.51,-0.05,,,,,0.68,1578,1.8,1391,0.09,1142,0.055,無,0,無,0,無,0
SW-80312,NB,5,N,0.69,28,28.1,0.09,-1.81,-1.53,0.28,-20.47,-20.72,-0.25,,,,,0.33,1578,1.8,1391,0.085,1142,0.056,無,0,無,0,無,0
SW-80312,NB,5,N,0.69,28,28.11,0.11,-1.81,-1.59,0.22,-20.47,-20.71,-0.24,,,,,0.28,1578,1.8,1391,0.08,1142,0.056,無,0,無,0,無,0
SW-80312,NB,5,N,0.69,28,27.99,-0.01,-1.81,-1.78,0.03,-20.47,-20.56,-0.1,,,,,0.07,1578,1.8,1391,0.075,1142,0.057,無,0,無,0,無,0
SW-80312,KH,2,N,0.69,77.54,77.28,-0.27,-2.72,-1.91,0.81,16.43,15.98,-0.45,,,,,0.85,1111,0.12,1310,0.048,1510,0.0285,無,0,無,0,無,0
SW-80312,KH,2,N,0.69,77.54,77.42,-0.13,-2.72,-2.49,0.23,16.43,17.04,0.61,,,,,0.5,1111,0.125,1310,0.047,1510,0.0285,無,0,無,0,無,0
SW-80312,KH,2,N,0.69,77.54,77.7,0.16,-2.72,-2.21,0.51,16.43,16.24,-0.19,,,,,0.52,1111,0.13,1310,0.046,1510,0.0285,無,0,無,0,無,0
SW-80312,KH,2,N,0.69,77.54,77.92,0.37,-2.72,-2.27,0.45,16.43,15.74,-0.69,,,,,0.62,1111,0.12,1310,0.046,1510,0.0285,無,0,無,0,無,0
SW-80312,KH,2,N,0.69,77.54,78.1,0.56,-2.72,-2.58,0.14,16.43,16.25,-0.18,,,,,0.27,1111,0.127,1310,0.045,1510,0.0285,無,0,無,0,無,0
SCKP-470S,TQ,4,N,0.83,45.02,45.36,0.34,2.47,2.36,-0.12,-31.77,-31.33,0.44,,,,,0.28,1565,0.67,1430,0.095,1724,0.016,無,0,無,0,無,0
SCKP-470S,TQ,4,N,0.83,45.02,44.99,-0.03,2.47,2.63,0.15,-31.77,-31.69,0.08,,,,,0.14,1565,0.7,1430,0.1,1724,0.0155,無,0,無,0,無,0
SCKP-463S,OR,2,N,0.83,74.14,74.42,0.29,36.63,37.29,0.66,33.79,35.18,1.38,,,,,0.75,1201,0.141,1353,0.093,無,0,無,0,無,0,無,0
SCKP-463S,OR,2,N,0.83,74.14,74.21,0.08,36.63,36.33,-0.3,33.79,33.54,-0.25,,,,,0.16,1201,0.14,1353,0.093,1580,0.0005,無,0,無,0,無,0
SCKP-463S,OR,2,N,0.83,74.14,74.95,0.81,36.63,36.99,0.36,33.79,33.43,-0.36,,,,,0.54,1201,0.155,1353,0.095,1580,0.0006,無,0,無,0,無,0
SCKP-463S,OR,2,N,0.83,74.14,74.81,0.67,36.63,36.26,-0.37,33.79,33.11,-0.68,,,,,0.44,1201,0.17,1353,0.095,1580,0.0006,無,0,無,0,無,0
SCKP-463S,OR,2,N,0.83,74.14,74.06,-0.08,36.63,37.02,0.39,33.79,33.73,-0.06,,,,,0.29,1201,0.155,1353,0.1,1580,0.0006,無,0,無,0,無,0
SCKP-463S,PI,1,N,0.83,83.64,83.32,-0.32,19.16,20.73,1.57,-2.99,-2.61,0.38,,,,,1.06,1310,0.05,1111,0.004,1510,0.001,無,0,無,0,無,0
SCKP-463S,PI,1,N,0.83,83.64,83.45,-0.19,19.16,19.14,-0.01,-2.99,-2.71,0.28,,,,,0.25,1310,0.06,1111,0.004,1510,0.0012,無,0,無,0,無,0
SCKP-463S,RE,7,N,0.83,35.29,36.11,0.82,50.28,51.27,0.99,24.64,25.75,1.11,,,,,0.78,1353,3.5,1383,3,1191,0.469,1565,0.033,無,0,無,0
SCKP-463S,RE,7,N,0.83,35.29,36.03,0.74,50.28,50.86,0.58,24.64,25.83,1.18,,,,,0.78,1353,3.5,1383,3,1191,0.48,1565,0.036,無,0,無,0
SCKP-463S,RE,7,N,0.83,35.29,35.6,0.31,50.28,50.46,0.18,24.64,24.55,-0.09,,,,,0.21,1353,3,1383,3,1384,0.5,1191,0.48,1565,0.034,無,0
SCKP-463S,KH,2,N,0.83,79.41,80.34,0.92,-2.73,-2.37,0.36,16.92,16.94,0.02,,,,,0.5,1111,0.1024,1310,0.0345,1510,0.0189,無,0,無,0,無,0
SCKP-463S,KH,2,N,0.83,79.41,80,0.58,-2.73,-2.88,-0.15,16.92,17.15,0.23,,,,,0.3,1111,0.108,1310,0.0345,1510,0.02,無,0,無,0,無,0
SCKP-463S,KH,2,N,0.83,79.41,79.69,0.28,-2.73,-2.96,-0.23,16.92,17.29,0.37,,,,,0.33,1111,0.11,1310,0.036,1510,0.021,無,0,無,0,無,0
SCK-3472,BL,4,N,1.39,27.96,27.58,-0.38,-2.35,-2.03,0.31,-13.88,-14.02,-0.14,,,,,0.45,1578,1.1,1722,0.135,1391,0.078,1191,0.068,無,0,無,0
SCK-3472,BL,4,N,1.39,27.96,27.52,-0.44,-2.35,-2.02,0.33,-13.88,-14.09,-0.21,,,,,0.5,1578,1,1722,0.125,1191,0.065,1391,0.065,無,0,無,0
SCK-3472,BL,4,N,1.39,27.96,27.38,-0.58,-2.35,-2.11,0.23,-13.88,-14.13,-0.25,,,,,0.51,1578,1,1722,0.125,1191,0.065,1391,0.063,無,0,無,0
SCK-3472,BL,4,N,1.39,27.96,27.3,-0.67,-2.35,-2.11,0.24,-13.88,-14.14,-0.26,,,,,0.56,1578,1,1722,0.125,1191,0.065,1391,0.0615,無,0,無,0
SCK-3472,BL,4,N,1.39,27.96,27.74,-0.22,-2.35,-2.31,0.04,-13.88,-13.86,0.02,,,,,0.15,1578,0.95,1722,0.125,1391,0.071,1191,0.062,無,0,無,0
SCK-3472,BL,1,N,1.39,81.59,81.34,-0.24,-3.83,-2.29,1.53,-9.8,-12.16,-2.36,10.52,12.38,248.65,259.31,2.92,1510,0.024,1310,0.0064,無,0,無,0,無,0,無,0
SCK-3472,BL,1,N,1.39,81.59,81.43,-0.15,-3.83,-3.73,0.1,-9.8,-9.8,0,10.52,10.48,248.65,249.16,0.13,1510,0.023,1310,0.0064,無,0,無,0,無,0,無,0
SCK-3472,BL,1,N,1.39,81.59,80.85,-0.73,-3.83,-5.4,-1.57,-9.8,-7.07,2.73,10.52,8.9,248.65,232.62,3.45,1510,0.025,1310,0.006,1111,0.005,無,0,無,0,無,0
SCK-3472,BL,1,N,1.39,81.59,80.87,-0.72,-3.83,-7.61,-3.78,-9.8,-3.12,6.68,10.52,8.23,248.65,202.29,8.81,1510,0.025,1111,0.01,1310,0.005,無,0,無,0,無,0
SCK-3472,BL,1,N,1.39,81.59,81.09,-0.49,-3.83,-4.18,-0.35,-9.8,-8.51,1.28,10.52,9.48,248.65,243.87,1.3,1510,0.024,1310,0.0064,1111,0.003,無,0,無,0,無,0
SCK-3472,BL,1,N,1.39,81.59,81.24,-0.35,-3.83,-3.04,0.79,-9.8,-10.92,-1.12,10.52,11.33,248.65,254.44,1.46,1510,0.024,1310,0.0064,1111,0.001,無,0,無,0,無,0
SCK-3472,BL,1,N,1.39,81.59,81.23,-0.35,-3.83,-4.2,-0.37,-9.8,-10.2,-0.41,10.52,11.03,248.65,247.63,0.5,1510,0.024,1310,0.006,1111,0.002,無,0,無,0,無,0
SCK-3472,BL,1,N,1.39,81.59,81.09,-0.5,-3.83,-4.06,-0.23,-9.8,-10.22,-0.42,10.52,10.99,248.65,248.34,0.43,1510,0.024,1310,0.005,1111,0.0015,無,0,無,0,無,0
SCK-3472,BL,1,N,1.39,81.59,81.51,-0.08,-3.83,-5.17,-1.34,-9.8,-7.7,2.1,10.52,9.27,248.65,236.09,2.73,1510,0.024,1310,0.0064,無,0,無,0,無,0,無,0
SCK-3472,BL,1,N,1.39,81.59,81.89,0.31,-3.83,-3.6,0.23,-9.8,-9.44,0.36,10.52,10.1,248.65,249.11,0.37,1510,0.024,1310,0.006,1111,0.002,無,0,無,0,無,0
SCK-3472,BL,1,N,1.39,81.59,81.37,-0.22,-3.83,-3.75,0.08,-9.8,-9.87,-0.07,10.52,10.55,248.65,249.2,0.15,1510,0.023,1310,0.0064,無,0,無,0,無,0,無,0
SCK-3472,OR,3,N,1.39,60.76,61.52,0.76,43.52,43.75,0.23,30.3,32.24,1.94,53.03,54.34,34.85,36.39,1.25,1353,0.39,1191,0.105,1201,0.0253,1580,0.01,無,0,無,0
SCK-3472,OR,3,N,1.39,60.76,61.97,1.21,43.52,43.28,-0.24,30.3,31.58,1.28,53.03,53.58,34.85,36.12,1.05,1353,0.38,1191,0.1,1201,0.025,1580,0.01,無,0,無,0
SCK-3472,OR,3,N,1.39,60.76,61.1,0.33,43.52,43.07,-0.45,30.3,31.53,1.23,53.03,53.38,34.85,36.21,0.98,1353,0.4,1191,0.105,1201,0.026,1580,0.012,無,0,無,0
SCK-3472,OR,3,N,1.39,60.76,60.71,-0.05,43.52,42.4,-1.12,30.3,30.94,0.64,53.03,52.48,34.85,36.12,0.92,1353,0.41,1191,0.105,1201,0.026,1580,0.014,無,0,無,0
SCK-3472,OR,3,N,1.39,60.76,60.46,-0.31,43.52,43.88,0.37,30.3,31.09,0.79,53.03,53.78,34.85,35.32,0.46,1353,0.43,1191,0.1,1201,0.026,1580,0.012,無,0,無,0
SCK-3472,OR,3,N,1.39,60.76,60.42,-0.35,43.52,43.86,0.34,30.3,30.95,0.65,53.03,53.68,34.85,35.21,0.39,1353,0.43,1191,0.1,1201,0.026,1580,0.012,無,0,無,0
SW-8507,BK,7,N,1.04,16.28,16.16,-0.13,-0.28,-0.29,-0.02,-1.63,-1.58,0.05,,,,,0.14,1862,2.7,1578,0.87,1391,0.85,1191,0.545,無,0,無,0
SW-8507,BK,7,N,1.04,16.28,17.74,1.45,-0.28,0.07,0.34,-1.63,-1.99,-0.36,,,,,1.56,1862,3,1578,0.87,1391,0.8,1191,0.6,無,0,無,0
SW-8507,BK,7,N,1.04,16.28,17.03,0.75,-0.28,-0.31,-0.03,-1.63,-1.36,0.27,,,,,0.81,1862,3.3,1578,0.88,1391,0.73,1191,0.6,無,0,無,0
SW-8507,BK,7,N,1.04,16.28,16.38,0.1,-0.28,-0.26,0.02,-1.63,-1.26,0.38,,,,,0.52,1862,3.2,1578,0.88,1391,0.73,1191,0.6,無,0,無,0
SW-8507,BK,7,N,1.04,16.28,16.57,0.29,-0.28,-0.32,-0.04,-1.63,-1.07,0.57,,,,,0.82,1862,3,1578,0.88,1391,0.72,1191,0.57,無,0,無,0
SW-8507,BK,7,N,1.04,16.28,17.15,0.87,-0.28,-0.36,-0.08,-1.63,-1.57,0.07,,,,,0.85,1862,3.1,1578,0.88,1391,0.7,1191,0.55,無,0,無,0
SW-8507,BK,7,N,1.04,16.28,17.16,0.87,-0.28,-0.39,-0.11,-1.63,-1.49,0.14,,,,,0.88,1862,3.2,1578,0.88,1391,0.7,1191,0.55,無,0,無,0
SW-8507,BK,7,N,1.04,16.28,17.22,0.94,-0.28,-0.38,-0.11,-1.63,-1.45,0.18,,,,,0.95,1862,3.2,1578,0.9,1391,0.68,1191,0.525,無,0,無,0
SW-8507,BK,7,N,1.04,16.28,16.46,0.17,-0.28,-0.27,0.01,-1.63,-1.69,-0.06,,,,,0.19,1862,3.2,1578,0.9,1391,0.66,1191,0.5,無,0,無,0
SW-80425C0,GY,1,Y,1.04,81.76,81.98,0.22,-1.05,0.16,1.21,1.01,-1.81,-2.82,,1.82,,275.06,4.25,1310,0.0122,1510,0.0121,1111,0.0082,無,0,無,0,無,0
SW-80425C0,GY,1,Y,1.04,81.76,82.46,0.7,-1.05,-1.26,-0.22,1.01,-0.58,-1.59,,1.39,,204.61,2.24,1510,0.013,1310,0.0122,1111,0.0095,無,0,無,0,無,0
SW-80425C0,GY,1,Y,1.04,81.76,82.47,0.71,-1.05,-1.58,-0.53,1.01,0.39,-0.61,,1.63,,166.03,1.16,1510,0.013,1310,0.0122,1111,0.011,無,0,無,0,無,0
SW-80425C0,GY,1,Y,1.04,81.76,81.45,-0.31,-1.05,-0.35,0.7,1.01,0.63,-0.38,,0.72,,118.82,1.1,1310,0.0135,1510,0.0125,1111,0.012,無,0,無,0,無,0
SW-80425C0,GY,1,Y,1.04,81.76,82.26,0.5,-1.05,-0.96,0.09,1.01,1.49,0.48,,1.77,,122.84,0.7,1310,0.014,1111,0.013,1510,0.0125,無,0,無,0,無,0
SW-80425C0,GY,1,Y,1.04,81.76,82.36,0.6,-1.05,-0.99,0.06,1.01,1.53,0.52,,1.82,,122.86,0.75,1111,0.012,1310,0.012,1510,0.012,無,0,無,0,無,0
SW-80425C0,GY,1,Y,1.04,81.76,81.84,0.08,-1.05,-0.98,0.07,1.01,1.08,0.08,,1.46,,132.15,0.14,1310,0.0125,1510,0.0125,1111,0.012,無,0,無,0,無,0
SW-80425C0,GY,1,Y,1.04,81.76,81.83,0.07,-1.05,-0.97,0.08,1.01,1.06,0.05,,1.44,,132.48,0.13,1310,0.0125,1510,0.0125,1111,0.012,無,0,無,0,無,0
SCW-136WP4,BR,2,Y,0.69,53.54,56.78,3.24,3.74,3.53,-0.21,11.01,11.45,0.44,,11.98,,72.86,1.56,1391,0.134,1565,0.134,1142,0.102,1724,0.0495,無,0,無,0
SCW-136WP4,BR,2,Y,0.69,53.54,54.56,1.03,3.74,3.43,-0.31,11.01,11.71,0.7,,12.2,,73.67,1.02,1391,0.162,1565,0.161,1142,0.122,1724,0.0595,無,0,無,0
SCW-136WP4,BR,2,Y,0.69,53.54,53.58,0.05,3.74,3.91,0.17,11.01,11.32,0.3,,11.97,,70.95,0.28,1391,0.17,1565,0.167,1142,0.127,1724,0.0618,無,0,無,0
SCW-136WP4,BR,2,Y,0.69,53.54,53.61,0.07,3.74,3.99,0.25,11.01,11.29,0.27,,11.97,,70.51,0.35,1391,0.17,1565,0.167,1142,0.127,1724,0.0618,無,0,無,0
SCK-3451AM3,OL,2,N,2.08,79.46,79.3,-0.16,-10.31,-8.37,1.95,18.89,17.79,-1.1,,,,,1.49,1111,0.09,1510,0.022,1310,0.015,無,0,無,0,無,0
SCK-3451AM3,OL,2,N,2.08,79.46,79.48,0.02,-10.31,-8.84,1.47,18.89,18.61,-0.28,,,,,1.1,1111,0.095,1510,0.022,1310,0.014,無,0,無,0,無,0
SCK-3451AM3,OL,2,N,2.08,79.46,79.22,-0.24,-10.31,-9.62,0.69,18.89,19.14,0.26,,,,,0.6,1111,0.1,1510,0.023,1310,0.013,無,0,無,0,無,0
SCK-3451AM3,OL,2,N,2.08,79.46,79.33,-0.13,-10.31,-10.22,0.1,18.89,19.77,0.88,,,,,0.59,1111,0.105,1510,0.0235,1310,0.012,無,0,無,0,無,0
SCK-3451AM3,OL,2,N,2.08,79.46,78.92,-0.55,-10.31,-10.14,0.17,18.89,19.02,0.13,,,,,0.27,1111,0.1,1510,0.024,1310,0.012,無,0,無,0,無,0
SCK-3451AM3,OL,2,N,2.08,79.46,79.1,-0.36,-10.31,-10.37,-0.05,18.89,18.82,-0.07,,,,,0.15,1111,0.1,1510,0.0245,1310,0.0116,無,0,無,0,無,0
SW-80660C0,OL,5,Y,1.04,33.89,34.41,0.51,-1.86,-1.97,-0.11,4.72,4.63,-0.09,,,,,0.34,1576,0.773,1722,0.313,1191,0.175,無,0,無,0,無,0
SW-80660C0,BL,3,Y,1.04,43.48,43.97,0.19,-4.59,-4.61,-0.01,-12.22,-12.22,-0.02,,,,,0.1,1576,0.48,1391,0.057,1191,0.055,無,0,無,0,無,0
SCK-3813AM3,PU,2,N,1.04,63.82,62.79,-1.03,5.74,5.3,-0.44,-14.26,-14.82,-0.56,,,,,0.85,1310,0.085,1510,0.07,1111,0.01,無,0,無,0,無,0
SCK-3813AM3,PU,2,N,1.04,63.82,62.74,-1.09,5.74,5.74,0,-14.26,-15.13,-0.88,,,,,0.8,1310,0.085,1510,0.067,1111,0.0098,無,0,無,0,無,0
SCK-3813AM3,PU,2,N,1.04,63.82,62.87,-0.95,5.74,5.92,0.18,-14.26,-14.92,-0.66,,,,,0.62,1310,0.085,1510,0.064,1111,0.0098,無,0,無,0,無,0
SCK-3813AM3,PU,2,N,1.04,63.82,63.39,-0.43,5.74,6.25,0.51,-14.26,-14.45,-0.19,,,,,0.55,1310,0.08,1510,0.06,1111,0.0098,無,0,無,0,無,0
SCK-3813AM3,PU,2,N,1.04,63.82,63.98,0.16,5.74,6.35,0.61,-14.26,-14.17,0.09,,,,,0.7,1310,0.078,1510,0.055,1111,0.0098,無,0,無,0,無,0
SCK-3813AM3,PU,2,N,1.04,63.82,63.21,-0.61,5.74,6.13,0.39,-14.26,-14.71,-0.46,,,,,0.51,1310,0.078,1510,0.06,1111,0.0098,無,0,無,0,無,0
SCK-3813AM3,PU,2,N,1.04,63.82,63.5,-0.32,5.74,5.89,0.15,-14.26,-14.52,-0.26,,,,,0.25,1310,0.075,1510,0.059,1111,0.0098,無,0,無,0,無,0
SCK-3813AM3,RE,3,N,1.04,55.1,57.62,2.52,41.3,40.65,-0.65,23.1,22.04,-1.06,,,,,1.27,1353,0.36,1362,0.23,1191,0.12,1565,0.018,無,0,無,0
SCK-3813AM3,RE,3,N,1.04,55.1,59.77,4.68,41.3,39.79,-1.51,23.1,20.54,-2.56,,,,,2.55,1353,0.36,1362,0.23,1191,0.12,1565,0.02,無,0,無,0
SCK-3813AM3,RE,3,N,1.04,55.1,54.85,-0.24,41.3,42.01,0.71,23.1,23.68,0.58,,,,,0.4,1353,0.36,1362,0.23,1191,0.12,1565,0.019,無,0,無,0
SCK-3813AM3,RE,3,N,1.04,55.1,55.15,0.06,41.3,41.55,0.25,23.1,23.05,-0.05,,,,,0.15,1353,0.36,1362,0.23,1191,0.125,1565,0.018,無,0,無,0
SCK-3813AM3,GR,2,N,1.04,72.28,71.92,-0.35,-6.38,-6.62,-0.24,10.58,10.88,0.31,,,,,0.33,1111,0.075,1510,0.0437,1310,0.034,無,0,無,0,無,0
SCK-3813AM3,RE,2,N,1.04,66.34,66.8,0.46,18.07,18.41,0.33,59.2,59.32,0.12,,,,,0.29,1142,0.26,1724,0.23,1580,0.008,無,0,無,0,無,0
SCK-3415AM1ST,TQ,4,N,2.5,40.71,41.14,0.43,7.36,7.48,0.11,-38.42,-39.44,-1.01,,,,,0.5,1690,0.63,1565,0.52,1374,0.15,無,0,無,0,無,0
SCK-3415AM1ST,TQ,4,N,2.5,40.71,41.24,0.53,7.36,7.12,-0.24,-38.42,-38.53,-0.11,,,,,0.34,1690,0.65,1565,0.52,1374,0.15,1142,0.001,無,0,無,0
SCK-3415AM1ST,TQ,4,N,2.5,40.71,41.15,0.44,7.36,7.07,-0.29,-38.42,-38.51,-0.09,,,,,0.33,1690,0.67,1565,0.52,1374,0.15,無,0,無,0,無,0
SCK-3415AM1ST,TQ,4,N,2.5,40.71,41.34,0.63,7.36,7.43,0.07,-38.42,-39.18,-0.76,,,,,0.47,1690,0.68,1565,0.52,1374,0.16,無,0,無,0,無,0
SCK-3415AM1ST,TQ,4,N,2.5,40.71,41.19,0.47,7.36,7.66,0.3,-38.42,-39.12,-0.69,,,,,0.42,1690,0.7,1565,0.55,1374,0.16,1142,0.001,無,0,無,0
SCK-3415AM1ST,TQ,4,N,2.5,40.71,40.64,-0.07,7.36,7.36,0,-38.42,-38.35,0.07,,,,,0.05,1690,0.7,1565,0.6,1374,0.16,1142,0.003,無,0,無,0
SCK-3415AM1ST,TQ,4,N,2.5,40.71,40,-0.71,7.36,7.68,0.32,-38.42,-38.77,-0.35,,,,,0.45,1690,0.7,1565,0.55,1374,0.17,1142,0.001,無,0,無,0
SCK-3415AM1ST,TQ,4,N,2.5,40.71,40.38,-0.34,7.36,7.83,0.47,-38.42,-39.05,-0.62,,,,,0.44,1690,0.7,1565,0.55,1374,0.18,1142,0.0009,無,0,無,0
SCK-3415AM1ST,TQ,4,N,2.5,40.71,40.61,-0.1,7.36,7.47,0.11,-38.42,-38.84,-0.41,,,,,0.2,1690,0.7,1565,0.55,1374,0.17,1142,0.0013,無,0,無,0
SCK-3415AM1ST,BL,2,N,2.5,63.44,63.28,-0.16,-2.45,-2.55,-0.1,-19.18,-19.08,0.1,,,,,0.14,1510,0.17,1310,0.043,1111,0.0102,無,0,無,0,無,0
SCK-3415AM1ST,PI,2,N,2.5,73.19,74.08,0.9,17.98,17.67,-0.32,-1.06,-1.1,-0.04,,,,,0.4,1310,0.08,1111,0.018,1510,0.01,無,0,無,0,無,0
SCK-3415AM1ST,PI,2,N,2.5,73.19,73.91,0.72,17.98,18.24,0.26,-1.06,-1.21,-0.15,,,,,0.34,1310,0.084,1111,0.018,1510,0.01,無,0,無,0,無,0
SCK-3415AM1ST,PI,2,N,2.5,73.19,73.35,0.17,17.98,18.49,0.5,-1.06,-0.95,0.11,,,,,0.35,1310,0.088,1111,0.019,1510,0.0105,無,0,無,0,無,0
SCK-3415AM1ST,PI,2,N,2.5,73.19,73.22,0.03,17.98,18.35,0.37,-1.06,-0.9,0.16,,,,,0.28,1310,0.092,1111,0.0202,1510,0.011,無,0,無,0,無,0
SCK-3415AM1ST,PI,2,N,2.5,73.19,73.24,0.06,17.98,18.37,0.39,-1.06,-0.88,0.18,,,,,0.3,1310,0.09,1111,0.02,1510,0.011,無,0,無,0,無,0
SCK-3415AM1ST,PI,2,N,2.5,73.19,73.12,-0.06,17.98,18.4,0.41,-1.06,-0.96,0.1,,,,,0.28,1310,0.092,1111,0.0202,1510,0.0113,無,0,無,0,無,0
SCK-3415AM1ST,PI,2,N,2.5,73.19,73,-0.19,17.98,18.13,0.15,-1.06,-0.95,0.11,,,,,0.16,1310,0.089,1111,0.02,1510,0.0117,無,0,無,0,無,0
SCK-3415AM1ST,RE,6,N,2.5,46.62,47.32,0.7,58.1,58.92,0.81,26.74,27.99,1.25,,,,,0.74,1353,1.3,1384,0.6,1142,0.08,無,0,無,0,無,0
SCK-3415AM1ST,RE,6,N,2.5,46.62,46.69,0.08,58.1,58.9,0.79,26.74,27.48,0.74,,,,,0.42,1353,1.3,1384,0.7,1142,0.08,無,0,無,0,無,0
SCK-3415AM1ST,RE,6,N,2.5,46.62,46.57,-0.04,58.1,58.57,0.47,26.74,26.81,0.07,,,,,0.18,1353,1.3,1384,0.7,1142,0.08,1580,0.0005,無,0,無,0
SCK-3415AM1ST,OR,3,N,2.5,66.26,67.5,1.24,39.56,38.07,-1.49,51.73,52.07,0.34,,,,,1.4,1142,0.2,1353,0.16,1201,0.052,無,0,無,0,無,0
SCK-3415AM1ST,OR,3,N,2.5,66.26,66.68,0.42,39.56,39.5,-0.06,51.73,53.17,1.44,,,,,0.95,1142,0.22,1353,0.18,1201,0.07,無,0,無,0,無,0
SCK-3415AM1ST,OR,3,N,2.5,66.26,66.73,0.47,39.56,39.75,0.19,51.73,52.42,0.68,,,,,0.38,1142,0.2,1353,0.18,1201,0.07,無,0,無,0,無,0
SCK-3415AM1ST,OR,3,N,2.5,66.26,66.66,0.4,39.56,39.65,0.09,51.73,51.83,0.1,,,,,0.17,1142,0.2,1353,0.18,1201,0.07,無,0,無,0,無,0
SCK-3804,BL,2,Y,1.04,64.29,65.96,1.66,-1.93,-1.97,-0.04,-15.4,-15.49,-0.09,,,,,0.68,1510,0.15,1310,0.064,1111,0.018,無,0,無,0,無,0
SCK-3804,BL,2,Y,1.04,64.29,64.68,0.39,-1.93,-2.15,-0.22,-15.4,-15.8,-0.39,,,,,0.38,1510,0.165,1310,0.07,1111,0.02,無,0,無,0,無,0
SCK-3804,BL,2,Y,1.04,64.29,64.5,0.2,-1.93,-2.1,-0.18,-15.4,-15.66,-0.26,,,,,0.26,1510,0.165,1310,0.068,1111,0.02,無,0,無,0,無,0
SCK-3804,BL,2,Y,1.04,64.29,63.81,-0.49,-1.93,-1.84,0.09,-15.4,-16.01,-0.61,,,,,0.48,1510,0.165,1310,0.069,1111,0.0205,無,0,無,0,無,0
SCK-3804,BL,2,Y,1.04,64.29,63.65,-0.65,-1.93,-1.79,0.13,-15.4,-16.04,-0.64,,,,,0.54,1510,0.165,1310,0.071,1111,0.0205,無,0,無,0,無,0
SCK-3804,BL,2,Y,1.04,64.29,64.07,-0.22,-1.93,-1.81,0.12,-15.4,-15.87,-0.47,,,,,0.37,1510,0.165,1310,0.072,1111,0.021,無,0,無,0,無,0
SCK-3804,BL,2,Y,1.04,64.29,64.22,-0.08,-1.93,-1.84,0.08,-15.4,-15.79,-0.39,,,,,0.29,1510,0.165,1310,0.071,1111,0.0215,無,0,無,0,無,0
SCK-3804,BL,2,Y,1.04,64.29,64.42,0.13,-1.93,-1.68,0.25,-15.4,-15.63,-0.23,,,,,0.33,1510,0.165,1310,0.071,1111,0.021,無,0,無,0,無,0
SCK-3804,BL,2,Y,1.04,64.29,64.15,-0.14,-1.93,-1.96,-0.04,-15.4,-15.65,-0.25,,,,,0.18,1510,0.17,1310,0.07,1111,0.022,無,0,無,0,無,0
SCK-3804,RE,5,Y,1.04,48.47,49.22,0.76,57.39,57.07,-0.32,25.63,25.79,0.16,,,,,0.4,1353,1.668,1391,0.383,1191,0.05,無,0,無,0,無,0
SCK-3804,RE,5,Y,1.04,48.47,48.5,0.03,57.39,57.11,-0.29,25.63,26.34,0.7,,,,,0.47,1353,1.8,1391,0.383,1191,0.05,無,0,無,0,無,0
SCK-3804,RE,5,Y,1.04,48.47,48.55,0.09,57.39,57.1,-0.3,25.63,26.26,0.63,,,,,0.43,1353,1.9,1391,0.44,1191,0.052,無,0,無,0,無,0
SCK-3804,RE,5,Y,1.04,48.47,48.03,-0.44,57.39,57.23,-0.17,25.63,26.03,0.39,,,,,0.34,1353,1.85,1391,0.44,1191,0.055,無,0,無,0,無,0
SCK-3804,RE,5,Y,1.04,48.47,48.27,-0.19,57.39,57.35,-0.04,25.63,25.86,0.23,,,,,0.17,1353,1.9,1391,0.44,1191,0.045,無,0,無,0,無,0
SCK-3804,OR,3,Y,1.04,60.38,62.17,1.79,38.31,37.07,-1.24,48.02,48.3,0.28,,,,,1.31,1353,0.355,1191,0.307,1201,0.253,1580,0.016,無,0,無,0
SCK-3804,OR,3,Y,1.04,60.38,61.38,1,38.31,38.37,0.06,48.02,47.83,-0.19,,,,,0.44,1353,0.39,1191,0.31,1201,0.255,1580,0.016,無,0,無,0
SCK-3804,OR,3,Y,1.04,60.38,61.31,0.93,38.31,38.31,0,48.02,47.79,-0.23,,,,,0.41,1353,0.39,1191,0.3,1201,0.265,1580,0.015,無,0,無,0
SCK-3804,OR,3,Y,1.04,60.38,60.05,-0.33,38.31,39,0.7,48.02,48.79,0.78,,,,,0.4,1353,0.39,1191,0.295,1201,0.27,1580,0.0155,無,0,無,0
SCK-3804,OR,3,Y,1.04,60.38,59.99,-0.39,38.31,39.09,0.78,48.02,48.94,0.92,,,,,0.46,1353,0.41,1191,0.32,1201,0.28,1580,0.0158,無,0,無,0
SCK-3804,OR,3,Y,1.04,60.38,60.26,-0.12,38.31,39,0.69,48.02,48.9,0.88,,,,,0.4,1353,0.43,1191,0.33,1201,0.292,1580,0.0165,無,0,無,0
SCK-3804,OR,3,Y,1.04,60.38,60.77,0.39,38.31,38.54,0.23,48.02,49.3,1.29,,,,,0.72,1353,0.4,1191,0.32,1201,0.265,1580,0.016,無,0,無,0
SCK-3804,OR,3,Y,1.04,60.38,60.99,0.6,38.31,37.86,-0.45,48.02,47.74,-0.28,,,,,0.35,1353,0.39,1191,0.32,1201,0.27,1580,0.016,無,0,無,0
SCK-3804,OR,3,Y,1.04,60.38,60.58,0.2,38.31,38.59,0.28,48.02,48.3,0.29,,,,,0.17,1353,0.41,1191,0.32,1201,0.275,1580,0.017,無,0,無,0
SW-80135C0,CO,6,N,0.93,36.51,36.64,0.13,2.31,2.92,0.61,5.75,6.37,0.62,,7.01,,65.38,0.95,1724,0.73,1576,0.57,1391,0.135,1191,0.084,無,0,無,0
SW-80135C0,CO,6,N,0.93,36.51,36.08,-0.43,2.31,2.77,0.46,5.75,6.31,0.56,,6.89,,66.3,0.8,1724,0.73,1576,0.58,1391,0.13,1191,0.084,無,0,無,0
SW-80135C0,CO,6,N,0.93,36.51,35.98,-0.53,2.31,2.47,0.16,5.75,5.77,0.02,,6.28,,66.86,0.37,1724,0.73,1576,0.59,1391,0.125,1191,0.084,無,0,無,0
SW-80135C0,CO,6,N,0.93,36.51,35.74,-0.77,2.31,2.16,-0.16,5.75,5.73,-0.03,,6.12,,69.38,0.48,1724,0.73,1576,0.59,1391,0.12,1191,0.084,無,0,無,0
SW-80135C0,CO,6,N,0.93,36.51,36.04,-0.47,2.31,2.33,0.02,5.75,5.8,0.05,,6.25,,68.13,0.26,1724,0.708,1576,0.572,1391,0.12,1191,0.0815,無,0,無,0
SW-80660C0,PI,7,Y,1.04,35.04,35.38,0.34,48.6,48.94,0.34,3.33,3.42,0.09,,,,,0.24,1383,2.5,1384,0.9,1430,0.35,1580,0.015,無,0,無,0
SW-80660C0,GR,7,Y,1.04,45.56,45.58,0.02,-25.15,-25.12,0.04,-4.07,-4.22,-0.15,,,,,0.11,1588,0.714,1191,0.12,1565,0.107,1430,0.0174,無,0,無,0
SCK-3841,PI,5,Y,1.39,41.87,42.42,0.55,57.52,57.53,0.01,8.83,8.89,0.06,,58.21,,8.79,0.28,1360,0.95,1374,0.55,1580,0.008,無,0,無,0,無,0
SW-80312,BL,2,N,0.69,61.58,61.43,-0.15,-3.5,-3.13,0.37,-28.48,-28.98,-0.5,,,,,0.42,1567,0.23,1580,0.0305,1391,0.0225,1142,0.0009,無,0,無,0
SK-548C0,BL,1,N,1.25,74.26,74.16,-0.1,-1.97,-1.38,0.59,-5.26,-4.11,1.15,,4.34,,251.4,1.33,1510,0.0505,1310,0.0387,1111,0.0247,無,0,無,0,無,0
SK-548C0,BL,1,N,1.25,74.26,74,-0.26,-1.97,-2.09,-0.12,-5.26,-4.93,0.33,,5.35,,246.99,0.42,1510,0.052,1310,0.036,1111,0.024,無,0,無,0,無,0
SK-548C0,BL,1,N,1.25,74.26,74.31,0.05,-1.97,-2.49,-0.52,-5.26,-5.08,0.18,,5.65,,243.89,0.7,1510,0.052,1310,0.034,1111,0.023,無,0,無,0,無,0
SK-548C0,BL,1,N,1.25,74.26,74.2,-0.06,-1.97,-2,-0.03,-5.26,-5.22,0.03,,5.59,,249.03,0.06,1510,0.052,1310,0.0345,1111,0.022,無,0,無,0,無,0
SK-548C0,BL,1,N,1.25,74.26,74.41,0.15,-1.97,-1.94,0.03,-5.26,-5.22,0.04,,5.57,,249.66,0.08,1510,0.052,1310,0.0345,1111,0.022,無,0,無,0,無,0
SCK-250,BL,1,N,1.04,74.72,74.94,0.22,-2.53,-2.07,0.46,-5.08,-5.2,-0.11,,5.59,,248.26,0.59,1510,0.0468,1310,0.032,1111,0.0214,無,0,無,0,無,0
SCK-250,BL,1,N,1.04,74.72,75.36,0.64,-2.53,-2.63,-0.1,-5.08,-5.07,0.02,,5.71,,242.59,0.27,1510,0.0491,1310,0.031,1111,0.0225,無,0,無,0,無,0
SCK-250,BL,1,N,1.04,74.72,75.25,0.53,-2.53,-2.8,-0.28,-5.08,-4.79,0.3,,5.55,,239.64,0.54,1510,0.05,1310,0.031,1111,0.0229,無,0,無,0,無,0
SCK-250,BL,1,N,1.04,74.72,74.6,-0.12,-2.53,-2.81,-0.28,-5.08,-5.07,0.01,,5.8,,241.01,0.35,1510,0.05,1310,0.0317,1111,0.023,無,0,無,0,無,0
SCK-250,BL,1,N,1.04,74.72,74.22,-0.5,-2.53,-2.87,-0.34,-5.08,-5.09,-0.01,,5.85,,240.6,0.45,1510,0.0515,1310,0.0325,1111,0.0236,無,0,無,0,無,0
SCK-250,BL,1,N,1.04,74.72,74.82,0.1,-2.53,-2.65,-0.12,-5.08,-5.09,-0.01,,5.74,,242.51,0.15,1510,0.05,1310,0.032,1111,0.0228,無,0,無,0,無,0
SCK-250,BL,1,N,1.04,74.72,74.99,0.28,-2.53,-2.63,-0.1,-5.08,-5.08,0,,5.72,,242.65,0.16,1510,0.05,1310,0.032,1111,0.0228,無,0,無,0,無,0
SW-80088AMC0,BL,5,Y,1.04,25.16,23.16,-2,-6.72,-6.2,0.52,-15.53,-14.77,0.75,,,,,1.53,1578,1.527,1588,0.505,1191,0.152,無,0,無,0,無,0
SW-80088AMC0,BL,5,Y,1.04,25.16,26.23,1.07,-6.72,-7.33,-0.61,-15.53,-15.44,0.09,,,,,0.95,1578,1.527,1588,0.505,1191,0.152,無,0,無,0,無,0
SW-80088AMC0,BL,5,Y,1.04,25.16,28.14,2.98,-6.72,-8.63,-1.91,-15.53,-15.29,0.24,,,,,2.76,1578,1.25,1588,0.45,1191,0.13,無,0,無,0,無,0
SW-80088AMC0,BL,5,Y,1.04,25.16,26.84,1.68,-6.72,-8.18,-1.46,-15.53,-15.18,0.34,,,,,1.85,1578,1.1,1588,0.5,1191,0.13,1391,0.001,無,0,無,0
SW-80088AMC0,BL,5,Y,1.04,25.16,25.78,0.62,-6.72,-7.53,-0.81,-15.53,-15.15,0.38,,,,,0.97,1578,1.2,1588,0.525,1191,0.136,1391,0.0025,無,0,無,0
SW-80088AMC0,BL,5,Y,1.04,25.16,25.34,0.18,-6.72,-6.82,-0.1,-15.53,-15.38,0.15,,,,,0.2,1578,1.3,1588,0.55,1191,0.14,1391,0.004,無,0,無,0
SW-80088AMC0,BL,5,Y,1.04,25.16,25.62,0.46,-6.72,-6.74,-0.01,-15.53,-15.47,0.06,,,,,0.33,1578,1.3,1588,0.55,1191,0.13,1391,0.008,無,0,無,0
SW-80088AMC0,PU,5,Y,1.04,29.46,27.65,-1.8,27.88,29.79,1.91,-17.66,-15.53,2.13,,,,,2.22,1374,1.2,1430,0.96,1588,0.51,1383,0.21,無,0,無,0
SW-80088AMC0,PU,5,Y,1.04,29.46,28.14,-1.32,27.88,26.94,-0.95,-17.66,-18.02,-0.36,,,,,1.04,1374,1.2,1430,0.96,1588,0.51,1383,0.21,無,0,無,0
SW-80088AMC0,PU,5,Y,1.04,29.46,29.74,0.29,27.88,27.31,-0.57,-17.66,-18.01,-0.35,,,,,0.46,1374,1.2,1430,0.96,1588,0.55,1383,0.15,無,0,無,0
SW-80088AMC0,PU,5,Y,1.04,29.46,29.18,-0.27,27.88,27.59,-0.29,-17.66,-17.86,-0.2,,,,,0.29,1374,1,1430,0.82,1588,0.45,1383,0.15,無,0,無,0
SW-80088AMC0,PU,5,Y,1.04,29.46,29.84,0.38,27.88,28.05,0.17,-17.66,-17.74,-0.08,,,,,0.26,1374,1,1430,0.82,1588,0.44,1383,0.19,無,0,無,0
SW-80088AMC0,YE,5,Y,1.04,58.71,57.18,-1.54,7.42,7.76,0.34,62.54,63.06,0.52,,,,,0.7,1142,1.13,1201,0.334,1580,0.105,1391,0.053,無,0,無,0
SW-80088AMC0,YE,5,Y,1.04,58.71,56.44,-2.27,7.42,7.85,0.42,62.54,62.85,0.31,,,,,1,1142,1.13,1201,0.334,1580,0.105,1391,0.053,無,0,無,0
SW-80088AMC0,YE,5,Y,1.04,58.71,58.73,0.01,7.42,6.74,-0.69,62.54,63.54,1,,,,,0.6,1142,1.02,1201,0.3,1580,0.095,1391,0.046,無,0,無,0
SW-80088AMC0,YE,5,Y,1.04,58.71,59.82,1.11,7.42,6.57,-0.85,62.54,63.73,1.19,,,,,0.87,1142,0.97,1201,0.283,1580,0.089,1391,0.043,無,0,無,0
SW-80088AMC0,YE,5,Y,1.04,58.71,58.84,0.12,7.42,7.55,0.13,62.54,62.67,0.13,,,,,0.1,1142,0.97,1201,0.3,1580,0.095,1391,0.048,無,0,無,0
SW-80425C0,KH,2,Y,1.04,69.25,67.83,-1.42,0.01,0.62,0.61,11.85,11.27,-0.58,,,,,1.07,1565,0.035,1191,0.033,1391,0.0223,1201,0.015,無,0,無,0
SW-80425C0,KH,2,Y,1.04,69.25,68.39,-0.86,0.01,-0.16,-0.17,11.85,11.01,-0.84,,,,,0.77,1191,0.033,1565,0.032,1391,0.023,1201,0.015,無,0,無,0
SW-80425C0,KH,2,Y,1.04,69.25,68.57,-0.68,0.01,0.68,0.67,11.85,12,0.14,,,,,0.89,1191,0.033,1565,0.032,1391,0.022,1201,0.015,無,0,無,0
SW-80425C0,KH,2,Y,1.04,69.25,68.73,-0.52,0.01,0.21,0.19,11.85,12.07,0.22,,,,,0.36,1191,0.0315,1565,0.0304,1391,0.0208,1201,0.0142,無,0,無,0
SW-80425C0,KH,2,Y,1.04,69.25,69.33,0.08,0.01,-0.02,-0.03,11.85,11.93,0.07,,,,,0.08,1191,0.031,1565,0.0305,1391,0.02,1201,0.014,無,0,無,0
SW-80591C0,BK,6,Y,1.04,19.07,18.99,-0.07,-0.04,0.27,0.3,-1.57,-1.21,0.37,,,,,0.66,1862,1.38,1578,1,1391,0.88,1191,0.6,無,0,無,0
SW-80591C0,BK,6,Y,1.04,19.07,18.95,-0.12,-0.04,0.26,0.3,-1.57,-1.59,-0.01,,,,,0.43,1862,1.4,1578,1,1391,0.82,1191,0.56,無,0,無,0
SW-80591C0,BK,6,Y,1.04,19.07,18.83,-0.24,-0.04,0.25,0.29,-1.57,-1.63,-0.06,,,,,0.46,1862,1.4,1578,1,1391,0.79,1191,0.53,無,0,無,0
SW-80591C0,BK,6,Y,1.04,19.07,18.65,-0.42,-0.04,-0.04,0,-1.57,-1.7,-0.13,,,,,0.4,1862,1.4,1578,1,1391,0.73,1191,0.53,無,0,無,0
SW-80591C0,BK,6,Y,1.04,19.07,18.91,-0.16,-0.04,-0.02,0.01,-1.57,-1.74,-0.17,,,,,0.27,1862,1.3,1578,1,1391,0.73,1191,0.54,無,0,無,0
SW-80591C0,YE,3,Y,1.04,79.58,79.71,0.13,14.75,13.31,-1.44,84.01,83.98,-0.03,,,,,0.84,1142,0.62,1201,0.04,1722,0.022,無,0,無,0,無,0
SW-80591C0,YE,3,Y,1.04,79.58,79.31,-0.26,14.75,13.58,-1.17,84.01,84.3,0.29,,,,,0.72,1142,0.62,1201,0.04,1722,0.022,無,0,無,0,無,0
SW-80591C0,YE,3,Y,1.04,79.58,79.99,0.41,14.75,15.46,0.71,84.01,85.25,1.24,,,,,0.53,1142,0.6,1201,0.05,1722,0.02,無,0,無,0,無,0
SW-80591C0,YE,3,Y,1.04,79.58,80.24,0.66,14.75,14.7,-0.05,84.01,84.18,0.17,,,,,0.25,1142,0.6,1201,0.0465,1722,0.02,無,0,無,0,無,0
SW-8947C0,OR,7,Y,0.69,45.87,45.42,-0.45,56.02,56.04,0.02,44.67,45.03,0.36,,71.89,,38.78,0.3,1353,3,1142,0.84,1391,0.36,無,0,無,0,無,0
SCK-3484,KH,1,N,1.25,80.07,80.7,0.63,8.69,8.04,-0.65,6.69,6.81,0.12,,10.54,,40.27,0.89,1310,0.0395,1111,0.0295,1510,0.0085,無,0,無,0,無,0
SCK-3484,KH,1,N,1.25,80.07,80.19,0.12,8.69,8.4,-0.29,6.69,6.63,-0.07,,10.7,,38.28,0.3,1310,0.041,1111,0.0295,1510,0.0085,無,0,無,0,無,0
SCK-3484,KH,1,N,1.25,80.07,79.94,-0.13,8.69,8.73,0.04,6.69,6.49,-0.2,,10.88,,36.65,0.3,1310,0.043,1111,0.0295,1510,0.0085,無,0,無,0,無,0
SCK-3484,KH,1,N,1.25,80.07,80.1,0.03,8.69,8.8,0.11,6.69,6.62,-0.07,,11.01,,36.94,0.2,1310,0.043,1111,0.03,1510,0.0085,無,0,無,0,無,0
SCK-3484,KH,1,N,1.25,80.07,80.1,0.03,8.69,8.82,0.13,6.69,6.61,-0.09,,11.02,,36.83,0.24,1310,0.043,1111,0.03,1510,0.0085,無,0,無,0,無,0
SW-80660C0,RE,5,Y,1.04,43.28,44.52,1.24,36.82,37.61,0.79,27.39,27.73,0.34,,,,,0.72,1722,0.69,1350,0.42,1589,0.16,無,0,無,0,無,0
SW-80660C0,RE,5,Y,1.04,43.28,42.96,-0.32,36.82,36,-0.82,27.39,27.4,0.01,,,,,0.52,1722,0.65,1350,0.39,1589,0.13,無,0,無,0,無,0
SW-80660C0,RE,5,Y,1.04,43.28,42.83,-0.45,36.82,35.9,-0.92,27.39,27.26,-0.13,,,,,0.55,1722,0.67,1350,0.4,1589,0.13,無,0,無,0,無,0
SW-80660C0,RE,5,Y,1.04,43.28,42.98,-0.3,36.82,36.19,-0.63,27.39,27.39,-0.01,,,,,0.4,1722,0.67,1350,0.39,1589,0.13,無,0,無,0,無,0
SW-80660C0,RE,5,Y,1.04,43.28,43.62,0.34,36.82,36.05,-0.78,27.39,27.42,0.03,,,,,0.5,1722,0.64,1350,0.39,1589,0.135,無,0,無,0,無,0
SW-80660C0,RE,5,Y,1.04,43.28,43.76,0.48,36.82,36.04,-0.78,27.39,27.43,0.03,,,,,0.54,1722,0.64,1350,0.39,1589,0.14,無,0,無,0,無,0
SW-80660C0,GR,5,Y,1.04,35.57,36.32,0.74,-9.59,-9.58,0.01,4.56,4.7,0.14,,,,,0.44,1576,0.72,1585,0.38,1191,0.27,1722,0.162,無,0,無,0
SW-80661C0,BK,7,Y,1.04,18.3,18.06,-0.23,0.01,-0.13,-0.14,-3.37,-3.55,-0.17,,,,,0.35,1862,1.9,1578,0.5,1430,0.47,1191,0.25,無,0,無,0
SW-80661C0,BL,5,Y,1.04,42.48,41.17,-1.31,-11.15,-10.72,0.43,-9.33,-9.99,-0.66,,,,,0.99,1576,0.725,1191,0.105,1588,0.0315,無,0,無,0,無,0
SW-80661C0,BL,5,Y,1.04,42.48,41.75,-0.73,-11.15,-11.12,0.03,-9.33,-9.89,-0.56,,,,,0.61,1576,0.685,1191,0.1,1588,0.0315,無,0,無,0,無,0
SW-80661C0,BL,5,Y,1.04,42.48,42.54,0.06,-11.15,-11.1,0.05,-9.33,-9.79,-0.46,,,,,0.41,1576,0.65,1191,0.095,1588,0.03,無,0,無,0,無,0
SW-80661C0,BL,5,Y,1.04,42.48,42.58,0.1,-11.15,-11.12,0.03,-9.33,-9.61,-0.29,,,,,0.26,1576,0.65,1191,0.097,1588,0.03,無,0,無,0,無,0
SW-80661C0,BL,5,Y,1.04,42.48,42.74,0.27,-11.15,-11.21,-0.06,-9.33,-9.32,0,,,,,0.14,1576,0.65,1191,0.099,1588,0.03,無,0,無,0,無,0
SW-80661C0,GR,2,Y,1.04,62.6,61.78,-0.82,-6.47,-6.67,-0.21,2.31,1.54,-0.77,,,,,1,1565,0.105,1191,0.027,1722,0.024,1391,0.0042,無,0,無,0
SW-80661C0,GR,2,Y,1.04,62.6,62.85,0.25,-6.47,-6.42,0.05,2.31,2.7,0.39,,,,,0.47,1565,0.098,1191,0.027,1722,0.024,1391,0.0042,無,0,無,0
SW-80661C0,GR,2,Y,1.04,62.6,63.32,0.72,-6.47,-6.31,0.15,2.31,3.22,0.91,,,,,1.13,1565,0.095,1191,0.027,1722,0.024,1391,0.004,無,0,無,0
SW-80661C0,GR,2,Y,1.04,62.6,62.51,-0.09,-6.47,-6.4,0.06,2.31,2.68,0.37,,,,,0.44,1191,0.0265,1722,0.024,1565,0.01,1391,0.004,無,0,無,0
SCK-3029,NB,7,N,0.9,29.85,29.74,-0.11,-4.5,-4.28,0.23,-6.4,-5.47,0.93,,,,,0.93,1578,0.95,1391,0.38,1142,0.3,無,0,無,0,無,0
SCK-3029,NB,7,N,0.9,29.85,29.67,-0.17,-4.5,-3.81,0.69,-6.4,-5.41,0.99,,,,,1.11,1578,0.94,1391,0.4,1142,0.3,無,0,無,0,無,0
SCK-3029,NB,7,N,0.9,29.85,29.25,-0.59,-4.5,-4.31,0.19,-6.4,-6.28,0.12,,,,,0.43,1578,1,1391,0.37,1142,0.29,無,0,無,0,無,0
SCK-3029,NB,7,N,0.9,29.85,28.89,-0.96,-4.5,-4.36,0.14,-6.4,-7.07,-0.67,,,,,0.94,1578,1.05,1391,0.36,1142,0.28,無,0,無,0,無,0
SCK-3029,NB,7,N,0.9,29.85,29.26,-0.58,-4.5,-4.27,0.23,-6.4,-6.6,-0.2,,,,,0.52,1578,1,1391,0.36,1142,0.28,無,0,無,0,無,0
SCK-3029,NB,7,N,0.9,29.85,29.42,-0.43,-4.5,-4.36,0.15,-6.4,-6.73,-0.33,,,,,0.49,1578,1,1391,0.35,1142,0.28,無,0,無,0,無,0
SCK-3029,NB,7,N,0.9,29.85,29.73,-0.12,-4.5,-4.95,-0.45,-6.4,-6.29,0.11,,,,,0.54,1578,1,1391,0.34,1142,0.285,無,0,無,0,無,0
SCK-3029,NB,7,N,0.9,29.85,29.63,-0.21,-4.5,-5.11,-0.6,-6.4,-6.1,0.3,,,,,0.82,1578,1,1391,0.335,1142,0.29,無,0,無,0,無,0
SCK-3029,NB,7,N,0.9,29.85,29.5,-0.35,-4.5,-4.54,-0.04,-6.4,-6.58,-0.18,,,,,0.28,1578,1,1391,0.35,1142,0.28,無,0,無,0,無,0
SCK-3029,BL,2,N,0.9,67.28,68.25,0.97,-11.24,-10.54,0.7,-20.73,-20.11,0.62,,,,,0.68,1565,0.165,1580,0.063,1191,0.0055,無,0,無,0,無,0
SCK-3029,BL,2,N,0.9,67.28,67.66,0.38,-11.24,-10.88,0.36,-20.73,-21.82,-1.09,,,,,0.81,1565,0.165,1580,0.063,1191,0.0055,無,0,無,0,無,0
SW-80352C01,GY,4,Y,0.69,30.65,30.47,-0.18,0.07,0.15,0.08,-7.16,-7.17,-0.01,,,,,0.15,1578,0.8,1391,0.304,1191,0.17,1722,0.11,無,0,無,0
SK-548C0,KH,2,N,1.25,70.53,71.05,0.52,-0.57,-0.57,-0.01,15.54,16.02,0.48,,16.03,,92.05,0.39,1565,0.041,1722,0.03,1142,0.027,1430,0.0071,無,0,無,0
SK-548C0,KH,2,N,1.25,70.53,70.48,-0.05,-0.57,-0.59,-0.02,15.54,15.74,0.19,,15.75,,92.15,0.14,1565,0.042,1722,0.03,1142,0.027,1430,0.0073,無,0,無,0
SK-548C0,KH,2,N,1.25,70.53,70.79,0.26,-0.57,-0.65,-0.09,15.54,15.6,0.06,,15.62,,92.39,0.14,1565,0.042,1722,0.03,1142,0.027,1430,0.0072,無,0,無,0
SCK-250,KH,2,N,1.04,71.83,70.89,-0.93,-0.78,-0.94,-0.16,17.27,16.38,-0.9,,16.4,,93.28,0.71,1565,0.0405,1722,0.031,1142,0.03,1430,0.0061,無,0,無,0
SCK-250,KH,2,N,1.04,71.83,71.23,-0.6,-0.78,-0.83,-0.05,17.27,17.16,-0.11,,17.18,,92.77,0.25,1565,0.038,1142,0.031,1722,0.031,1430,0.006,無,0,無,0
SCK-250,KH,2,N,1.04,71.83,71.27,-0.56,-0.78,-0.61,0.18,17.27,17.41,0.14,,17.42,,92,0.3,1565,0.037,1142,0.031,1722,0.031,1430,0.006,無,0,無,0
SCK-250,KH,2,N,1.04,71.83,71.12,-0.71,-0.78,-0.68,0.11,17.27,17.51,0.23,,17.52,,92.21,0.34,1565,0.0363,1142,0.03,1722,0.03,1430,0.0058,無,0,無,0
SCK-250,KH,2,N,1.04,71.83,71.59,-0.24,-0.78,-0.71,0.07,17.27,17.49,0.22,,17.51,,92.33,0.19,1565,0.0352,1142,0.0291,1722,0.0291,1430,0.0056,無,0,無,0
SCK-250,KH,2,N,1.04,71.83,71.75,-0.08,-0.78,-0.71,0.08,17.27,17.45,0.18,,17.46,,92.32,0.15,1565,0.0352,1142,0.0291,1722,0.029,1430,0.0056,無,0,無,0
SW-80216C0,GY,3,Y,1.04,46.74,46.86,0.12,3.35,3.3,-0.05,6.98,6.45,-0.53,,7.24,,62.89,0.57,1565,0.213,1430,0.185,1142,0.153,1722,0.018,無,0,無,0
SW-80216C0,GY,3,Y,1.04,46.74,46.64,-0.1,3.35,3.18,-0.17,6.98,6.89,-0.09,,7.59,,65.21,0.25,1565,0.213,1430,0.185,1142,0.153,1722,0.018,無,0,無,0
SW-80216C0,GY,3,Y,1.04,46.74,46.33,-0.41,3.35,3.55,0.2,6.98,7.16,0.18,,7.99,,63.65,0.34,1565,0.21,1430,0.19,1142,0.153,1722,0.018,無,0,無,0
SW-80216C0,GY,3,Y,1.04,46.74,46.74,0,3.35,3.46,0.11,6.98,6.78,-0.2,,7.62,,62.95,0.35,1565,0.203,1430,0.185,1142,0.148,1722,0.0174,無,0,無,0
SW-80174C01,PU,2,N,0.93,51.86,50.72,-1.14,3.5,4.28,0.77,-2.49,-2.83,-0.34,,,,,1.08,1565,0.198,1391,0.18,1191,0.085,無,0,無,0,無,0
SW-80174C01,PU,2,N,0.93,51.86,53.9,2.05,3.5,3.39,-0.12,-2.49,-2.52,-0.03,,,,,0.93,1565,0.16,1391,0.14,1191,0.07,無,0,無,0,無,0
SW-80174C01,PU,2,N,0.93,51.86,52.46,0.6,3.5,3.24,-0.26,-2.49,-2.96,-0.47,,,,,0.73,1565,0.18,1391,0.155,1191,0.077,無,0,無,0,無,0
SW-80174C01,PU,2,N,0.93,51.86,52.01,0.15,3.5,3.35,-0.15,-2.49,-2.87,-0.37,,,,,0.51,1565,0.185,1391,0.16,1191,0.08,無,0,無,0,無,0
SW-80174C01,PU,2,N,0.93,51.86,52.41,0.55,3.5,3.76,0.26,-2.49,-2.53,-0.04,,,,,0.39,1565,0.18,1391,0.16,1191,0.08,無,0,無,0,無,0
SW-80174C01,NB,6,N,0.93,19.99,20.05,0.06,1.24,1.34,0.1,-8.85,-9.06,-0.21,,,,,0.22,1578,1.5,1862,0.5,1722,0.46,1391,0.17,無,0,無,0
SK-1288,BK,6,N,2.08,18.1,18.61,0.5,-0.54,-0.64,-0.1,-2.45,-2.33,0.12,,,,,0.5,1862,1.5,1391,0.435,1578,0.4,1191,0.295,無,0,無,0
SK-1288,BK,6,N,2.08,18.1,18.96,0.86,-0.54,-0.99,-0.45,-2.45,-2.3,0.14,,,,,0.99,1862,1.5,1391,0.435,1578,0.4,1191,0.29,無,0,無,0
SK-1288,BK,6,N,2.08,18.1,18.42,0.32,-0.54,-0.93,-0.39,-2.45,-2.33,0.11,,,,,0.61,1862,1.65,1391,0.435,1578,0.4,1191,0.29,無,0,無,0
SK-1288,BK,6,N,2.08,18.1,18.28,0.18,-0.54,-0.51,0.03,-2.45,-2.36,0.09,,,,,0.2,1862,1.65,1391,0.46,1578,0.4,1191,0.28,無,0,無,0
SK-1288,GR,4,N,2.08,70.52,70.86,0.34,-5.7,-5.78,-0.08,70.05,70.65,0.6,,,,,0.24,1191,0.87,1201,0.064,1565,0.034,1724,0.0037,無,0,無,0
SK-1288,BL,5,N,2.08,25.57,26.12,0.55,-8.31,-8.56,-0.25,-18.98,-18.78,0.21,,,,,0.47,1588,1.65,1578,0.8,1191,0.06,1430,0.01,無,0,無,0
SK-1288,BL,5,N,2.08,25.57,26.5,0.92,-8.31,-8.63,-0.32,-18.98,-19.4,-0.42,,,,,0.72,1588,1.65,1578,0.85,1191,0.06,1430,0.01,無,0,無,0
SK-1288,BL,5,N,2.08,25.57,25.88,0.3,-8.31,-8.11,0.19,-18.98,-19.39,-0.41,,,,,0.41,1588,1.65,1578,0.9,1191,0.06,1430,0.011,無,0,無,0
SK-1288,BL,5,N,2.08,25.57,25.65,0.07,-8.31,-8.33,-0.03,-18.98,-19.05,-0.07,,,,,0.07,1588,1.65,1578,0.95,1191,0.063,1430,0.011,無,0,無,0
SK-1288,BL,5,N,2.08,25.57,25.29,-0.28,-8.31,-7.37,0.94,-18.98,-18.92,0.06,,,,,0.81,1588,1.65,1578,1,1191,0.065,1430,0.011,無,0,無,0
SK-1288,BL,5,N,2.08,25.57,25.46,-0.11,-8.31,-7.6,0.71,-18.98,-18.89,0.09,,,,,0.59,1588,1.7,1578,1,1191,0.065,1430,0.008,無,0,無,0
SK-1288,BL,5,N,2.08,25.57,24.98,-0.59,-8.31,-7.45,0.86,-18.98,-18.95,0.03,,,,,0.83,1588,1.75,1578,1,1191,0.065,1430,0.005,無,0,無,0
SK-1288,BL,5,N,2.08,25.57,24.76,-0.81,-8.31,-7.45,0.86,-18.98,-18.94,0.04,,,,,0.91,1588,1.8,1578,0.8,1191,0.065,1430,0.011,無,0,無,0
SK-1288,BL,5,N,2.08,25.57,26.47,0.9,-8.31,-9.2,-0.9,-18.98,-18.67,0.31,,,,,1.04,1588,1.7,1578,0.8,1191,0.06,1430,0.01,無,0,無,0
SK-1288,OR,5,N,2.08,45.88,46.99,1.1,52.51,52.5,-0.01,44.65,44.95,0.3,,,,,0.56,1353,1.96,1142,0.412,1201,0.19,1565,0.022,無,0,無,0
SK-1288,OR,5,N,2.08,45.88,46.13,0.24,52.51,52.62,0.11,44.65,45.2,0.55,,,,,0.32,1353,2.16,1142,0.453,1201,0.21,1565,0.0245,無,0,無,0
SCK-3828,OL,5,N,1.04,28.01,25.52,-2.49,-1.02,-0.93,0.09,6.46,6.58,0.12,,,,,1.63,1576,0.85,1722,0.37,1142,0.265,1391,0.076,無,0,無,0
SCK-3828,TQ,2,N,1.04,58.08,55.51,-2.56,-29.24,-29.96,-0.72,-4.57,-4.96,-0.39,,,,,1.17,1580,0.4,1567,0.08,1191,0.046,1724,0.016,無,0,無,0
SCK-3828,TQ,2,N,1.04,58.08,55.59,-2.49,-29.24,-29.49,-0.25,-4.57,-5.32,-0.75,,,,,1.17,1580,0.4,1567,0.08,1191,0.044,1724,0.017,無,0,無,0
SCK-3828,TQ,2,N,1.04,58.08,55.47,-2.61,-29.24,-29.57,-0.33,-4.57,-4.79,-0.23,,,,,1.13,1580,0.38,1567,0.084,1191,0.046,1724,0.016,無,0,無,0
SCK-3841,KH,2,Y,1.39,69.05,69.38,0.34,1.91,1.92,0.01,9.19,9.48,0.29,,,,,0.28,1310,0.026,1111,0.023,1510,0.0085,無,0,無,0,無,0
SCK-3841,GY,5,Y,1.39,26.04,25.75,-0.29,-1.02,-1.04,-0.02,1.96,1.9,-0.06,,2.17,,118.68,0.22,1593,0.72,1191,0.42,1391,0.412,1722,0.105,無,0,無,0
SCK-3841,GY,5,Y,1.39,26.04,25.91,-0.13,-1.02,-1.09,-0.07,1.96,1.88,-0.08,,2.18,,120.17,0.17,1593,0.72,1191,0.42,1391,0.41,1722,0.105,無,0,無,0
SW-8829C0,BR,3,Y,0.69,49.46,48.79,-0.66,10.08,10.15,0.07,-0.14,-0.46,-0.32,,,,,0.49,1391,0.25,1565,0.22,1142,0.054,1722,0.04,無,0,無,0
SW-8829C0,BR,3,Y,0.69,49.46,48.95,-0.51,10.08,10.01,-0.07,-0.14,-0.55,-0.41,,,,,0.53,1391,0.238,1565,0.21,1142,0.0515,1722,0.038,無,0,無,0
SW-8829C0,BR,3,Y,0.69,49.46,49.34,-0.11,10.08,9.77,-0.31,-0.14,-0.58,-0.44,,,,,0.58,1391,0.25,1565,0.195,1142,0.0515,1722,0.038,無,0,無,0
SW-8829C0,BR,3,Y,0.69,49.46,49.24,-0.22,10.08,11.21,1.12,-0.14,0.07,0.21,,,,,0.97,1391,0.25,1565,0.195,1142,0.0515,1722,0.0395,無,0,無,0
SW-8829C0,BR,3,Y,0.69,49.46,49.61,0.15,10.08,10.99,0.91,-0.14,0.01,0.15,,,,,0.77,1391,0.24,1565,0.2,1142,0.0515,1722,0.038,無,0,無,0
SW-8829C0,BR,3,Y,0.69,49.46,49.37,-0.09,10.08,10.47,0.39,-0.14,-0.47,-0.33,,,,,0.49,1391,0.25,1565,0.22,1142,0.054,1722,0.04,無,0,無,0
SW-8829C0,BR,3,Y,0.69,49.46,49.8,0.35,10.08,10.4,0.32,-0.14,-0.26,-0.12,,,,,0.34,1391,0.238,1565,0.2,1142,0.053,1722,0.038,無,0,無,0
SW-8829C0,BL,3,Y,0.69,40.67,40.86,0.19,-3.29,-3.2,0.09,-7.57,-7.65,-0.09,,,,,0.17,1576,0.69,1722,0.11,1142,0.04,無,0,無,0,無,0
SW-8829C0,RE,6,Y,0.69,41.77,41.8,0.04,57.82,57.63,-0.19,13.95,13.95,0,,,,,0.07,1384,2.23,1362,1.23,無,0,無,0,無,0,無,0
SK-1083C0,GY,1,N,1.25,77.74,78.08,0.34,1.7,2.16,0.47,4.72,4.24,-0.48,,,,,0.95,1111,0.042,1310,0.035,1510,0.027,無,0,無,0,無,0
SK-1083C0,GY,1,N,1.25,77.74,78.18,0.44,1.7,1.91,0.22,4.72,5.15,0.43,,,,,0.54,1111,0.045,1310,0.034,1510,0.0275,無,0,無,0,無,0
SK-1083C0,GY,1,N,1.25,77.74,78.22,0.47,1.7,1.83,0.14,4.72,4.93,0.21,,,,,0.33,1111,0.045,1310,0.034,1510,0.028,無,0,無,0,無,0
SCK-4001,BK,7,N,0.54,18.99,17.97,-1.03,0.1,0.16,0.06,-1.06,-0.72,0.34,1.07,0.74,275.23,282.62,1.01,1862,2.8,1863,1.6,1430,0.97,1191,0.73,無,0,無,0
SCK-4001,BK,7,N,0.54,18.99,18.02,-0.98,0.1,0.08,-0.02,-1.06,-0.8,0.26,1.07,0.81,275.23,275.85,0.91,1862,2.8,1863,1.52,1430,0.93,1191,0.7,無,0,無,0
SCK-4001,BK,7,N,0.54,18.99,18.79,-0.21,0.1,0.14,0.04,-1.06,-1.12,-0.06,1.07,1.13,275.23,277.1,0.21,1862,3,1863,1,1430,0.93,1191,0.65,無,0,無,0
SCK-4001,BK,7,N,0.54,18.99,18.86,-0.13,0.1,0.14,0.04,-1.06,-1.11,-0.05,1.07,1.12,275.23,277.06,0.15,1862,3,1863,1,1430,0.93,1191,0.65,無,0,無,0
SK-1008C0,KH,2,N,0.83,78.41,76.79,-1.63,0.54,0.69,0.15,7.85,8.24,0.39,,,,,0.73,1111,0.0815,1310,0.065,1510,0.043,無,0,無,0,無,0
SW-80418,BR,3,N,1.25,51.1,51.12,0.02,15.85,16.18,0.33,10.13,9.79,-0.35,,18.91,,31.17,0.57,1391,0.365,1142,0.138,1565,0.128,無,0,無,0,無,0
SW-80418,BR,3,N,1.25,51.1,51.2,0.1,15.85,15.89,0.04,10.13,10.11,-0.03,,18.83,,32.46,0.07,1391,0.365,1142,0.138,1565,0.128,無,0,無,0,無,0
SW-80418,BR,3,N,1.25,51.1,50.76,-0.34,15.85,16.12,0.27,10.13,10.26,0.12,,19.11,,32.47,0.25,1391,0.365,1142,0.14,1565,0.128,無,0,無,0,無,0
SW-80418,BR,3,N,1.25,51.1,51.02,-0.08,15.85,16,0.15,10.13,10.04,-0.09,,18.89,,32.11,0.2,1391,0.363,1142,0.14,1565,0.128,無,0,無,0,無,0
SW-80418,BR,2,N,1.25,70.61,70.39,-0.21,7.64,7.34,-0.3,6.75,6.46,-0.29,,9.78,,41.33,0.35,1310,0.145,1111,0.102,1510,0.047,無,0,無,0,無,0
SW-80418,BR,2,N,1.25,70.61,69.42,-1.18,7.64,7.44,-0.2,6.75,6.49,-0.26,,9.87,,41.06,0.54,1310,0.145,1111,0.102,1510,0.047,無,0,無,0,無,0
SW-80418,BR,2,N,1.25,70.61,70.4,-0.21,7.64,8.85,1.21,6.75,6.35,-0.39,,10.89,,35.69,1.85,1310,0.135,1111,0.11,1510,0.05,無,0,無,0,無,0
SW-80418,BR,2,N,1.25,70.61,70.15,-0.46,7.64,9.2,1.55,6.75,6.06,-0.69,,11.01,,33.36,2.58,1310,0.135,1111,0.105,1510,0.05,無,0,無,0,無,0
SW-80418,BR,2,N,1.25,70.61,70.43,-0.18,7.64,7.34,-0.3,6.75,6.23,-0.52,,9.62,,40.31,0.57,1310,0.132,1111,0.102,1510,0.049,無,0,無,0,無,0
SW-80418,BR,2,N,1.25,70.61,70.61,0,7.64,7.29,-0.35,6.75,6.23,-0.51,,9.59,,40.52,0.56,1310,0.145,1111,0.105,1510,0.048,無,0,無,0,無,0
SW-80418,BR,2,N,1.25,70.61,70.43,-0.18,7.64,7.79,0.15,6.75,6.7,-0.04,,10.28,,40.72,0.24,1310,0.15,1111,0.105,1510,0.049,無,0,無,0,無,0
SW-80418,BR,2,N,1.25,70.61,70.36,-0.25,7.64,7.76,0.12,6.75,6.73,-0.01,,10.27,,40.96,0.18,1310,0.14,1111,0.11,1510,0.049,無,0,無,0,無,0
FS-8871C0,BR,3,N,1.04,49.48,49.84,0.35,15.95,16.01,0.05,9.09,9.24,0.15,,18.48,,29.98,0.21,1391,0.405,1142,0.15,1565,0.143,無,0,無,0,無,0
FS-8871C0,RE,2,N,1.04,49.48,49.84,0.35,15.95,16.01,0.05,9.09,9.24,0.15,,18.48,,29.98,0.21,1391,0.405,1142,0.15,1565,0.143,無,0,無,0,無,0
FS-8871C0,BR,3,N,1.04,49.48,49.67,0.18,15.95,16.05,0.1,9.09,9.22,0.12,,18.51,,29.86,0.14,1391,0.405,1142,0.15,1565,0.143,無,0,無,0,無,0
FS-8871C0,RE,2,N,1.04,49.48,49.67,0.18,15.95,16.05,0.1,9.09,9.22,0.12,,18.51,,29.86,0.14,1391,0.405,1142,0.15,1565,0.143,無,0,無,0,無,0
FS-8871C0,BR,4,N,1.04,40.02,40.45,0.42,2.2,2.62,0.42,4.73,4.88,0.14,,5.53,,61.78,0.62,1576,0.53,1391,0.315,1191,0.3,1722,0.072,無,0,無,0
FS-8871C0,BR,4,N,1.04,40.02,40.28,0.25,2.2,2.26,0.06,4.73,4.85,0.12,,5.35,,65.04,0.19,1576,0.54,1391,0.31,1191,0.305,1722,0.072,無,0,無,0
FS-8871C0,BR,4,N,1.04,40.02,40.35,0.33,2.2,2.27,0.07,4.73,4.92,0.19,,5.42,,65.23,0.27,1576,0.54,1391,0.31,1191,0.303,1722,0.072,無,0,無,0
SCK-3841,PI,2,Y,1.39,63.24,64.02,0.78,46.88,46.4,-0.48,20.31,21.25,0.94,,,,,0.78,1353,0.13,1142,0.012,1580,0.001,無,0,無,0,無,0
SCK-3841,PI,2,Y,1.39,63.24,63.01,-0.24,46.88,47.24,0.36,20.31,21.4,1.09,,,,,0.66,1353,0.13,1142,0.012,1580,0.0012,無,0,無,0,無,0
SCK-3841,PI,2,Y,1.39,63.24,63.26,0.02,46.88,46.45,-0.42,20.31,20.84,0.53,,,,,0.45,1353,0.13,1142,0.012,1580,0.0014,無,0,無,0,無,0
SCK-3841,PI,2,Y,1.39,63.24,63.1,-0.15,46.88,46.79,-0.08,20.31,19.62,-0.69,,,,,0.43,1353,0.14,1142,0.0115,1580,0.0014,無,0,無,0,無,0
SCK-3841,PI,2,Y,1.39,63.24,62.69,-0.55,46.88,47.02,0.14,20.31,21.04,0.73,,,,,0.5,1353,0.14,1142,0.13,1580,0.0014,無,0,無,0,無,0
SCK-3841,PI,2,Y,1.39,63.24,62.94,-0.3,46.88,46.55,-0.32,20.31,21.14,0.83,,,,,0.62,1353,0.14,1142,0.012,1580,0.0014,無,0,無,0,無,0
SCK-3841,PI,2,Y,1.39,63.24,63.33,0.09,46.88,47.04,0.16,20.31,21,0.69,,,,,0.42,1353,0.135,1142,0.0125,1580,0.0014,無,0,無,0,無,0
SCK-3841,PI,2,Y,1.39,63.24,63.08,-0.16,46.88,47.22,0.35,20.31,21.21,0.9,,,,,0.54,1353,0.135,1142,0.0118,1580,0.0014,無,0,無,0,無,0
SCK-3841,PI,2,Y,1.39,63.24,63.02,-0.23,46.88,47.19,0.31,20.31,21.02,0.71,,,,,0.43,1353,0.135,1142,0.0115,1580,0.0014,無,0,無,0,無,0
SCK-3841,PI,2,Y,1.39,63.24,62.85,-0.39,46.88,47.02,0.15,20.31,20.61,0.31,,,,,0.24,1353,0.135,1142,0.0105,1580,0.0014,無,0,無,0,無,0
SCK-4154AM,BK,6,N,1.25,16.75,17.6,0.85,-0.25,-0.31,-0.07,-2.1,-2.3,-0.21,,,,,0.85,1862,2.23,1863,1,1391,0.265,1191,0.144,無,0,無,0
SCK-4154AM,BK,6,N,1.25,16.75,17.06,0.31,-0.25,-0.26,-0.01,-2.1,-2.2,-0.1,,,,,0.32,1862,2.5,1863,1,1391,0.265,1191,0.15,無,0,無,0
SCK-4154AM,NB,6,N,1.25,18.78,18.98,0.21,0.58,0.65,0.07,-9.47,-9.09,0.38,,,,,0.39,1578,1.3,1576,0.85,1724,0.77,1391,0.35,無,0,無,0
SCK-4154AM,NB,6,N,1.25,18.78,18.98,0.2,0.58,0.66,0.08,-9.47,-9.17,0.3,,,,,0.33,1578,1.4,1576,0.92,1724,0.83,1391,0.38,無,0,無,0
SCK-4154AM,NB,6,N,1.25,18.78,18.95,0.17,0.58,0.74,0.15,-9.47,-9.57,-0.1,,,,,0.26,1578,1.4,1576,0.95,1724,0.83,1391,0.37,無,0,無,0
SCK-4154AM,NB,6,N,1.25,18.78,18.79,0.01,0.58,0.75,0.17,-9.47,-9.57,-0.09,,,,,0.24,1578,1.4,1576,1,1724,0.83,1391,0.37,無,0,無,0
SCK-4154AM,NB,6,N,1.25,18.78,18.38,-0.4,0.58,0.72,0.13,-9.47,-9.5,-0.02,,,,,0.39,1578,1.4,1576,1.05,1724,0.8,1391,0.37,無,0,無,0
SCK-4154AM,GY,2,N,1.25,59.83,60.29,0.46,-2.58,-2.11,0.47,0.82,1.27,0.45,,,,,0.86,1565,0.12,1391,0.065,1142,0.041,無,0,無,0,無,0
SCK-4154AM,GY,2,N,1.25,59.83,60.6,0.77,-2.58,-1.87,0.71,0.82,1.13,0.31,,,,,1.03,1565,0.125,1391,0.063,1142,0.041,無,0,無,0,無,0
SCK-4154AM,GY,2,N,1.25,59.83,61.51,1.68,-2.58,-3.67,-1.09,0.82,2.16,1.34,,,,,2.28,1565,0.13,1391,0.064,1142,0.043,無,0,無,0,無,0
SCK-4154AM,KH,2,N,1.25,74.86,75.33,0.47,-1.16,-1.13,0.03,12.14,11.99,-0.15,,,,,0.21,1111,0.0945,1310,0.052,1510,0.0308,無,0,無,0,無,0
SCK-4154AM,RE,7,N,1.25,37.86,38.21,0.35,54.91,55.11,0.2,35.21,35.58,0.37,,,,,0.26,1384,2.5,1351,1.6,1142,0.88,1353,0.8,無,0,無,0
SCK-4154AM,GR,3,N,1.25,45.11,45.89,0.78,-7.74,-7.33,0.41,4.12,4.28,0.17,,,,,0.59,1576,0.398,1724,0.205,1191,0.102,無,0,無,0,無,0
SCK-4154AM,GR,3,N,1.25,45.11,45.72,0.61,-7.74,-7.39,0.35,4.12,4.82,0.7,,,,,0.92,1576,0.398,1724,0.21,1191,0.107,無,0,無,0,無,0
SCK-4154AM,GR,3,N,1.25,45.11,44.52,-0.59,-7.74,-7.85,-0.11,4.12,3.5,-0.62,,,,,0.75,1576,0.44,1724,0.205,1191,0.11,無,0,無,0,無,0
SCK-4154AM,GR,3,N,1.25,45.11,44.33,-0.79,-7.74,-8.05,-0.31,4.12,3.22,-0.89,,,,,1.12,1576,0.45,1724,0.2,1191,0.112,無,0,無,0,無,0
SCK-4154AM,GR,3,N,1.25,45.11,45.33,0.22,-7.74,-7.73,0.02,4.12,4.06,-0.06,,,,,0.12,1576,0.398,1724,0.205,1191,0.102,無,0,無,0,無,0
SCK-4154AM,RE,3,N,1.25,54.37,55.22,0.85,47.15,46.45,-0.7,23.03,22.69,-0.33,,,,,0.48,1362,0.715,1142,0.116,1565,0.0146,無,0,無,0,無,0
SCK-4154AM,RE,3,N,1.25,54.37,54.93,0.56,47.15,46.85,-0.3,23.03,23.16,0.13,,,,,0.31,1362,0.74,1142,0.12,1565,0.0146,無,0,無,0,無,0
SCK-4154AM,RE,3,N,1.25,54.37,54.57,0.2,47.15,47.47,0.32,23.03,23.28,0.26,,,,,0.19,1362,0.78,1142,0.12,1565,0.0146,無,0,無,0,無,0
SCK-4154AM,RE,3,N,1.25,49.38,50.02,0.64,22.93,22.65,-0.28,9.6,9.63,0.03,,,,,0.35,1724,0.272,1391,0.27,1565,0.082,無,0,無,0,無,0
SCK-4154AM,RE,3,N,1.25,49.38,49.59,0.21,22.93,23.19,0.26,9.6,9.59,-0.01,,,,,0.19,1391,0.28,1724,0.275,1565,0.082,無,0,無,0,無,0
SCK-3415,PU,1,N,2.5,72.32,72.64,0.32,2.27,2.34,0.07,-9.22,-8.78,0.44,,,,,0.45,1310,0.043,1510,0.037,1111,0.012,無,0,無,0,無,0
SCK-3415,PU,1,N,2.5,72.32,72.79,0.47,2.27,2.14,-0.12,-9.22,-8.21,1.02,,,,,0.9,1310,0.043,1510,0.039,1111,0.011,無,0,無,0,無,0
SCK-3415,PU,1,N,2.5,72.32,72.05,-0.26,2.27,2.27,0,-9.22,-8.96,0.26,,,,,0.26,1310,0.043,1510,0.037,1111,0.012,無,0,無,0,無,0
SCK-3415,PU,1,N,2.5,72.32,72.08,-0.24,2.27,2.38,0.12,-9.22,-9.28,-0.06,,,,,0.18,1310,0.043,1510,0.04,1111,0.01,無,0,無,0,無,0
SCK-3484,WH,1,N,1.25,90.18,90.26,0.07,-0.49,-0.35,0.15,5.23,5.57,0.34,,5.58,,93.56,0.42,1111,0.0075,1310,0.0054,1510,0.0038,無,0,無,0,無,0
SCK-3484,WH,1,N,1.25,90.18,90.21,0.03,-0.49,-0.32,0.17,5.23,5.64,0.42,,5.65,,93.28,0.5,1111,0.0075,1310,0.0054,1510,0.0039,無,0,無,0,無,0
SCK-3484,WH,1,N,1.25,90.18,90.02,-0.16,-0.49,-0.51,-0.02,5.23,5.37,0.15,,5.4,,95.41,0.17,1111,0.0075,1310,0.0054,1510,0.004,無,0,無,0,無,0
SCK-3484,WH,1,N,1.25,90.18,90.2,0.02,-0.49,-0.47,0.03,5.23,5.15,-0.07,,5.18,,95.18,0.08,1111,0.007,1310,0.0052,1510,0.0039,無,0,無,0,無,0
SCK-3484,WH,1,N,1.25,90.18,90.11,-0.08,-0.49,-0.48,0.01,5.23,5.18,-0.05,,5.2,,95.34,0.06,1111,0.007,1310,0.0052,1510,0.0039,無,0,無,0,無,0
SW-80312,GY,1,N,0.69,74.76,74.62,-0.14,-0.49,-0.41,0.08,-0.23,-0.32,-0.09,,,,,0.19,1310,0.0585,1510,0.052,1111,0.046,無,0,無,0,無,0
SW-80058C0,BL,5,N,1.04,21.28,21.15,-0.13,2.79,2.75,-0.04,-13.64,-12.65,1,,,,,0.75,1578,1.1,1862,0.85,1430,0.45,1142,0.01,無,0,無,0
SW-80058C0,BL,5,N,1.04,21.28,21.34,0.06,2.79,2.98,0.19,-13.64,-13.43,0.21,,,,,0.32,1578,1.19,1862,0.92,1430,0.484,1142,0.0114,無,0,無,0
SW-80058C0,BL,5,N,1.04,21.28,21.18,-0.1,2.79,3.15,0.36,-13.64,-13.5,0.14,,,,,0.49,1578,1.23,1862,0.95,1430,0.5,1142,0.012,無,0,無,0
SW-80058C0,BL,5,N,1.04,21.28,21.4,0.12,2.79,3,0.21,-13.64,-13.45,0.19,,,,,0.34,1578,1.3,1862,1,1430,0.55,1142,0.0115,無,0,無,0
SW-80058C0,BL,5,N,1.04,21.28,21.29,0.01,2.79,2.97,0.18,-13.64,-13.44,0.21,,,,,0.3,1578,1.3,1862,1.05,1430,0.55,1142,0.011,無,0,無,0
SW-80058C0,BL,5,N,1.04,21.28,21.31,0.03,2.79,3,0.21,-13.64,-13.47,0.17,,,,,0.32,1578,1.3,1862,1.05,1430,0.55,1142,0.0098,無,0,無,0
SW-80058C0,BL,5,N,1.04,21.28,21.28,0,2.79,3,0.21,-13.64,-13.4,0.24,,,,,0.35,1578,1.3,1862,1.05,1430,0.54,1142,0.009,無,0,無,0
SW-80058C0,BL,5,N,1.04,21.28,21.35,0.07,2.79,3,0.21,-13.64,-13.44,0.21,,,,,0.34,1578,1.3,1862,1.05,1430,0.54,1142,0.0075,無,0,無,0
SW-80058C0,BL,5,N,1.04,21.28,21.3,0.01,2.79,2.98,0.19,-13.64,-13.38,0.27,,,,,0.34,1578,1.3,1862,1.05,1430,0.53,1142,0.006,無,0,無,0
SW-80058C0,BK,7,N,1.04,18.83,20.48,1.65,0.19,0.77,0.58,-2.59,-2.47,0.12,,,,,1.63,1862,2.65,1391,0.52,1142,0.18,無,0,無,0,無,0
SW-80058C0,BK,7,N,1.04,18.83,20.57,1.74,0.19,0.73,0.55,-2.59,-2.39,0.2,,,,,1.69,1862,2.26,1391,0.8,1578,0.74,1142,0.43,無,0,無,0
SW-80058C0,BK,7,N,1.04,18.83,18.36,-0.47,0.19,0.29,0.1,-2.59,-1.87,0.72,,,,,1.01,1862,2.6,1391,0.49,1142,0.14,無,0,無,0,無,0
SW-80058C0,BK,7,N,1.04,18.83,21.44,2.62,0.19,0.18,-0.01,-2.59,-3.09,-0.5,,,,,2.34,1862,2.5,1391,0.46,1142,0.12,無,0,無,0,無,0
SW-80058C0,BK,7,N,1.04,18.83,19.55,0.73,0.19,0.12,-0.07,-2.59,-2.57,0.02,,,,,0.63,1862,3.1,1391,0.49,1142,0.16,無,0,無,0,無,0
SW-80264C07,GY,1,Y,1.04,76.99,77.01,0.01,-2.06,-0.89,1.17,0.02,-1.62,-1.64,,1.85,,241.25,2.69,1510,0.024,1310,0.023,1111,0.015,無,0,無,0,無,0
SW-80264C07,GY,1,Y,1.04,76.99,76.88,-0.12,-2.06,-0.66,1.4,0.02,-2.02,-2.04,,2.12,,252.02,3.31,1510,0.024,1310,0.023,1111,0.015,無,0,無,0,無,0
SW-80264C07,GY,1,Y,1.04,76.99,77.21,0.22,-2.06,-0.92,1.14,0.02,-1.57,-1.58,,1.82,,239.66,2.61,1510,0.024,1310,0.023,1111,0.017,無,0,無,0,無,0
SW-80264C07,GY,1,Y,1.04,76.99,76.91,-0.09,-2.06,-0.77,1.28,0.02,-1.78,-1.8,,1.94,,246.49,2.95,1510,0.024,1310,0.022,1111,0.0175,無,0,無,0,無,0
SW-80264C07,GY,1,Y,1.04,76.99,77.16,0.16,-2.06,-2.11,-0.05,0.02,0.08,0.06,,2.11,,177.92,0.12,1510,0.025,1310,0.021,1111,0.019,無,0,無,0,無,0
SW-80264C07,GY,1,Y,1.04,76.99,77.16,0.17,-2.06,-2.1,-0.05,0.02,0.07,0.06,,2.11,,178.03,0.11,1510,0.025,1310,0.021,1111,0.019,無,0,無,0,無,0
SW-80264C07,BR,1,Y,1.04,56.1,55.72,-0.37,1.76,1.89,0.14,7.51,7.51,0.01,,7.75,,75.86,0.26,1576,0.115,1142,0.045,1391,0.044,1722,0.041,無,0,無,0
SW-80264C07,BR,1,Y,1.04,56.1,55.82,-0.28,1.76,2,0.24,7.51,7.11,-0.4,,7.39,,74.32,0.6,1576,0.115,1142,0.045,1391,0.044,1722,0.041,無,0,無,0
SW-80264C07,BR,1,Y,1.04,56.1,55.7,-0.39,1.76,1.97,0.21,7.51,7.24,-0.26,,7.5,,74.82,0.48,1576,0.11,1142,0.045,1391,0.043,1722,0.041,無,0,無,0
SW-80264C07,BR,1,Y,1.04,56.1,56.34,0.24,1.76,2.22,0.47,7.51,7.52,0.01,,7.84,,73.51,0.7,1576,0.11,1142,0.045,1391,0.042,1722,0.041,無,0,無,0
SW-80264C07,BR,1,Y,1.04,56.1,55.98,-0.12,1.76,1.88,0.12,7.51,8.07,0.57,,8.29,,76.91,0.54,1576,0.11,1142,0.045,1391,0.041,1722,0.041,無,0,無,0
SW-80264C07,BR,1,Y,1.04,56.1,56.01,-0.09,1.76,1.81,0.05,7.51,8.09,0.58,,8.29,,77.4,0.55,1576,0.11,1142,0.046,1391,0.041,1722,0.04,無,0,無,0
SW-80264C07,BR,1,Y,1.04,56.1,56.7,0.61,1.76,1.95,0.19,7.51,7.5,0,,7.75,,75.45,0.39,1576,0.11,1142,0.045,1391,0.041,1722,0.041,無,0,無,0
SW-80264C07,BR,1,Y,1.04,56.1,56.71,0.61,1.76,1.93,0.18,7.51,7.51,0,,7.75,,75.55,0.37,1576,0.11,1142,0.045,1391,0.041,1722,0.041,無,0,無,0
SW-80271C0,GY,2,N,0.69,79.73,79.44,-0.28,0.23,0.33,0.1,7.18,7.28,0.1,,,,,0.2,1111,0.0445,1310,0.036,1510,0.02,無,0,無,0,無,0
SW-80271C0,NB,5,N,0.69,21.23,21.04,-0.19,2.82,3.19,0.37,-13.54,-13.65,-0.11,,,,,0.47,1578,1.1,1862,0.88,1430,0.5,1142,0.01,無,0,無,0
SW-80271C0,NB,5,N,0.69,21.23,21.13,-0.1,2.82,3.22,0.41,-13.54,-13.78,-0.24,,,,,0.5,1578,1.1,1862,0.85,1430,0.47,1142,0.01,無,0,無,0
SW-80271C0,NB,5,N,0.69,21.23,20.95,-0.28,2.82,2.19,-0.63,-13.54,-11.9,1.64,,,,,1.32,1578,1.1,1862,0.85,1430,0.45,1142,0.01,無,0,無,0
SW-80271C0,NB,5,N,0.69,21.23,21.45,0.22,2.82,2.84,0.02,-13.54,-13.56,-0.02,,,,,0.18,1578,1.1,1862,0.85,1430,0.45,1142,0.01,無,0,無,0
SW-80271C0,BK,6,N,0.69,18.83,19.15,0.33,0.19,0.36,0.17,-2.59,-2.58,0.01,,,,,0.36,1862,2.65,1391,0.52,1142,0.18,無,0,無,0,無,0
SCW-837AM1,CO,7,N,1,21.09,20.75,-0.34,6.54,5.83,-0.71,1.57,1.26,-0.31,6.73,5.97,13.51,12.17,0.81,1383,2.13,1724,1.3,1578,0.924,1142,0.407,無,0,無,0
SCW-837AM1,CO,7,N,1,21.09,21.18,0.09,6.54,6.02,-0.52,1.57,1.34,-0.23,6.73,6.17,13.51,12.56,0.56,1383,2.024,1724,1.235,1578,0.878,1142,0.387,無,0,無,0
SCW-837AM1,CO,7,N,1,21.09,21.13,0.04,6.54,6.58,0.04,1.57,1.56,-0.01,6.73,6.76,13.51,13.36,0.05,1383,2.1,1724,1.25,1578,0.87,1142,0.39,無,0,無,0
SCKP-463SP3,YE,1,N,0.83,88.42,89.15,0.73,4.08,4.59,0.51,16.5,16.65,0.15,,,,,0.67,1111,0.038,1310,0.0162,無,0,無,0,無,0,無,0
SCKP-463SP3,YE,1,N,0.83,88.42,89.02,0.6,4.08,4.48,0.4,16.5,16.85,0.35,,,,,0.52,1111,0.04,1310,0.0162,1510,0.001,無,0,無,0,無,0
SCKP-463SP3,YE,1,N,0.83,88.42,88.59,0.17,4.08,3.36,-0.73,16.5,16.4,-0.1,,,,,0.9,1111,0.04,1310,0.018,1510,0.0009,無,0,無,0,無,0
SCKP-463SP3,YE,1,N,0.83,88.42,88.04,-0.38,4.08,4.45,0.37,16.5,16.13,-0.37,,,,,0.62,1111,0.04,1310,0.018,1510,0.0009,無,0,無,0,無,0
SCKP-463SP3,YE,1,N,0.83,88.42,87.95,-0.48,4.08,4.36,0.28,16.5,16.22,-0.28,,,,,0.48,1111,0.043,1310,0.017,1510,0.0009,無,0,無,0,無,0
SCKP-463SP3,YE,1,N,0.83,88.42,88.38,-0.04,4.08,3.82,-0.27,16.5,16.87,0.37,,,,,0.49,1111,0.043,1310,0.0165,1510,0.0009,無,0,無,0,無,0
SCKP-463SP3,YE,1,N,0.83,88.42,88.31,-0.12,4.08,3.97,-0.11,16.5,16.43,-0.07,,,,,0.14,1111,0.042,1310,0.0175,1510,0.0008,無,0,無,0,無,0
SCKP-463SP3,WH,1,N,0.83,84.06,84.58,0.52,0.91,1.04,0.13,11.45,11.6,0.14,,,,,0.28,1111,0.044,1310,0.0235,1510,0.0086,無,0,無,0,無,0
SK-1083C0,RW,7,N,1.25,25.3,25.63,0.33,21.47,21.7,0.23,2.68,2.93,0.24,,,,,0.33,1384,2.65,1576,0.58,1191,0.28,1722,0.19,無,0,無,0
SK-1083C0,BL,2,N,1.25,58.13,62.31,4.18,4.71,2.04,-2.67,-32.49,-32.98,-0.49,,,,,2.87,1690,0.3,1565,0.095,1391,0.03,1191,0.001,無,0,無,0
SK-1083C0,BL,2,N,1.25,58.13,58.55,0.42,4.71,4.63,-0.08,-32.49,-31.92,0.57,,,,,0.33,1690,0.33,1565,0.095,1391,0.036,1191,0.0012,無,0,無,0
SK-1083C0,BL,2,N,1.25,58.13,58.46,0.33,4.71,4.74,0.02,-32.49,-32.61,-0.12,,,,,0.15,1690,0.315,1565,0.095,1391,0.03,1191,0.00095,無,0,無,0
SK-1083C0,GY,2,N,1.25,59.45,59.86,0.41,2.52,2.48,-0.04,6.23,6.27,0.04,,,,,0.19,1576,0.095,1191,0.055,1391,0.053,1722,0.023,無,0,無,0
SCK-4131,BL,6,N,2.08,27.01,26.69,-0.32,-5.18,-5.24,-0.06,-12.06,-11.51,0.55,,,,,0.51,1578,1,1391,0.17,1142,0.16,無,0,無,0,無,0
SCK-4131,BL,6,N,2.08,27.01,25.24,-1.77,-5.18,-4.88,0.3,-12.06,-12.18,-0.12,,,,,1.23,1578,1.1,1391,0.17,1142,0.16,無,0,無,0,無,0
SCK-4131,BL,6,N,2.08,27.01,24.85,-2.17,-5.18,-4.56,0.62,-12.06,-12.88,-0.82,,,,,1.77,1578,1.2,1391,0.17,1142,0.16,無,0,無,0,無,0
SCK-4131,BL,6,N,2.08,27.01,23.99,-3.02,-5.18,-5.12,0.06,-12.06,-11.89,0.18,,,,,2.02,1578,1.2,1142,0.175,1391,0.16,無,0,無,0,無,0
SCK-4131,BL,6,N,2.08,27.01,23.91,-3.1,-5.18,-5.76,-0.59,-12.06,-11.11,0.95,,,,,2.35,1578,1.2,1142,0.187,1391,0.15,無,0,無,0,無,0
SCK-4131,BL,6,N,2.08,27.01,23.99,-3.02,-5.18,-5.06,0.11,-12.06,-12.09,-0.02,,,,,2.02,1578,1.2,1142,0.17,1391,0.16,無,0,無,0,無,0
SCK-4131,BL,6,N,2.08,27.01,24.33,-2.68,-5.18,-5.17,0.01,-12.06,-12.24,-0.18,,,,,1.8,1578,1.2,1142,0.168,1391,0.158,無,0,無,0,無,0
SCK-4131,BL,6,N,2.08,27.01,24.81,-2.2,-5.18,-5.26,-0.08,-12.06,-12.38,-0.32,,,,,1.49,1578,1.14,1142,0.16,1391,0.147,無,0,無,0,無,0
SCK-4131,GR,2,N,2.08,62.09,59.84,-2.24,-14.76,-14.93,-0.17,17.72,16.09,-1.63,,,,,1.44,1191,0.16,1565,0.14,1391,0.033,無,0,無,0,無,0
SCK-4131,GR,2,N,2.08,62.09,60.06,-2.03,-14.76,-14.4,0.36,17.72,17.87,0.15,,,,,0.89,1191,0.17,1565,0.13,1391,0.035,無,0,無,0,無,0
SCK-4131,GR,2,N,2.08,62.09,59.57,-2.52,-14.76,-14.21,0.55,17.72,18.72,1,,,,,1.33,1191,0.18,1565,0.13,1391,0.037,無,0,無,0,無,0
SCK-4131,GR,2,N,2.08,62.09,60.11,-1.98,-14.76,-14.98,-0.22,17.72,17.63,-0.09,,,,,0.83,1191,0.17,1565,0.13,1391,0.034,無,0,無,0,無,0
SCK-4131,GR,2,N,2.08,62.09,60.01,-2.08,-14.76,-14.57,0.19,17.72,18.16,0.44,,,,,0.92,1191,0.17,1565,0.135,1391,0.0325,無,0,無,0,無,0
SCK-4131,GR,2,N,2.08,62.09,59.73,-2.36,-14.76,-15.02,-0.25,17.72,17.73,0.01,,,,,0.99,1191,0.17,1565,0.13,1391,0.0335,無,0,無,0,無,0
SCK-4131,NB,6,N,2.08,35.25,34.55,-0.7,8.13,7.52,-0.61,-46.84,-45.95,0.89,,,,,0.64,1567,0.8,1690,0.8,1565,0.45,1681,0.068,無,0,無,0
SCK-4131,NB,6,N,2.08,35.25,33.86,-1.39,8.13,8.12,-0.01,-46.84,-46.36,0.48,,,,,0.8,1690,0.9,1567,0.8,1565,0.44,1681,0.068,無,0,無,0
SCK-4131,NB,6,N,2.08,35.25,33.44,-1.81,8.13,8.02,-0.11,-46.84,-46.09,0.75,,,,,1.06,1567,0.9,1690,0.8,1565,0.45,1681,0.07,無,0,無,0
SCK-4131,NB,6,N,2.08,35.25,33.66,-1.6,8.13,8.79,0.67,-46.84,-46.94,-0.1,,,,,1.01,1690,1,1567,0.8,1565,0.42,1681,0.066,無,0,無,0
SCK-4131,NB,6,N,2.08,35.25,33.41,-1.84,8.13,9.55,1.42,-46.84,-47.53,-0.69,,,,,1.42,1690,1.2,1567,0.8,1565,0.42,1681,0.066,無,0,無,0
SCK-4131,NB,6,N,2.08,35.25,33.3,-1.95,8.13,9.22,1.1,-46.84,-47.23,-0.39,,,,,1.33,1690,1.2,1567,0.8,1565,0.45,1681,0.063,無,0,無,0
SCK-4131,NB,6,N,2.08,35.25,32.85,-2.41,8.13,9.42,1.29,-46.84,-47.29,-0.46,,,,,1.61,1690,1.2,1567,0.8,1565,0.5,1681,0.06,無,0,無,0
SCK-4131,NB,6,N,2.08,35.25,33.97,-1.28,8.13,8.04,-0.08,-46.84,-46.26,0.58,,,,,0.76,1567,0.8,1690,0.8,1565,0.45,1681,0.068,無,0,無,0
SCK-4131,NB,6,N,2.08,35.25,33.79,-1.46,8.13,8.65,0.52,-46.84,-47.07,-0.23,,,,,0.89,1690,1,1567,0.8,1565,0.45,1681,0.06,無,0,無,0
SCK-4131,NB,6,N,2.08,35.25,33.79,-1.46,8.13,8.6,0.48,-46.84,-47,-0.16,,,,,0.88,1690,1.1,1567,0.8,1565,0.45,1681,0.055,無,0,無,0
SW-80351C0,BL,5,Y,0.69,29.38,29.4,0.02,-2.93,-2.83,0.09,-24.52,-24.91,-0.39,,,,,0.24,1578,1.15,1580,0.5,1565,0.4,1191,0.015,無,0,無,0
SW-80660C0,KH,4,Y,1.04,37.54,36.82,-0.72,2.88,3,0.12,8.07,7.93,-0.14,,8.48,,69.28,0.47,1576,0.446,1191,0.263,1722,0.188,1430,0.174,無,0,無,0
SW-80660C0,KH,4,Y,1.04,37.54,37.34,-0.2,2.88,3,0.12,8.07,9.02,0.95,,9.5,,71.61,0.9,1576,0.42,1191,0.265,1722,0.185,1430,0.17,無,0,無,0
SW-80660C0,KH,4,Y,1.04,37.54,36.87,-0.67,2.88,2.83,-0.05,8.07,8.1,0.04,,8.59,,70.73,0.37,1576,0.42,1191,0.25,1722,0.178,1430,0.165,無,0,無,0
SW-80660C0,KH,4,Y,1.04,37.54,37.2,-0.34,2.88,2.87,-0.01,8.07,7.85,-0.22,,8.35,,69.92,0.28,1576,0.41,1191,0.242,1722,0.173,1430,0.16,無,0,無,0
SW-80660C0,KH,4,Y,1.04,37.54,36.62,-0.92,2.88,2.88,0,8.07,7.95,-0.11,,8.46,,70.1,0.51,1576,0.4,1191,0.242,1722,0.173,1430,0.16,無,0,無,0
SW-80660C0,KH,4,Y,1.04,37.54,38.17,0.64,2.88,3.06,0.18,8.07,8.32,0.25,,8.87,,69.78,0.46,1576,0.38,1191,0.23,1722,0.164,1430,0.152,無,0,無,0
SCK-3484P1,RE,1,N,1.25,64.34,64.48,-0.02,6.96,6.67,-0.4,-7.9,-5.42,2.57,,,,,2.51,1565,0.061,1430,0.0478,1724,0.033,無,0,無,0,無,0
SCK-3484P1,RE,1,N,1.25,64.34,66.15,1.65,6.96,5.63,-1.44,-7.9,-4.73,3.26,,,,,3.17,1565,0.058,1430,0.0454,1724,0.0313,無,0,無,0,無,0
SCK-3484P1,RE,1,N,1.25,64.34,64.32,-0.18,6.96,7.22,0.15,-7.9,-7.92,0.07,,,,,0.2,1565,0.058,1430,0.0454,1724,0.0313,無,0,無,0,無,0
SK-1133C0,GY,2,N,0.83,82.69,79.39,-3.31,-8.19,-10.18,-2,-0.21,-2.18,-1.96,,,,,3.03,1580,0.14,1391,0.03,1191,0.016,無,0,無,0,無,0
SCK-1333AM,GY,1,N,0.69,77.39,77.29,-0.1,-1.74,-1.65,0.09,2.06,1.47,-0.59,,2.21,,138.33,0.76,1111,0.0375,1310,0.0355,1510,0.0348,無,0,無,0,無,0
SCK-1333AM,GY,1,N,0.69,77.39,77.25,-0.15,-1.74,-1.81,-0.07,2.06,1.99,-0.07,,2.69,,132.3,0.14,1111,0.039,1310,0.0355,1510,0.0348,無,0,無,0,無,0
SCK-1333AM,GY,1,N,0.69,77.39,77.2,-0.19,-1.74,-1.78,-0.03,2.06,1.99,-0.08,,2.66,,131.81,0.13,1111,0.039,1310,0.0355,1510,0.0345,無,0,無,0,無,0
SK-1324C6,WH,1,Y,1.04,93.69,94.39,0.69,4.46,4.24,-0.22,-17.22,-16.97,0.26,,,,,0.35,1053,0.23,1042,0.18,無,0,無,0,無,0,無,0
SK-1324C6,RE,7,Y,1.04,32.03,31.97,-0.06,47.7,48.22,0.51,21.18,19.55,-1.63,,,,,1.15,1383,2.2,1360,1.9,1430,0.75,1191,0.43,無,0,無,0
SW-80312,BL,4,N,0.69,32.65,32.34,-0.31,-2.09,-1.86,0.22,-7.91,-7.98,-0.07,,,,,0.35,1576,0.58,1567,0.525,1430,0.51,1191,0.351,無,0,無,0
SW-80312,BL,4,N,0.69,32.65,32.96,0.31,-2.09,-2.51,-0.42,-7.91,-7.66,0.25,,,,,0.64,1576,0.58,1567,0.525,1430,0.49,1191,0.35,無,0,無,0
SW-80312,BL,4,N,0.69,32.65,31.75,-0.9,-2.09,-0.97,1.12,-7.91,-6.88,1.03,,,,,1.67,1576,0.58,1593,0.55,1430,0.49,1191,0.35,無,0,無,0
SW-80312,BL,4,N,0.69,32.65,32.62,-0.03,-2.09,-1.86,0.23,-7.91,-8.16,-0.25,,,,,0.4,1576,0.58,1567,0.525,1430,0.51,1191,0.34,無,0,無,0
SW-80312,BL,4,N,0.69,32.65,31.83,-0.82,-2.09,-1.34,0.74,-7.91,-7.79,0.12,,,,,1.04,1576,0.58,1593,0.55,1430,0.45,1191,0.32,無,0,無,0
SW-80180C0,NB,7,N,1.04,20.92,20.06,-0.86,-0.56,-0.27,0.3,-7.24,-7.04,0.2,,,,,0.81,1578,1.6,1724,0.81,1862,0.55,1430,0.22,無,0,無,0
SW-80180C0,NB,7,N,1.04,20.92,20.37,-0.55,-0.56,-0.34,0.23,-7.24,-7.33,-0.09,,,,,0.54,1578,1.6,1724,0.79,1862,0.53,1430,0.21,無,0,無,0
SW-80180C0,NB,7,N,1.04,20.92,20.88,-0.04,-0.56,-0.44,0.12,-7.24,-7.5,-0.26,,,,,0.31,1578,1.6,1724,0.79,1862,0.5,1430,0.2,無,0,無,0
SW-80180C0,NB,7,N,1.04,20.92,20.72,-0.2,-0.56,-0.49,0.08,-7.24,-7.41,-0.18,,,,,0.26,1578,1.6,1724,0.8,1862,0.5,1430,0.19,無,0,無,0
SCK-2114,NB,6,N,0.69,20.83,19.9,-0.94,-0.59,-0.43,0.16,-6.87,-7.24,-0.37,,7.25,,266.62,0.86,1578,1.75,1724,0.9,1862,0.6,1430,0.24,無,0,無,0
SCK-2114,NB,6,N,0.69,20.83,20.74,-0.09,-0.59,-0.6,-0.01,-6.87,-7.29,-0.42,,7.31,,265.32,0.41,1578,1.75,1724,0.95,1862,0.55,1430,0.22,無,0,無,0
SCK-2114,NB,6,N,0.69,20.83,20.77,-0.06,-0.59,-0.59,0,-6.87,-7.28,-0.42,,7.31,,265.41,0.4,1578,1.75,1724,0.95,1862,0.55,1430,0.22,無,0,無,0
SCK-2114,NB,6,N,0.69,22.38,21.29,-1.09,-0.81,-0.57,0.24,-8.25,-8.05,0.2,,8.07,,265.94,0.9,1578,1.6,1724,0.84,1862,0.42,1430,0.18,無,0,無,0
SCK-2114,NB,6,N,0.69,22.38,21.52,-0.86,-0.81,-0.67,0.14,-8.25,-8.49,-0.24,,8.51,,265.52,0.72,1578,1.6,1724,0.78,1862,0.525,1430,0.21,無,0,無,0
SCK-2114,NB,6,N,0.69,22.38,21.68,-0.7,-0.81,-0.71,0.1,-8.25,-8.51,-0.26,,8.54,,265.26,0.6,1578,1.6,1724,0.78,1862,0.5,1430,0.2,無,0,無,0
SCK-2114,NB,6,N,0.69,22.38,21.51,-0.87,-0.81,-0.86,-0.05,-8.25,-8.3,-0.05,,8.34,,264.12,0.66,1578,1.6,1724,0.79,1862,0.48,1430,0.187,無,0,無,0
SCK-2114,NB,6,N,0.69,22.38,21.59,-0.79,-0.81,-0.84,-0.04,-8.25,-8.45,-0.21,,8.49,,264.3,0.63,1578,1.6,1724,0.79,1862,0.45,1430,0.185,無,0,無,0
SCK-2114,NB,6,N,0.69,22.38,22.31,-0.07,-0.81,-0.86,-0.05,-8.25,-8.83,-0.59,,8.88,,264.43,0.53,1578,1.6,1724,0.79,1862,0.4,1430,0.19,無,0,無,0
SCK-2114,NB,6,N,0.69,22.38,22.64,0.26,-0.81,-0.88,-0.07,-8.25,-8.94,-0.69,,8.98,,264.4,0.65,1578,1.6,1724,0.79,1862,0.35,1430,0.19,無,0,無,0
SCK-2114,NB,6,N,0.69,22.38,22.64,0.26,-0.81,-0.87,-0.06,-8.25,-8.93,-0.68,,8.97,,264.45,0.64,1578,1.6,1724,0.805,1862,0.4,1430,0.19,無,0,無,0
SCK-2114,NB,6,N,0.69,22.38,22.58,0.2,-0.81,-0.97,-0.16,-8.25,-8.64,-0.4,,8.7,,263.61,0.43,1578,1.6,1724,0.82,1862,0.4,1430,0.18,無,0,無,0
SCK-2114,NB,6,N,0.69,22.38,22.1,-0.28,-0.81,-0.95,-0.14,-8.25,-8.2,0.05,,8.25,,263.41,0.29,1578,1.6,1724,0.82,1862,0.42,1430,0.19,無,0,無,0
SCK-3484AMST,BR,4,N,1.25,50.1,49.75,-0.34,11.35,11.9,0.55,25.92,26.43,0.51,,,,,0.52,1391,0.37,1142,0.365,1580,0.165,無,0,無,0,無,0
SCK-3484AMST,BR,4,N,1.25,50.1,50.02,-0.08,11.35,11.64,0.29,25.92,26.18,0.27,,,,,0.26,1391,0.36,1142,0.35,1580,0.165,無,0,無,0,無,0
SCK-3484AMST,BR,4,N,1.25,50.1,49.95,-0.15,11.35,11.45,0.1,25.92,26.12,0.21,,,,,0.14,1391,0.355,1142,0.35,1580,0.165,無,0,無,0,無,0
SK-1250C0,BL,6,N,1.04,17,16.68,-0.32,-0.03,-0.2,-0.18,-6.81,-6.9,-0.08,,6.9,,268.31,0.39,1578,2,1862,0.88,1724,0.77,1391,0.275,無,0,無,0
SK-1250C0,BL,6,N,1.04,17,17.18,0.17,-0.03,-0.19,-0.16,-6.81,-6.99,-0.18,,6.99,,268.47,0.32,1578,2,1862,0.85,1724,0.78,1391,0.28,無,0,無,0
SCK-1599,BL,6,N,1.04,16.98,16.48,-0.51,-0.44,-0.35,0.08,-6.26,-6.3,-0.04,,6.31,,266.78,0.49,1578,1.38,1724,0.8,1862,0.622,1391,0.22,無,0,無,0
SCK-1599,BL,6,N,1.04,16.98,15.97,-1.02,-0.44,-0.43,0,-6.26,-6.27,-0.01,,6.29,,266.04,0.95,1578,1.38,1724,0.77,1862,0.7,1391,0.21,無,0,無,0
SCK-1599,BL,6,N,1.04,16.98,16.16,-0.82,-0.44,-0.52,-0.08,-6.26,-6.15,0.12,,6.17,,265.13,0.79,1578,1.38,1862,0.8,1724,0.75,1391,0.2,無,0,無,0
SCK-1599,BL,6,N,1.04,16.98,17.12,0.13,-0.44,-0.3,0.14,-6.26,-6.42,-0.16,,6.43,,267.36,0.28,1578,1.4,1862,0.9,1724,0.72,1391,0.22,無,0,無,0
SCK-1599,BL,6,N,1.04,16.98,15.64,-1.34,-0.44,-0.29,0.15,-6.26,-6.14,0.13,,6.14,,267.28,1.28,1578,1.4,1862,1,1724,0.7,1391,0.22,無,0,無,0
SCK-1599,BL,6,N,1.04,16.98,15.15,-1.83,-0.44,-0.38,0.06,-6.26,-5.78,0.49,,5.79,,266.22,1.78,1578,1.4,1862,1.25,1724,0.66,1391,0.22,無,0,無,0
SCK-1599,BL,6,N,1.04,16.98,13.67,-3.31,-0.44,-0.22,0.22,-6.26,-5.27,0.99,,5.28,,267.62,3.26,1862,1.5,1578,1.4,1724,0.63,1391,0.22,無,0,無,0
SCK-1599,BL,6,N,1.04,16.98,14.27,-2.71,-0.44,-0.24,0.2,-6.26,-5.96,0.3,,5.97,,267.7,2.57,1862,1.5,1578,1.4,1724,0.55,1391,0.22,無,0,無,0
SCK-1599,BL,6,N,1.04,16.98,14.59,-2.4,-0.44,-0.18,0.26,-6.26,-6.22,0.04,,6.22,,268.31,2.26,1862,1.5,1578,1.4,1724,0.5,1391,0.23,無,0,無,0
SCK-1599,BL,6,N,1.04,16.98,13.86,-3.13,-0.44,-0.41,0.03,-6.26,-6.09,0.18,,6.1,,266.18,2.92,1862,1.5,1578,1.4,1724,0.45,1391,0.2,無,0,無,0
SK-1298C0,GY,4,N,1.39,30.14,30.53,0.39,0.68,0.86,0.17,-1.03,-1.06,-0.04,,,,,0.35,1576,0.805,1430,0.22,1191,0.21,1201,0.21,無,0,無,0
SK-1298C0,BL,4,N,1.39,22.54,22.59,0.04,0.49,0.4,-0.09,-11.54,-11.71,-0.18,,,,,0.18,1578,1.26,1430,0.21,1722,0.2,1191,0.11,無,0,無,0
SW-8829C0,TQ,6,Y,0.69,30.54,30.55,0,13.13,13.06,-0.07,-41.46,-41.94,-0.48,,,,,0.23,1567,1.1,1565,1,1034,0.45,1681,0.25,無,0,無,0
SW-80928C0,PU,5,Y,1.04,33.31,31.54,-1.77,35.48,36.3,0.83,-23.07,-22.02,1.05,,,,,1.3,1374,2.8,1681,0.45,1565,0.05,1191,0.025,無,0,無,0
SW-80928C0,PU,5,Y,1.04,33.31,31.37,-1.94,35.48,36.5,1.03,-23.07,-22.18,0.89,,,,,1.38,1374,2.8,1681,0.45,1565,0.05,1191,0.025,無,0,無,0
SW-80928C0,PU,5,Y,1.04,33.31,31.55,-1.76,35.48,36.34,0.86,-23.07,-22.61,0.45,,,,,1.16,1374,2.65,1681,0.45,1565,0.05,1191,0.023,無,0,無,0
SW-80928C0,PU,5,Y,1.04,33.31,31.4,-1.91,35.48,36.43,0.96,-23.07,-22.77,0.29,,,,,1.23,1374,2.5,1681,0.45,1565,0.05,1191,0.0215,無,0,無,0
SW-80928C0,PU,5,Y,1.04,33.31,33.8,0.49,35.48,35.62,0.15,-23.07,-24.17,-1.1,,,,,0.65,1374,2.2,1681,0.42,1565,0.0465,1191,0.019,無,0,無,0
SW-80928C0,PU,5,Y,1.04,33.31,33.9,0.59,35.48,36.2,0.72,-23.07,-24.08,-1.01,,,,,0.65,1374,2.1,1681,0.39,1565,0.044,1191,0.016,無,0,無,0
SW-80928C0,PU,5,Y,1.04,33.31,34.14,0.83,35.48,35.48,0,-23.07,-23.65,-0.58,,,,,0.58,1374,2.3,1681,0.42,1565,0.0465,1191,0.0205,無,0,無,0
SW-80928C0,PU,5,Y,1.04,33.31,33.73,0.42,35.48,35.65,0.17,-23.07,-23.29,-0.22,,,,,0.27,1374,2.3,1681,0.42,1565,0.046,1191,0.0225,無,0,無,0
SW-80928C0,OL,6,Y,1.04,25.11,23.2,-1.92,-0.97,-0.44,0.53,0.91,1.2,0.29,,,,,1.59,1593,1.45,1724,0.82,1191,0.53,1430,0.53,無,0,無,0
SW-80928C0,OL,6,Y,1.04,25.11,22.91,-2.2,-0.97,-0.48,0.49,0.91,1.12,0.21,,,,,1.72,1593,1.45,1724,0.82,1191,0.53,1430,0.53,無,0,無,0
SW-80928C0,OL,6,Y,1.04,25.11,23.4,-1.72,-0.97,-0.69,0.28,0.91,1.21,0.3,,,,,1.33,1593,1.33,1724,0.75,1191,0.485,1430,0.47,無,0,無,0
SW-80928C0,OL,6,Y,1.04,25.11,23.38,-1.73,-0.97,-1.17,-0.2,0.91,1.43,0.52,,,,,1.44,1593,1.45,1724,0.8,1191,0.53,1430,0.48,無,0,無,0
SW-80928C0,OL,6,Y,1.04,25.11,24.32,-0.79,-0.97,-0.91,0.06,0.91,1.21,0.3,,,,,0.7,1593,1.3,1724,0.72,1191,0.46,1430,0.435,無,0,無,0
SW-80928C0,OL,6,Y,1.04,25.11,24.86,-0.01,-0.97,-0.92,-0.02,0.91,0.88,0.01,,,,,0.03,1593,1.23,1724,0.68,1191,0.43,1430,0.415,無,0,無,0
SCK-4284,BK,5,N,1.04,23.12,23.72,0.61,-0.82,-1.33,-0.52,-2.57,-2.88,-0.31,2.7,3.17,252.34,245.15,0.89,1862,1.59,1430,0.3,1142,0.16,無,0,無,0,無,0
SCK-4284,BK,5,N,1.04,23.12,23.53,0.41,-0.82,-1.17,-0.35,-2.57,-2.48,0.09,2.7,2.74,252.34,244.7,0.57,1862,1.6,1430,0.32,1142,0.17,無,0,無,0,無,0
SCK-4284,BK,5,N,1.04,23.12,23.42,0.3,-0.82,-1.03,-0.21,-2.57,-2.58,-0.01,2.7,2.77,252.34,248.2,0.36,1862,1.6,1430,0.34,1142,0.175,無,0,無,0,無,0
SCK-4284,BK,5,N,1.04,23.12,23.38,0.26,-0.82,-0.99,-0.17,-2.57,-2.57,-0.01,2.7,2.76,252.34,249.04,0.29,1862,1.6,1430,0.34,1142,0.17,無,0,無,0,無,0
SW-80779C0,BK,7,Y,1.04,16.97,17.6,0.63,0.3,0.32,0.02,-0.73,-0.8,-0.07,,0.86,,291.85,0.6,1862,3.1,1863,1,1588,0.65,1722,0.47,無,0,無,0
SCK-1134S,BR,1,N,1.25,76.34,76.14,-0.2,-1.24,0.34,1.58,8.38,8.04,-0.35,,8.04,,87.56,2.05,1111,0.061,1310,0.0414,1510,0.027,無,0,無,0,無,0
SCK-1134S,BR,1,N,1.25,76.34,76.86,0.52,-1.24,-1.32,-0.09,8.38,9.1,0.72,,9.2,,98.28,0.67,1111,0.065,1310,0.039,1510,0.0283,無,0,無,0,無,0
SCK-1134S,BR,1,N,1.25,76.34,76.45,0.11,-1.24,-2.46,-1.22,8.38,9.44,1.06,,9.75,,104.61,1.71,1111,0.068,1310,0.037,1510,0.03,無,0,無,0,無,0
SCK-1134S,BR,1,N,1.25,76.34,76.7,0.36,-1.24,-1.33,-0.09,8.38,8.96,0.58,,9.06,,98.41,0.54,1111,0.065,1310,0.039,1510,0.0286,無,0,無,0,無,0
SCK-1134S,BR,1,N,1.25,76.34,76.55,0.21,-1.24,-1.29,-0.06,8.38,8.84,0.46,,8.93,,98.33,0.42,1111,0.065,1310,0.0395,1510,0.029,無,0,無,0,無,0
SCK-1134S,BR,1,N,1.25,76.34,76.59,0.25,-1.24,-1.28,-0.04,8.38,8.77,0.39,,8.87,,98.3,0.36,1111,0.064,1310,0.0393,1510,0.029,無,0,無,0,無,0
SW-80928C0,PI,5,Y,1.04,44.22,44.79,0.57,41.24,41.3,0.07,-16.27,-16.36,-0.09,,,,,0.29,1374,0.63,1430,0.225,1640,0.06,無,0,無,0,無,0
SCK-3642,YE,2,N,1.04,75.5,73.37,-2.13,17.34,17.55,0.21,63.37,63.5,0.14,,,,,0.81,1142,0.22,1201,0.05,1350,0.017,1580,0.0065,無,0,無,0
SW-80779C0,GR,1,Y,1.04,86.98,86.79,-0.19,-11.34,-11.55,-0.2,17.12,16.96,-0.16,,20.52,,124.26,0.22,1111,0.0342,1510,0.0073,1681,0.0011,無,0,無,0,無,0
SW-80779C0,GR,1,Y,1.04,86.98,86.78,-0.2,-11.34,-11.68,-0.33,17.12,17.05,-0.06,,20.67,,124.4,0.27,1111,0.0342,1510,0.0073,1681,0.0011,無,0,無,0,無,0
SW-80779C0,GR,1,Y,1.04,86.98,86.71,-0.27,-11.34,-11.57,-0.23,17.12,17.01,-0.11,,20.58,,124.23,0.23,1111,0.0342,1510,0.0073,1681,0.0011,無,0,無,0,無,0
SCK-4514,BK,7,N,0.69,15.77,15.53,-0.24,0.26,0.32,0.06,-1.1,-1.23,-0.12,,,,,0.31,1862,3.1,1863,1.5,1391,0.68,1191,0.4,無,0,無,0
SCK-4514,BK,7,N,0.69,15.68,15.36,-0.32,0.41,0.34,-0.07,-1.23,-1.29,-0.06,,1.33,,284.76,0.34,1862,3.2,1863,1.5,1391,0.7,1191,0.395,無,0,無,0
SCK-4514,BK,7,N,0.69,15.68,15.53,-0.15,0.41,0.35,-0.05,-1.23,-1.31,-0.08,,1.35,,285.18,0.2,1862,3.2,1863,1.5,1391,0.7,1191,0.395,無,0,無,0
SCK-4514,PU,6,N,0.69,25.25,25.03,-0.21,6.22,6.61,0.39,-7.91,-8.12,-0.21,,10.47,,309.15,0.43,1576,1.57,1391,0.91,1191,0.218,1722,0.15,無,0,無,0
SCK-4514,PU,6,N,0.69,25.25,24.92,-0.32,6.22,6.38,0.16,-7.91,-8.03,-0.13,,10.26,,308.47,0.29,1576,1.472,1391,0.836,1191,0.207,1722,0.142,無,0,無,0
SK-637,YE,2,N,1.04,85.61,83.4,-2.21,2.48,2.6,0.12,85.96,87.76,1.8,,,,,0.97,1142,0.42,1201,0.0285,1565,0.0015,無,0,無,0,無,0
SW-80352C01,KH,2,Y,0.69,66.71,65.58,-1.13,1.61,1.26,-0.35,7.76,6.73,-1.03,,,,,1.1,1233,0.169,1530,0.16,1451,0.084,無,0,無,0,無,0
SW-80352C01,KH,2,Y,0.69,66.71,66.41,-0.3,1.61,1.55,-0.05,7.76,6.87,-0.89,,,,,0.84,1233,0.169,1534,0.16,1451,0.084,無,0,無,0,無,0
SW-80352C01,KH,2,Y,0.69,66.71,66.77,0.07,1.61,2.11,0.5,7.76,7.62,-0.14,,,,,0.78,1233,0.169,1534,0.15,1451,0.084,無,0,無,0,無,0
SW-80352C01,KH,2,Y,0.69,66.71,67.24,0.53,1.61,1.88,0.28,7.76,7.39,-0.37,,,,,0.64,1233,0.171,1534,0.15,1451,0.082,無,0,無,0,無,0
SW-80352C01,KH,2,Y,0.69,66.71,67.04,0.33,1.61,1.66,0.05,7.76,7.34,-0.43,,,,,0.45,1233,0.173,1534,0.155,1451,0.08,無,0,無,0,無,0
SW-80352C01,KH,2,Y,0.69,66.71,66.95,0.24,1.61,1.72,0.11,7.76,7.53,-0.23,,,,,0.32,1233,0.175,1534,0.155,1451,0.08,無,0,無,0,無,0
SW-80352C01,KH,2,Y,0.69,66.71,66.93,0.22,1.61,1.79,0.18,7.76,7.78,0.02,,,,,0.28,1233,0.169,1534,0.168,1451,0.084,無,0,無,0,無,0
SW-80352C01,BR,3,Y,0.69,43.93,44.56,0.63,4.43,4.67,0.24,4.26,4.45,0.18,,,,,0.44,1576,0.288,1391,0.193,1142,0.112,1722,0.054,無,0,無,0
SW-80352C01,BR,3,Y,0.69,43.93,44.73,0.79,4.43,4.41,-0.01,4.26,4.47,0.21,,,,,0.48,1576,0.288,1391,0.19,1142,0.11,1722,0.054,無,0,無,0
SW-80352C01,BR,3,Y,0.69,43.93,45.35,1.42,4.43,4.48,0.05,4.26,4.22,-0.04,,,,,0.71,1576,0.295,1391,0.197,1142,0.115,1722,0.055,無,0,無,0
SW-80352C01,BR,3,Y,0.69,43.93,45.73,1.8,4.43,4.29,-0.14,4.26,4.05,-0.21,,,,,0.93,1576,0.302,1391,0.2,1142,0.117,1722,0.056,無,0,無,0
SW-80352C01,BR,3,Y,0.69,43.93,43.82,-0.11,4.43,4.61,0.19,4.26,4.6,0.33,,,,,0.41,1576,0.32,1391,0.215,1142,0.125,1722,0.06,無,0,無,0
SW-80352C01,BR,3,Y,0.69,43.93,44.26,0.33,4.43,4.55,0.13,4.26,4.44,0.18,,,,,0.28,1576,0.312,1391,0.209,1142,0.122,1722,0.058,無,0,無,0
SW-80352C01,BL,3,Y,0.69,42.97,42.06,-0.91,-4.26,-4.57,-0.31,-12.91,-12.64,0.27,,,,,0.63,1565,0.67,1391,0.115,1191,0.065,1722,0.0295,無,0,無,0
SW-80352C01,BL,3,Y,0.69,42.97,42.37,-0.61,-4.26,-4.26,0,-12.91,-12.33,0.58,,,,,0.54,1565,0.67,1391,0.11,1191,0.065,1722,0.0295,無,0,無,0
SW-80352C01,BL,3,Y,0.69,42.97,43.41,0.43,-4.26,-4.28,-0.02,-12.91,-13.28,-0.37,,,,,0.35,1565,0.67,1391,0.11,1191,0.061,1722,0.029,無,0,無,0
SW-80352C01,OL,2,Y,0.69,55.57,54.84,-0.73,-8.54,-8.66,-0.12,12.11,12.65,0.54,,,,,0.52,1565,0.2,1191,0.153,1391,0.046,1722,0.029,無,0,無,0
SW-80352C01,OL,2,Y,0.69,55.57,56.37,0.8,-8.54,-8.86,-0.32,12.11,12.36,0.25,,,,,0.45,1565,0.196,1191,0.15,1391,0.045,1722,0.029,無,0,無,0
SW-80352C01,OL,2,Y,0.69,55.57,56.28,0.71,-8.54,-9.21,-0.68,12.11,12.61,0.5,,,,,0.68,1565,0.196,1191,0.15,1391,0.0435,1722,0.028,無,0,無,0
SW-80352C01,OL,2,Y,0.69,55.57,55.07,-0.5,-8.54,-8.77,-0.23,12.11,12.55,0.44,,,,,0.41,1565,0.196,1191,0.15,1391,0.042,1722,0.028,無,0,無,0
SW-80352C01,OL,2,Y,0.69,55.57,55.8,0.24,-8.54,-8.68,-0.14,12.11,12.13,0.02,,,,,0.16,1565,0.198,1191,0.15,1391,0.045,1722,0.028,無,0,無,0
SW-80352C01,PU,3,Y,0.69,44.06,44.11,0.06,5.85,5.61,-0.24,-10.89,-10.32,0.57,,11.75,,298.55,0.47,1565,0.387,1391,0.26,1142,0.045,無,0,無,0,無,0
SW-80352C01,PU,3,Y,0.69,44.06,43.72,-0.34,5.85,5.38,-0.47,-10.89,-10.54,0.36,,11.83,,297.06,0.53,1565,0.387,1391,0.25,1142,0.044,無,0,無,0,無,0
SW-80352C01,PU,3,Y,0.69,44.06,45.06,1,5.85,5.8,-0.05,-10.89,-11.17,-0.28,,12.59,,297.45,0.56,1565,0.387,1391,0.26,1142,0.0425,無,0,無,0,無,0
SW-80352C01,PU,3,Y,0.69,44.06,45.23,1.17,5.85,6.08,0.23,-10.89,-11.37,-0.48,,12.89,,298.14,0.7,1565,0.367,1391,0.25,1142,0.04,無,0,無,0,無,0
SW-80352C01,PU,3,Y,0.69,44.06,42.64,-1.42,5.85,6.2,0.35,-10.89,-10.66,0.23,,12.33,,300.2,0.86,1565,0.43,1391,0.3,1142,0.05,無,0,無,0,無,0
SW-80352C01,PU,3,Y,0.69,44.06,43.96,-0.1,5.85,5.93,0.08,-10.89,-11.16,-0.27,,12.64,,298,0.23,1565,0.414,1391,0.28,1142,0.0454,無,0,無,0,無,0
SW-80352C01,PU,3,Y,0.69,44.06,44.32,0.27,5.85,5.9,0.05,-10.89,-11.14,-0.25,,12.61,,297.9,0.25,1565,0.414,1391,0.28,1142,0.0454,無,0,無,0,無,0
SW-80352C01,BL,6,Y,0.69,23.86,22.15,-1.71,-0.11,0.6,0.7,-25.88,-25.59,0.29,,,,,1.4,1578,1.76,1568,1.72,1681,0.1,無,0,無,0,無,0
SW-80352C01,BL,6,Y,0.69,23.86,24.41,0.55,-0.11,-0.25,-0.15,-25.88,-26.5,-0.62,,,,,0.53,1568,1.5,1578,1.5,1681,0.115,1142,0.003,無,0,無,0
SW-80352C01,BL,6,Y,0.69,23.86,23.96,0.1,-0.11,-1.94,-1.84,-25.88,-24.06,1.82,,,,,1.93,1568,1.7,1578,1.7,1565,0.03,1722,0.0005,無,0,無,0
SW-80352C01,BL,6,Y,0.69,23.86,23.76,-0.1,-0.11,-0.71,-0.61,-25.88,-26.4,-0.52,,,,,0.61,1568,1.6,1578,1.5,1681,0.007,無,0,無,0,無,0
SW-80352C01,BL,6,Y,0.69,23.86,25.98,2.12,-0.11,-2.33,-2.23,-25.88,-25.42,0.46,,,,,2.52,1568,1.5,1578,1.5,1681,0.12,1142,0.0085,無,0,無,0
SW-80352C01,BL,6,Y,0.69,23.86,20.52,-3.34,-0.11,1.52,1.63,-25.88,-23.44,2.44,,,,,3.13,1568,1.55,1578,1.5,1681,0.1,無,0,無,0,無,0
SW-80352C01,BL,6,Y,0.69,23.86,23.95,0.09,-0.11,0.09,0.2,-25.88,-26.89,-1.01,,,,,0.57,1568,1.5,1578,1.5,1681,0.11,無,0,無,0,無,0
SW-80352C01,BL,6,Y,0.69,23.86,24.19,0.33,-0.11,-0.02,0.09,-25.88,-27.14,-1.26,,,,,0.72,1568,1.5,1578,1.5,1681,0.11,1142,0.001,無,0,無,0
SW-80352C01,BL,6,Y,0.69,23.86,24.28,0.42,-0.11,-0.21,-0.11,-25.88,-26.94,-1.06,,,,,0.65,1568,1.5,1578,1.5,1681,0.115,1142,0.0015,無,0,無,0
SW-80352C01,BL,6,Y,0.69,23.86,24.36,0.5,-0.11,-0.18,-0.07,-25.88,-26.61,-0.73,,,,,0.54,1568,1.5,1578,1.5,1681,0.115,1142,0.002,無,0,無,0
SW-80352C01,BL,6,Y,0.69,23.86,24.18,0.32,-0.11,-0.31,-0.2,-25.88,-26.23,-0.35,,,,,0.34,1568,1.5,1578,1.5,1681,0.12,1142,0.0085,無,0,無,0
SW-80352C01,YE,2,Y,0.69,75.11,73.76,-1.35,5.78,6.07,0.3,46.09,46.76,0.67,,,,,0.6,1142,0.125,1722,0.049,1565,0.012,無,0,無,0,無,0
SW-80352C01,YE,2,Y,0.69,75.11,74.5,-0.61,5.78,5.18,-0.6,46.09,46.53,0.44,,,,,0.55,1142,0.16,1391,0.04,1565,0.01,無,0,無,0,無,0
SW-80352C01,YE,2,Y,0.69,75.11,74.9,-0.21,5.78,4.91,-0.86,46.09,45.81,-0.28,,,,,0.63,1142,0.2,1391,0.03,1565,0.009,無,0,無,0,無,0
SW-80352C01,YE,2,Y,0.69,75.11,75.41,0.3,5.78,5.14,-0.63,46.09,45.39,-0.69,,,,,0.52,1142,0.17,1391,0.03,1565,0.008,無,0,無,0,無,0
SW-80352C01,YE,2,Y,0.69,75.11,75.39,0.28,5.78,5.58,-0.2,46.09,45.32,-0.77,,,,,0.34,1142,0.15,1391,0.02,1565,0.007,無,0,無,0,無,0
SW-80352C01,YE,2,Y,0.69,75.11,75.34,0.23,5.78,5.83,0.05,46.09,46.09,0,,,,,0.09,1142,0.115,1722,0.045,1565,0.01,無,0,無,0,無,0
SW-80352C01,YE,2,Y,0.69,75.11,75.26,0.15,5.78,5.94,0.16,46.09,46.37,0.29,,,,,0.16,1142,0.115,1722,0.045,1565,0.01,無,0,無,0,無,0
SCK-4023AM6,GR,3,N,1.25,62.9,65.72,2.82,-7.33,-7.36,-0.03,36.39,37.5,1.11,,38.22,,101.11,1.26,1191,0.389,1565,0.063,1391,0.0478,1201,0.01,無,0,無,0
SCK-4023AM6,GR,3,N,1.25,62.9,64.44,1.53,-7.33,-6.93,0.4,36.39,36.54,0.15,,37.19,,100.73,0.69,1191,0.389,1565,0.063,1391,0.0478,1201,0.01,無,0,無,0
SCK-4023AM6,GR,3,N,1.25,62.9,62.76,-0.15,-7.33,-7.21,0.12,36.39,35.46,-0.94,,36.18,,101.5,0.43,1191,0.42,1565,0.076,1391,0.055,1201,0.011,無,0,無,0
SCK-4023AM6,GR,3,N,1.25,62.9,62.84,-0.07,-7.33,-6.94,0.39,36.39,36.08,-0.32,,36.74,,100.89,0.28,1191,0.435,1565,0.076,1391,0.055,1201,0.011,無,0,無,0
SCK-4023AM6,GR,3,N,1.25,62.9,62.96,0.05,-7.33,-7.16,0.18,36.39,36.66,0.26,,37.35,,101.05,0.19,1191,0.45,1565,0.076,1391,0.055,1201,0.011,無,0,無,0
SCK-4023AM6,GR,3,N,1.25,62.9,62.87,-0.04,-7.33,-7.1,0.23,36.39,36.66,0.26,,37.34,,100.96,0.22,1191,0.44,1565,0.076,1391,0.0535,1201,0.011,無,0,無,0
SCK-4023AM6,GR,3,N,1.25,62.9,63.17,0.27,-7.33,-7.52,-0.18,36.39,36.81,0.42,,37.57,,101.54,0.24,1191,0.44,1565,0.076,1391,0.0535,1201,0.011,無,0,無,0
FS-8931C6,BK,7,N,1.04,15.73,15.74,0.01,-0.22,-0.16,0.05,-1.98,-1.64,0.34,,,,,0.45,1862,3.5,1578,1,1430,0.55,1191,0.43,無,0,無,0
FS-8931C6,BK,7,N,1.04,15.73,15.82,0.08,-0.22,-0.11,0.1,-1.98,-2,-0.02,,,,,0.17,1862,3.5,1578,1,1430,0.53,1191,0.4,無,0,無,0
SCK-3883,BL,4,Y,1.04,30.38,29.72,-0.66,1.83,1.89,0.06,-14.59,-14.65,-0.06,,14.77,,277.36,0.41,1578,0.96,1391,0.28,1722,0.098,1191,0.061,無,0,無,0
SCK-3883,BL,4,Y,1.04,30.21,30.42,0.2,1.76,1.98,0.22,-14.66,-14.9,-0.24,,,,,0.32,1578,0.96,1391,0.28,1722,0.098,1191,0.061,無,0,無,0
SCK-4489,BL,3,N,0.52,59.05,56.76,-2.29,-4.43,-2.35,2.09,-28.59,-31.26,-2.68,,,,,2.46,1565,0.28,1681,0.022,1142,0.0015,無,0,無,0,無,0
SCK-4489,BL,5,N,0.52,59.05,56.76,-2.29,-4.43,-2.35,2.09,-28.59,-31.26,-2.68,,,,,2.46,1565,0.28,1681,0.022,1142,0.0015,無,0,無,0,無,0
SCK-4489,GY,5,N,0.52,59.05,56.76,-2.29,-4.43,-2.35,2.09,-28.59,-31.26,-2.68,,,,,2.46,1565,0.28,1681,0.022,1142,0.0015,無,0,無,0,無,0
SCK-4489,PI,2,N,0.52,59.05,56.76,-2.29,-4.43,-2.35,2.09,-28.59,-31.26,-2.68,,,,,2.46,1565,0.28,1681,0.022,1142,0.0015,無,0,無,0,無,0
SCK-4489,BL,3,N,0.52,59.05,55.43,-3.62,-4.43,-2.73,1.7,-28.59,-31.33,-2.74,,,,,2.56,1565,0.3,1681,0.02,1142,0.002,無,0,無,0,無,0
SCK-4489,BL,5,N,0.52,59.05,55.43,-3.62,-4.43,-2.73,1.7,-28.59,-31.33,-2.74,,,,,2.56,1565,0.3,1681,0.02,1142,0.002,無,0,無,0,無,0
SCK-4489,GY,5,N,0.52,59.05,55.43,-3.62,-4.43,-2.73,1.7,-28.59,-31.33,-2.74,,,,,2.56,1565,0.3,1681,0.02,1142,0.002,無,0,無,0,無,0
SCK-4489,PI,2,N,0.52,59.05,55.43,-3.62,-4.43,-2.73,1.7,-28.59,-31.33,-2.74,,,,,2.56,1565,0.3,1681,0.02,1142,0.002,無,0,無,0,無,0
SCK-4489,BL,3,N,0.52,59.05,55.42,-3.63,-4.43,-3.75,0.68,-28.59,-29.51,-0.92,,,,,1.71,1565,0.3,1681,0.02,1142,0.0025,無,0,無,0,無,0
SCK-4489,BL,5,N,0.52,59.05,55.42,-3.63,-4.43,-3.75,0.68,-28.59,-29.51,-0.92,,,,,1.71,1565,0.3,1681,0.02,1142,0.0025,無,0,無,0,無,0
SCK-4489,GY,5,N,0.52,59.05,55.42,-3.63,-4.43,-3.75,0.68,-28.59,-29.51,-0.92,,,,,1.71,1565,0.3,1681,0.02,1142,0.0025,無,0,無,0,無,0
SCK-4489,PI,2,N,0.52,59.05,55.42,-3.63,-4.43,-3.75,0.68,-28.59,-29.51,-0.92,,,,,1.71,1565,0.3,1681,0.02,1142,0.0025,無,0,無,0,無,0
SCK-4489,BL,3,N,0.52,59.05,54.88,-4.17,-4.43,-3.45,0.99,-28.59,-29.87,-1.28,,,,,2.07,1565,0.3,1681,0.018,1142,0.0024,無,0,無,0,無,0
SCK-4489,BL,5,N,0.52,59.05,54.88,-4.17,-4.43,-3.45,0.99,-28.59,-29.87,-1.28,,,,,2.07,1565,0.3,1681,0.018,1142,0.0024,無,0,無,0,無,0
SCK-4489,GY,5,N,0.52,59.05,54.88,-4.17,-4.43,-3.45,0.99,-28.59,-29.87,-1.28,,,,,2.07,1565,0.3,1681,0.018,1142,0.0024,無,0,無,0,無,0
SCK-4489,PI,2,N,0.52,59.05,54.88,-4.17,-4.43,-3.45,0.99,-28.59,-29.87,-1.28,,,,,2.07,1565,0.3,1681,0.018,1142,0.0024,無,0,無,0,無,0
SCK-4489,BL,3,N,0.52,59.05,54.66,-4.4,-4.43,-3.3,1.14,-28.59,-30.78,-2.2,,,,,2.4,1565,0.3,1681,0.016,1142,0.0024,無,0,無,0,無,0
SCK-4489,BL,5,N,0.52,59.05,54.66,-4.4,-4.43,-3.3,1.14,-28.59,-30.78,-2.2,,,,,2.4,1565,0.3,1681,0.016,1142,0.0024,無,0,無,0,無,0
SCK-4489,GY,5,N,0.52,59.05,54.66,-4.4,-4.43,-3.3,1.14,-28.59,-30.78,-2.2,,,,,2.4,1565,0.3,1681,0.016,1142,0.0024,無,0,無,0,無,0
SCK-4489,PI,2,N,0.52,59.05,54.66,-4.4,-4.43,-3.3,1.14,-28.59,-30.78,-2.2,,,,,2.4,1565,0.3,1681,0.016,1142,0.0024,無,0,無,0,無,0
SCK-4489,BL,3,N,0.52,59.05,55.31,-3.74,-4.43,-4.09,0.34,-28.59,-29.61,-1.02,,,,,1.7,1565,0.3,1681,0.014,1142,0.003,無,0,無,0,無,0
SCK-4489,BL,5,N,0.52,59.05,55.31,-3.74,-4.43,-4.09,0.34,-28.59,-29.61,-1.02,,,,,1.7,1565,0.3,1681,0.014,1142,0.003,無,0,無,0,無,0
SCK-4489,GY,5,N,0.52,59.05,55.31,-3.74,-4.43,-4.09,0.34,-28.59,-29.61,-1.02,,,,,1.7,1565,0.3,1681,0.014,1142,0.003,無,0,無,0,無,0
SCK-4489,PI,2,N,0.52,59.05,55.31,-3.74,-4.43,-4.09,0.34,-28.59,-29.61,-1.02,,,,,1.7,1565,0.3,1681,0.014,1142,0.003,無,0,無,0,無,0
SCK-4489,BL,3,N,0.52,59.05,55.17,-3.88,-4.43,-5.22,-0.79,-28.59,-27.95,0.64,,,,,1.8,1565,0.3,1681,0.012,1142,0.004,無,0,無,0,無,0
SCK-4489,BL,5,N,0.52,59.05,55.17,-3.88,-4.43,-5.22,-0.79,-28.59,-27.95,0.64,,,,,1.8,1565,0.3,1681,0.012,1142,0.004,無,0,無,0,無,0
SCK-4489,GY,5,N,0.52,59.05,55.17,-3.88,-4.43,-5.22,-0.79,-28.59,-27.95,0.64,,,,,1.8,1565,0.3,1681,0.012,1142,0.004,無,0,無,0,無,0
SCK-4489,PI,2,N,0.52,59.05,55.17,-3.88,-4.43,-5.22,-0.79,-28.59,-27.95,0.64,,,,,1.8,1565,0.3,1681,0.012,1142,0.004,無,0,無,0,無,0
SCK-4489,BL,3,N,0.52,59.05,55.15,-3.9,-4.43,-4.17,0.26,-28.59,-29.69,-1.1,,,,,1.76,1565,0.3,1681,0.013,1142,0.003,無,0,無,0,無,0
SCK-4489,BL,5,N,0.52,59.05,55.15,-3.9,-4.43,-4.17,0.26,-28.59,-29.69,-1.1,,,,,1.76,1565,0.3,1681,0.013,1142,0.003,無,0,無,0,無,0
SCK-4489,GY,5,N,0.52,59.05,55.15,-3.9,-4.43,-4.17,0.26,-28.59,-29.69,-1.1,,,,,1.76,1565,0.3,1681,0.013,1142,0.003,無,0,無,0,無,0
SCK-4489,PI,2,N,0.52,59.05,55.15,-3.9,-4.43,-4.17,0.26,-28.59,-29.69,-1.1,,,,,1.76,1565,0.3,1681,0.013,1142,0.003,無,0,無,0,無,0
SCK-4489,BL,3,N,0.52,59.05,55.3,-3.75,-4.43,-4.17,0.27,-28.59,-30.13,-1.54,,,,,1.79,1565,0.3,1681,0.012,1142,0.003,無,0,無,0,無,0
SCK-4489,BL,5,N,0.52,59.05,55.3,-3.75,-4.43,-4.17,0.27,-28.59,-30.13,-1.54,,,,,1.79,1565,0.3,1681,0.012,1142,0.003,無,0,無,0,無,0
SCK-4489,GY,5,N,0.52,59.05,55.3,-3.75,-4.43,-4.17,0.27,-28.59,-30.13,-1.54,,,,,1.79,1565,0.3,1681,0.012,1142,0.003,無,0,無,0,無,0
SCK-4489,PI,2,N,0.52,59.05,55.3,-3.75,-4.43,-4.17,0.27,-28.59,-30.13,-1.54,,,,,1.79,1565,0.3,1681,0.012,1142,0.003,無,0,無,0,無,0
SCK-4489,BL,3,N,0.52,59.05,56.3,-2.76,-4.43,-4.51,-0.07,-28.59,-29.17,-0.58,,,,,1.2,1565,0.275,1681,0.013,1142,0.0033,無,0,無,0,無,0
SCK-4489,BL,5,N,0.52,59.05,56.3,-2.76,-4.43,-4.51,-0.07,-28.59,-29.17,-0.58,,,,,1.2,1565,0.275,1681,0.013,1142,0.0033,無,0,無,0,無,0
SCK-4489,GY,5,N,0.52,59.05,56.3,-2.76,-4.43,-4.51,-0.07,-28.59,-29.17,-0.58,,,,,1.2,1565,0.275,1681,0.013,1142,0.0033,無,0,無,0,無,0
SCK-4489,PI,2,N,0.52,59.05,56.3,-2.76,-4.43,-4.51,-0.07,-28.59,-29.17,-0.58,,,,,1.2,1565,0.275,1681,0.013,1142,0.0033,無,0,無,0,無,0
SCK-4489,BL,3,N,0.52,31.57,28.71,-2.86,-3.36,-2.82,0.55,-16.61,-15.47,1.14,,,,,1.92,1593,1.15,1430,0.16,1191,0.1,1201,0.038,無,0,無,0
SCK-4489,BL,5,N,0.52,31.57,28.71,-2.86,-3.36,-2.82,0.55,-16.61,-15.47,1.14,,,,,1.92,1593,1.15,1430,0.16,1191,0.1,1201,0.038,無,0,無,0
SCK-4489,GY,5,N,0.52,31.57,28.71,-2.86,-3.36,-2.82,0.55,-16.61,-15.47,1.14,,,,,1.92,1593,1.15,1430,0.16,1191,0.1,1201,0.038,無,0,無,0
SCK-4489,PI,2,N,0.52,31.57,28.71,-2.86,-3.36,-2.82,0.55,-16.61,-15.47,1.14,,,,,1.92,1593,1.15,1430,0.16,1191,0.1,1201,0.038,無,0,無,0
SCK-4489,BL,3,N,0.52,31.57,27.98,-3.59,-3.36,-2.97,0.39,-16.61,-15.94,0.66,,,,,2.23,1593,1.2,1430,0.15,1191,0.1,1201,0.036,無,0,無,0
SCK-4489,BL,5,N,0.52,31.57,27.98,-3.59,-3.36,-2.97,0.39,-16.61,-15.94,0.66,,,,,2.23,1593,1.2,1430,0.15,1191,0.1,1201,0.036,無,0,無,0
SCK-4489,GY,5,N,0.52,31.57,27.98,-3.59,-3.36,-2.97,0.39,-16.61,-15.94,0.66,,,,,2.23,1593,1.2,1430,0.15,1191,0.1,1201,0.036,無,0,無,0
SCK-4489,PI,2,N,0.52,31.57,27.98,-3.59,-3.36,-2.97,0.39,-16.61,-15.94,0.66,,,,,2.23,1593,1.2,1430,0.15,1191,0.1,1201,0.036,無,0,無,0
SCK-4489,BL,3,N,0.52,31.57,26.54,-5.03,-3.36,-2.83,0.53,-16.61,-16.55,0.06,,,,,3.08,1593,1.35,1430,0.15,1191,0.1,1201,0.034,無,0,無,0
SCK-4489,BL,5,N,0.52,31.57,26.54,-5.03,-3.36,-2.83,0.53,-16.61,-16.55,0.06,,,,,3.08,1593,1.35,1430,0.15,1191,0.1,1201,0.034,無,0,無,0
SCK-4489,GY,5,N,0.52,31.57,26.54,-5.03,-3.36,-2.83,0.53,-16.61,-16.55,0.06,,,,,3.08,1593,1.35,1430,0.15,1191,0.1,1201,0.034,無,0,無,0
SCK-4489,PI,2,N,0.52,31.57,26.54,-5.03,-3.36,-2.83,0.53,-16.61,-16.55,0.06,,,,,3.08,1593,1.35,1430,0.15,1191,0.1,1201,0.034,無,0,無,0
SCK-4489,BL,3,N,0.52,31.57,27.48,-4.09,-3.36,-2.94,0.42,-16.61,-16.02,0.59,,,,,2.52,1593,1.2,1430,0.14,1191,0.094,1201,0.035,無,0,無,0
SCK-4489,BL,5,N,0.52,31.57,27.48,-4.09,-3.36,-2.94,0.42,-16.61,-16.02,0.59,,,,,2.52,1593,1.2,1430,0.14,1191,0.094,1201,0.035,無,0,無,0
SCK-4489,GY,5,N,0.52,31.57,27.48,-4.09,-3.36,-2.94,0.42,-16.61,-16.02,0.59,,,,,2.52,1593,1.2,1430,0.14,1191,0.094,1201,0.035,無,0,無,0
SCK-4489,PI,2,N,0.52,31.57,27.48,-4.09,-3.36,-2.94,0.42,-16.61,-16.02,0.59,,,,,2.52,1593,1.2,1430,0.14,1191,0.094,1201,0.035,無,0,無,0
SCK-4489,BL,3,N,0.52,31.57,28.09,-3.48,-3.36,-3.1,0.26,-16.61,-16.4,0.21,,,,,2.11,1593,1.2,1430,0.13,1191,0.09,1201,0.035,無,0,無,0
SCK-4489,BL,5,N,0.52,31.57,28.09,-3.48,-3.36,-3.1,0.26,-16.61,-16.4,0.21,,,,,2.11,1593,1.2,1430,0.13,1191,0.09,1201,0.035,無,0,無,0
SCK-4489,GY,5,N,0.52,31.57,28.09,-3.48,-3.36,-3.1,0.26,-16.61,-16.4,0.21,,,,,2.11,1593,1.2,1430,0.13,1191,0.09,1201,0.035,無,0,無,0
SCK-4489,PI,2,N,0.52,31.57,28.09,-3.48,-3.36,-3.1,0.26,-16.61,-16.4,0.21,,,,,2.11,1593,1.2,1430,0.13,1191,0.09,1201,0.035,無,0,無,0
SCK-4489,BL,3,N,0.52,31.57,27.91,-3.66,-3.36,-3.45,-0.09,-16.61,-16.55,0.06,,,,,2.21,1593,1.2,1201,0.35,1430,0.12,1191,0.087,無,0,無,0
SCK-4489,BL,5,N,0.52,31.57,27.91,-3.66,-3.36,-3.45,-0.09,-16.61,-16.55,0.06,,,,,2.21,1593,1.2,1201,0.35,1430,0.12,1191,0.087,無,0,無,0
SCK-4489,GY,5,N,0.52,31.57,27.91,-3.66,-3.36,-3.45,-0.09,-16.61,-16.55,0.06,,,,,2.21,1593,1.2,1201,0.35,1430,0.12,1191,0.087,無,0,無,0
SCK-4489,PI,2,N,0.52,31.57,27.91,-3.66,-3.36,-3.45,-0.09,-16.61,-16.55,0.06,,,,,2.21,1593,1.2,1201,0.35,1430,0.12,1191,0.087,無,0,無,0
SCK-4489,BL,3,N,0.52,31.57,28.3,-3.27,-3.36,-3.51,-0.15,-16.61,-16.66,-0.05,,,,,1.97,1593,1.2,1430,0.11,1191,0.085,1201,0.035,無,0,無,0
SCK-4489,BL,5,N,0.52,31.57,28.3,-3.27,-3.36,-3.51,-0.15,-16.61,-16.66,-0.05,,,,,1.97,1593,1.2,1430,0.11,1191,0.085,1201,0.035,無,0,無,0
SCK-4489,GY,5,N,0.52,31.57,28.3,-3.27,-3.36,-3.51,-0.15,-16.61,-16.66,-0.05,,,,,1.97,1593,1.2,1430,0.11,1191,0.085,1201,0.035,無,0,無,0
SCK-4489,PI,2,N,0.52,31.57,28.3,-3.27,-3.36,-3.51,-0.15,-16.61,-16.66,-0.05,,,,,1.97,1593,1.2,1430,0.11,1191,0.085,1201,0.035,無,0,無,0
SCK-4489,BL,3,N,0.52,34.88,30.09,-4.8,-2.03,-1.63,0.4,-5.23,-4.29,0.94,,,,,2.91,1576,0.95,1201,0.21,1191,0.16,1430,0.12,無,0,無,0
SCK-4489,BL,5,N,0.52,34.88,30.09,-4.8,-2.03,-1.63,0.4,-5.23,-4.29,0.94,,,,,2.91,1576,0.95,1201,0.21,1191,0.16,1430,0.12,無,0,無,0
SCK-4489,GY,5,N,0.52,34.88,30.09,-4.8,-2.03,-1.63,0.4,-5.23,-4.29,0.94,,,,,2.91,1576,0.95,1201,0.21,1191,0.16,1430,0.12,無,0,無,0
SCK-4489,PI,2,N,0.52,34.88,30.09,-4.8,-2.03,-1.63,0.4,-5.23,-4.29,0.94,,,,,2.91,1576,0.95,1201,0.21,1191,0.16,1430,0.12,無,0,無,0
SCK-4489,BL,3,N,0.52,34.88,30.19,-4.69,-2.03,-1.57,0.46,-5.23,-5.64,-0.41,,,,,2.76,1576,0.95,1201,0.2,1191,0.14,1430,0.11,無,0,無,0
SCK-4489,BL,5,N,0.52,34.88,30.19,-4.69,-2.03,-1.57,0.46,-5.23,-5.64,-0.41,,,,,2.76,1576,0.95,1201,0.2,1191,0.14,1430,0.11,無,0,無,0
SCK-4489,GY,5,N,0.52,34.88,30.19,-4.69,-2.03,-1.57,0.46,-5.23,-5.64,-0.41,,,,,2.76,1576,0.95,1201,0.2,1191,0.14,1430,0.11,無,0,無,0
SCK-4489,PI,2,N,0.52,34.88,30.19,-4.69,-2.03,-1.57,0.46,-5.23,-5.64,-0.41,,,,,2.76,1576,0.95,1201,0.2,1191,0.14,1430,0.11,無,0,無,0
SCK-4489,BL,3,N,0.52,34.88,30.35,-4.53,-2.03,-1.4,0.63,-5.23,-6.49,-1.26,,,,,3.03,1576,0.95,1201,0.2,1191,0.12,1430,0.1,無,0,無,0
SCK-4489,BL,5,N,0.52,34.88,30.35,-4.53,-2.03,-1.4,0.63,-5.23,-6.49,-1.26,,,,,3.03,1576,0.95,1201,0.2,1191,0.12,1430,0.1,無,0,無,0
SCK-4489,GY,5,N,0.52,34.88,30.35,-4.53,-2.03,-1.4,0.63,-5.23,-6.49,-1.26,,,,,3.03,1576,0.95,1201,0.2,1191,0.12,1430,0.1,無,0,無,0
SCK-4489,PI,2,N,0.52,34.88,30.35,-4.53,-2.03,-1.4,0.63,-5.23,-6.49,-1.26,,,,,3.03,1576,0.95,1201,0.2,1191,0.12,1430,0.1,無,0,無,0
SCK-4489,BL,3,N,0.52,34.88,31.07,-3.81,-2.03,-1.93,0.1,-5.23,-4.41,0.82,,,,,2.32,1576,0.9,1201,0.2,1191,0.145,1430,0.095,無,0,無,0
SCK-4489,BL,5,N,0.52,34.88,31.07,-3.81,-2.03,-1.93,0.1,-5.23,-4.41,0.82,,,,,2.32,1576,0.9,1201,0.2,1191,0.145,1430,0.095,無,0,無,0
SCK-4489,GY,5,N,0.52,34.88,31.07,-3.81,-2.03,-1.93,0.1,-5.23,-4.41,0.82,,,,,2.32,1576,0.9,1201,0.2,1191,0.145,1430,0.095,無,0,無,0
SCK-4489,PI,2,N,0.52,34.88,31.07,-3.81,-2.03,-1.93,0.1,-5.23,-4.41,0.82,,,,,2.32,1576,0.9,1201,0.2,1191,0.145,1430,0.095,無,0,無,0
SCK-4489,BL,3,N,0.52,34.88,31.37,-3.51,-2.03,-2.13,-0.1,-5.23,-5.01,0.22,,,,,2,1576,0.81,1201,0.18,1191,0.132,1430,0.085,無,0,無,0
SCK-4489,BL,5,N,0.52,34.88,31.37,-3.51,-2.03,-2.13,-0.1,-5.23,-5.01,0.22,,,,,2,1576,0.81,1201,0.18,1191,0.132,1430,0.085,無,0,無,0
SCK-4489,GY,5,N,0.52,34.88,31.37,-3.51,-2.03,-2.13,-0.1,-5.23,-5.01,0.22,,,,,2,1576,0.81,1201,0.18,1191,0.132,1430,0.085,無,0,無,0
SCK-4489,PI,2,N,0.52,34.88,31.37,-3.51,-2.03,-2.13,-0.1,-5.23,-5.01,0.22,,,,,2,1576,0.81,1201,0.18,1191,0.132,1430,0.085,無,0,無,0
SCK-4489,BL,3,N,0.52,34.88,31.58,-3.3,-2.03,-2.11,-0.08,-5.23,-5.56,-0.32,,,,,1.9,1576,0.9,1201,0.195,1191,0.13,1430,0.087,無,0,無,0
SCK-4489,BL,5,N,0.52,34.88,31.58,-3.3,-2.03,-2.11,-0.08,-5.23,-5.56,-0.32,,,,,1.9,1576,0.9,1201,0.195,1191,0.13,1430,0.087,無,0,無,0
SCK-4489,GY,5,N,0.52,34.88,31.58,-3.3,-2.03,-2.11,-0.08,-5.23,-5.56,-0.32,,,,,1.9,1576,0.9,1201,0.195,1191,0.13,1430,0.087,無,0,無,0
SCK-4489,PI,2,N,0.52,34.88,31.58,-3.3,-2.03,-2.11,-0.08,-5.23,-5.56,-0.32,,,,,1.9,1576,0.9,1201,0.195,1191,0.13,1430,0.087,無,0,無,0
SCK-4489,BL,3,N,0.52,75.85,73.8,-2.05,26.98,31.75,4.78,-3.99,-4.11,-0.12,,,,,2.62,1310,0.15,1111,0.0045,1580,0.0035,無,0,無,0,無,0
SCK-4489,BL,5,N,0.52,75.85,73.8,-2.05,26.98,31.75,4.78,-3.99,-4.11,-0.12,,,,,2.62,1310,0.15,1111,0.0045,1580,0.0035,無,0,無,0,無,0
SCK-4489,GY,5,N,0.52,75.85,73.8,-2.05,26.98,31.75,4.78,-3.99,-4.11,-0.12,,,,,2.62,1310,0.15,1111,0.0045,1580,0.0035,無,0,無,0,無,0
SCK-4489,PI,2,N,0.52,75.85,73.8,-2.05,26.98,31.75,4.78,-3.99,-4.11,-0.12,,,,,2.62,1310,0.15,1111,0.0045,1580,0.0035,無,0,無,0,無,0
SCK-4489,BL,3,N,0.52,75.85,73.89,-1.96,26.98,30.7,3.72,-3.99,-4.07,-0.08,,,,,2.09,1310,0.14,1111,0.0054,1580,0.0042,無,0,無,0,無,0
SCK-4489,BL,5,N,0.52,75.85,73.89,-1.96,26.98,30.7,3.72,-3.99,-4.07,-0.08,,,,,2.09,1310,0.14,1111,0.0054,1580,0.0042,無,0,無,0,無,0
SCK-4489,GY,5,N,0.52,75.85,73.89,-1.96,26.98,30.7,3.72,-3.99,-4.07,-0.08,,,,,2.09,1310,0.14,1111,0.0054,1580,0.0042,無,0,無,0,無,0
SCK-4489,PI,2,N,0.52,75.85,73.89,-1.96,26.98,30.7,3.72,-3.99,-4.07,-0.08,,,,,2.09,1310,0.14,1111,0.0054,1580,0.0042,無,0,無,0,無,0
SCK-4489,BL,3,N,0.52,75.85,74.1,-1.75,26.98,30.31,3.33,-3.99,-4.68,-0.69,,,,,1.89,1310,0.14,1111,0.0055,1510,0.0042,無,0,無,0,無,0
SCK-4489,BL,5,N,0.52,75.85,74.1,-1.75,26.98,30.31,3.33,-3.99,-4.68,-0.69,,,,,1.89,1310,0.14,1111,0.0055,1510,0.0042,無,0,無,0,無,0
SCK-4489,GY,5,N,0.52,75.85,74.1,-1.75,26.98,30.31,3.33,-3.99,-4.68,-0.69,,,,,1.89,1310,0.14,1111,0.0055,1510,0.0042,無,0,無,0,無,0
SCK-4489,PI,2,N,0.52,75.85,74.1,-1.75,26.98,30.31,3.33,-3.99,-4.68,-0.69,,,,,1.89,1310,0.14,1111,0.0055,1510,0.0042,無,0,無,0,無,0
SCK-4489,BL,3,N,0.52,75.85,73.08,-2.76,26.98,30.26,3.28,-3.99,-4.02,-0.03,,,,,2.01,1310,0.13,1111,0.0063,1510,0.0046,無,0,無,0,無,0
SCK-4489,BL,5,N,0.52,75.85,73.08,-2.76,26.98,30.26,3.28,-3.99,-4.02,-0.03,,,,,2.01,1310,0.13,1111,0.0063,1510,0.0046,無,0,無,0,無,0
SCK-4489,GY,5,N,0.52,75.85,73.08,-2.76,26.98,30.26,3.28,-3.99,-4.02,-0.03,,,,,2.01,1310,0.13,1111,0.0063,1510,0.0046,無,0,無,0,無,0
SCK-4489,PI,2,N,0.52,75.85,73.08,-2.76,26.98,30.26,3.28,-3.99,-4.02,-0.03,,,,,2.01,1310,0.13,1111,0.0063,1510,0.0046,無,0,無,0,無,0
SCK-4489,BL,3,N,0.52,75.85,73,-2.84,26.98,29.5,2.53,-3.99,-3.87,0.12,,,,,1.71,1310,0.13,1111,0.007,1510,0.005,無,0,無,0,無,0
SCK-4489,BL,5,N,0.52,75.85,73,-2.84,26.98,29.5,2.53,-3.99,-3.87,0.12,,,,,1.71,1310,0.13,1111,0.007,1510,0.005,無,0,無,0,無,0
SCK-4489,GY,5,N,0.52,75.85,73,-2.84,26.98,29.5,2.53,-3.99,-3.87,0.12,,,,,1.71,1310,0.13,1111,0.007,1510,0.005,無,0,無,0,無,0
SCK-4489,PI,2,N,0.52,75.85,73,-2.84,26.98,29.5,2.53,-3.99,-3.87,0.12,,,,,1.71,1310,0.13,1111,0.007,1510,0.005,無,0,無,0,無,0
SCK-4489,BL,3,N,0.52,75.85,73.71,-2.14,26.98,28.12,1.14,-3.99,-3.69,0.29,,,,,1.04,1310,0.12,1111,0.007,1510,0.0051,無,0,無,0,無,0
SCK-4489,BL,5,N,0.52,75.85,73.71,-2.14,26.98,28.12,1.14,-3.99,-3.69,0.29,,,,,1.04,1310,0.12,1111,0.007,1510,0.0051,無,0,無,0,無,0
SCK-4489,GY,5,N,0.52,75.85,73.71,-2.14,26.98,28.12,1.14,-3.99,-3.69,0.29,,,,,1.04,1310,0.12,1111,0.007,1510,0.0051,無,0,無,0,無,0
SCK-4489,PI,2,N,0.52,75.85,73.71,-2.14,26.98,28.12,1.14,-3.99,-3.69,0.29,,,,,1.04,1310,0.12,1111,0.007,1510,0.0051,無,0,無,0,無,0
SCK-4489,BL,3,N,0.52,75.85,74.18,-1.66,26.98,26.94,-0.03,-3.99,-3.65,0.34,,,,,0.67,1310,0.11,1111,0.0075,1510,0.0055,無,0,無,0,無,0
SCK-4489,BL,5,N,0.52,75.85,74.18,-1.66,26.98,26.94,-0.03,-3.99,-3.65,0.34,,,,,0.67,1310,0.11,1111,0.0075,1510,0.0055,無,0,無,0,無,0
SCK-4489,GY,5,N,0.52,75.85,74.18,-1.66,26.98,26.94,-0.03,-3.99,-3.65,0.34,,,,,0.67,1310,0.11,1111,0.0075,1510,0.0055,無,0,無,0,無,0
SCK-4489,PI,2,N,0.52,75.85,74.18,-1.66,26.98,26.94,-0.03,-3.99,-3.65,0.34,,,,,0.67,1310,0.11,1111,0.0075,1510,0.0055,無,0,無,0,無,0
SCK-4489,BL,3,N,0.52,75.85,74.59,-1.26,26.98,26.48,-0.5,-3.99,-3.65,0.34,,,,,0.58,1310,0.11,1111,0.007,1510,0.0055,無,0,無,0,無,0
SCK-4489,BL,5,N,0.52,75.85,74.59,-1.26,26.98,26.48,-0.5,-3.99,-3.65,0.34,,,,,0.58,1310,0.11,1111,0.007,1510,0.0055,無,0,無,0,無,0
SCK-4489,GY,5,N,0.52,75.85,74.59,-1.26,26.98,26.48,-0.5,-3.99,-3.65,0.34,,,,,0.58,1310,0.11,1111,0.007,1510,0.0055,無,0,無,0,無,0
SCK-4489,PI,2,N,0.52,75.85,74.59,-1.26,26.98,26.48,-0.5,-3.99,-3.65,0.34,,,,,0.58,1310,0.11,1111,0.007,1510,0.0055,無,0,無,0,無,0
SCK-4489,BL,3,N,0.52,75.85,74.16,-1.69,26.98,27.3,0.33,-3.99,-4.13,-0.14,,,,,0.66,1310,0.115,1111,0.0067,1510,0.0055,無,0,無,0,無,0
SCK-4489,BL,5,N,0.52,75.85,74.16,-1.69,26.98,27.3,0.33,-3.99,-4.13,-0.14,,,,,0.66,1310,0.115,1111,0.0067,1510,0.0055,無,0,無,0,無,0
SCK-4489,GY,5,N,0.52,75.85,74.16,-1.69,26.98,27.3,0.33,-3.99,-4.13,-0.14,,,,,0.66,1310,0.115,1111,0.0067,1510,0.0055,無,0,無,0,無,0
SCK-4489,PI,2,N,0.52,75.85,74.16,-1.69,26.98,27.3,0.33,-3.99,-4.13,-0.14,,,,,0.66,1310,0.115,1111,0.0067,1510,0.0055,無,0,無,0,無,0
SCK-4489,GY,2,N,0.52,54.94,52.03,-2.91,3.58,3.76,0.18,9.6,9.84,0.24,,,,,1.3,1724,0.28,1576,0.135,1430,0.012,無,0,無,0,無,0
SCK-4489,OR,2,N,0.52,72.02,71.24,-0.78,27.22,32.46,5.24,34.37,39.99,5.62,,,,,3.25,1351,0.105,1191,0.065,1201,0.065,1580,0.0067,無,0,無,0
SCK-4489,OR,2,N,0.52,72.02,71.47,-0.55,27.22,32.22,4.99,34.37,39.99,5.62,,,,,3.14,1351,0.105,1191,0.09,1201,0.064,1580,0.0012,無,0,無,0
SCK-4489,OR,2,N,0.52,72.02,72.15,0.13,27.22,31.37,4.15,34.37,39.71,5.34,,,,,2.8,1351,0.105,1191,0.09,1201,0.064,1580,0.0014,無,0,無,0
SCK-4489,OR,2,N,0.52,72.02,70.88,-1.14,27.22,32.02,4.79,34.37,39.91,5.54,,,,,3.08,1351,0.11,1191,0.09,1201,0.065,1580,0.002,無,0,無,0
SCK-4489,OR,2,N,0.52,72.02,70.16,-1.86,27.22,27.23,0.01,34.37,34.3,-0.07,,,,,0.72,1351,0.102,1201,0.065,1191,0.063,1580,0.0067,無,0,無,0
SCK-4489,YE,1,N,0.52,87.64,86.09,-1.55,-10.22,-10.44,-0.22,49.63,51.82,2.2,,,,,1.02,1191,0.11,1201,0.009,1580,0.0085,無,0,無,0,無,0
SCK-4489,OR,4,N,0.52,52.12,50.7,-1.41,40.98,42.2,1.23,41.57,43.3,1.73,,,,,1.03,1360,0.56,1142,0.42,1724,0.4,1565,0.015,無,0,無,0
SCK-4489,OR,4,N,0.52,52.12,50.33,-1.78,40.98,41.82,0.84,41.57,42.43,0.85,,,,,0.91,1360,0.56,1142,0.4,1724,0.4,1565,0.0165,無,0,無,0
SCK-4489,OR,4,N,0.52,52.12,49.88,-2.24,40.98,41.46,0.48,41.57,41.83,0.26,,,,,1.03,1360,0.56,1142,0.4,1724,0.4,1565,0.018,無,0,無,0
SCK-4489,OR,6,N,0.52,44.89,42.9,-2,45.97,46.15,0.18,35.11,36.22,1.11,,,,,1.17,1353,1.8,1191,0.6,1360,0.35,1565,0.056,無,0,無,0
SCK-4489,OR,6,N,0.52,44.89,42.5,-2.4,45.97,46.14,0.18,35.11,36.07,0.95,,,,,1.29,1353,1.8,1191,0.59,1360,0.35,1565,0.056,無,0,無,0
SCK-4489,OR,6,N,0.52,44.89,43.16,-1.73,45.97,46.32,0.35,35.11,36.04,0.93,,,,,0.98,1353,1.8,1191,0.58,1360,0.35,1565,0.056,無,0,無,0
SCK-4489,OR,6,N,0.52,44.89,42.74,-2.15,45.97,46.28,0.31,35.11,35.65,0.54,,,,,1.08,1353,1.8,1191,0.56,1360,0.35,1565,0.056,無,0,無,0
SCK-4489,OR,6,N,0.52,44.89,42.67,-2.22,45.97,46.26,0.29,35.11,35.24,0.13,,,,,1.09,1353,1.8,1191,0.54,1360,0.35,1565,0.056,無,0,無,0
SCK-4489,OL,2,N,0.52,85,85.13,0.13,-23.5,-26.47,-2.97,56.79,60.69,3.9,,,,,1.8,1191,0.25,1580,0.024,無,0,無,0,無,0,無,0
SCK-4489,OL,2,N,0.52,85,82.35,-2.65,-23.5,-25.93,-2.43,56.79,55.58,-1.21,,,,,1.68,1191,0.225,1580,0.02,1565,0.007,無,0,無,0,無,0
SCK-4489,OL,2,N,0.52,85,81.08,-3.92,-23.5,-24.23,-0.73,56.79,54.77,-2.02,,,,,1.69,1191,0.2,1201,0.06,1580,0.025,無,0,無,0,無,0
SCK-4489,OL,2,N,0.52,85,81.37,-3.63,-23.5,-17.48,6.02,56.79,56.03,-0.76,,,,,3.2,1191,0.23,1580,0.015,1565,0.01,無,0,無,0,無,0
SCK-4489,OL,2,N,0.52,85,81.58,-3.43,-23.5,-23.48,0.02,56.79,56.38,-0.41,,,,,1.24,1191,0.2,1580,0.025,1201,0.01,無,0,無,0,無,0
SCK-4489,OL,2,N,0.52,85,81.53,-3.47,-23.5,-22.75,0.75,56.79,57.06,0.27,,,,,1.31,1191,0.25,1580,0.012,1565,0.01,無,0,無,0,無,0
SCK-4489,OL,2,N,0.52,85,82.05,-2.95,-23.5,-23.5,0,56.79,57.04,0.25,,,,,1.06,1191,0.25,1565,0.01,1580,0.01,無,0,無,0,無,0
SCK-4489,GR,4,N,0.52,46.43,43.94,-2.48,-11.18,-10.66,0.52,25.75,25.46,-0.29,,,,,1.24,1142,0.45,1576,0.37,1201,0.12,1430,0.01,無,0,無,0
SCK-4489,GR,4,N,0.52,46.43,43.02,-3.4,-11.18,-10.54,0.64,25.75,25.33,-0.42,,,,,1.69,1142,0.46,1576,0.37,1201,0.12,1430,0.095,無,0,無,0
SCK-4489,GR,4,N,0.52,46.43,42.58,-3.85,-11.18,-10.69,0.49,25.75,25.59,-0.16,,,,,1.87,1142,0.47,1576,0.37,1201,0.12,1430,0.093,無,0,無,0
SCK-4489,GR,4,N,0.52,46.43,42.53,-3.89,-11.18,-10.72,0.45,25.75,25.45,-0.31,,,,,1.89,1142,0.47,1576,0.37,1201,0.12,1430,0.0085,無,0,無,0
SCK-4489,GR,4,N,0.52,46.43,43.11,-3.31,-11.18,-10.84,0.34,25.75,25.78,0.03,,,,,1.6,1142,0.47,1576,0.37,1201,0.12,1430,0.007,無,0,無,0
SCK-4489,GR,4,N,0.52,46.43,42.39,-4.04,-11.18,-11.04,0.14,25.75,25.53,-0.23,,,,,1.94,1142,0.47,1576,0.37,1201,0.12,1430,0.0035,無,0,無,0
SCK-4489,GR,4,N,0.52,46.43,42.79,-3.64,-11.18,-11.26,-0.08,25.75,26.14,0.39,,,,,1.75,1142,0.47,1576,0.37,1201,0.12,無,0,無,0,無,0
SCK-4489,GR,4,N,0.52,46.43,43.07,-3.36,-11.18,-11.44,-0.26,25.75,26.19,0.44,,,,,1.63,1142,0.45,1576,0.37,1201,0.12,無,0,無,0,無,0
SCK-4489,GR,4,N,0.52,46.43,43.27,-3.16,-11.18,-11.48,-0.3,25.75,26.36,0.61,,,,,1.55,1142,0.43,1576,0.352,1201,0.114,無,0,無,0,無,0
SCK-4489,GR,4,N,0.52,46.43,44.09,-2.34,-11.18,-11.1,0.07,25.75,25.59,-0.16,,,,,1.12,1142,0.44,1576,0.35,1201,0.115,無,0,無,0,無,0
SCK-4489,BL,2,N,0.52,80.77,79.77,-1,-5.07,-5.09,-0.02,-11.39,-14.72,-3.34,,,,,2.72,1510,0.036,1310,0.0032,無,0,無,0,無,0,無,0
SCK-4489,BL,2,N,0.52,80.77,79.64,-1.13,-5.07,-5.4,-0.34,-11.39,-14.48,-3.1,,,,,2.49,1510,0.036,1310,0.0035,1111,0.0005,無,0,無,0,無,0
SCK-4489,BL,2,N,0.52,80.77,79.83,-0.94,-5.07,-5.7,-0.64,-11.39,-11.84,-0.45,,,,,0.75,1510,0.036,1310,0.0035,1111,0.001,無,0,無,0,無,0
SCK-4489,BL,2,N,0.52,80.77,79.04,-1.73,-5.07,-5.59,-0.52,-11.39,-12.99,-1.61,,,,,1.43,1510,0.036,1310,0.0038,1111,0.0011,無,0,無,0,無,0
SCK-4489,BL,2,N,0.52,80.77,78.96,-1.81,-5.07,-5.49,-0.42,-11.39,-13.48,-2.09,,,,,1.78,1510,0.036,1310,0.0042,1111,0.0011,無,0,無,0,無,0
SCK-4489,BL,2,N,0.52,80.77,79.63,-1.15,-5.07,-5.02,0.05,-11.39,-13.04,-1.65,,,,,1.42,1510,0.035,1310,0.005,1111,0.0013,無,0,無,0,無,0
SCK-4489,BL,2,N,0.52,80.77,78.75,-2.03,-5.07,-4.52,0.54,-11.39,-12.85,-1.46,,,,,1.62,1510,0.035,1310,0.006,1111,0.0015,無,0,無,0,無,0
SCK-4489,BL,2,N,0.52,80.77,78.95,-1.82,-5.07,-5.29,-0.22,-11.39,-12.34,-0.95,,,,,1.01,1510,0.036,1310,0.0058,1111,0.0022,無,0,無,0,無,0
SCK-4489,BL,2,N,0.52,80.77,78.73,-2.05,-5.07,-5.58,-0.51,-11.39,-11.02,0.37,,,,,1.02,1510,0.036,1310,0.0058,1111,0.003,無,0,無,0,無,0
SCK-4489,BL,2,N,0.52,80.77,79.1,-1.67,-5.07,-5.05,0.02,-11.39,-11.67,-0.28,,,,,0.66,1510,0.036,1310,0.0065,1111,0.0027,無,0,無,0,無,0
SCK-4038S,WH,0,Y,1.04,92.88,91.49,-1.39,3.84,4.6,0.76,-13.43,-16.75,-3.32,,17.37,,285.37,2.5,1053,0.5,無,0,無,0,無,0,無,0,無,0
SCK-4038S,WH,0,Y,1.04,92.88,91.79,-1.09,3.84,4.39,0.55,-13.43,-16.04,-2.61,,16.63,,285.31,1.96,1053,0.45,無,0,無,0,無,0,無,0,無,0
SCK-4038S,WH,0,Y,1.04,92.88,92.46,-0.42,3.84,3.77,-0.07,-13.43,-12.99,0.44,,13.53,,286.19,0.35,1053,0.3,無,0,無,0,無,0,無,0,無,0
SCK-4038S,WH,0,Y,1.04,92.88,92.69,-0.19,3.84,3.9,0.06,-13.43,-13.41,0.02,,13.96,,286.23,0.11,1053,0.3,1042,0.05,無,0,無,0,無,0,無,0
SCK-4038S,WH,0,Y,1.04,92.88,92.72,-0.16,3.84,3.85,0.01,-13.43,-13.45,-0.01,,13.98,,285.96,0.06,1053,0.3,1042,0.05,無,0,無,0,無,0,無,0
SCK-4038S,KH,1,Y,1.04,79.42,79.04,-0.38,0.16,0.16,0.01,7.54,7.89,0.36,,,,,0.36,1111,0.031,1310,0.0216,1510,0.0128,無,0,無,0,無,0
SCK-4038S,KH,1,Y,1.04,79.46,79.87,0.41,0,0.37,0.37,7.63,7.49,-0.14,,7.5,,87.18,0.55,1111,0.027,1310,0.0198,1510,0.0112,無,0,無,0,無,0
SCK-4038S,KH,1,Y,1.04,79.46,80.02,0.56,0,0.25,0.26,7.63,7.28,-0.35,,7.29,,88,0.53,1111,0.026,1310,0.019,1510,0.011,無,0,無,0,無,0
SCK-4038S,KH,1,Y,1.04,79.46,79.72,0.26,0,0.37,0.37,7.63,8,0.37,,8.01,,87.37,0.62,1111,0.028,1310,0.0198,1510,0.0112,無,0,無,0,無,0
SCK-4038S,KH,1,Y,1.04,79.46,79.58,0.12,0,0.36,0.36,7.63,7.97,0.34,,7.98,,87.4,0.59,1111,0.0295,1310,0.0208,1510,0.0118,無,0,無,0,無,0
SCK-4038S,KH,1,Y,1.04,79.46,79.44,-0.03,0,0.1,0.1,7.63,7.91,0.28,,7.91,,89.3,0.29,1111,0.0295,1310,0.0206,1510,0.012,無,0,無,0,無,0
SCK-4038S,KH,1,Y,1.04,79.46,79.29,-0.17,0,0,0,7.63,7.88,0.24,,7.88,,90.01,0.23,1111,0.031,1310,0.0216,1510,0.0128,無,0,無,0,無,0
SCK-4038S,KH,1,Y,1.04,79.46,79.01,-0.45,0,0.01,0.01,7.63,7.99,0.35,,7.99,,89.92,0.37,1111,0.031,1310,0.0216,1510,0.0128,無,0,無,0,無,0
SCK-4038S,BL,2,Y,1.04,58.11,57.22,-0.9,-0.75,-0.78,-0.03,-4.64,-4.57,0.07,,,,,0.39,1565,0.135,1430,0.0485,1191,0.0315,1201,0.014,無,0,無,0
SCK-4038S,BL,2,Y,1.04,57.81,58.91,1.1,-0.81,-0.53,0.28,-4.75,-4.18,0.57,,4.21,,262.81,0.85,1565,0.12,1430,0.0456,1191,0.0294,1201,0.0134,無,0,無,0
SCK-4038S,BL,2,Y,1.04,57.81,59.3,1.49,-0.81,-0.52,0.29,-4.75,-4.2,0.56,,4.23,,262.89,0.94,1565,0.12,1430,0.045,1191,0.029,1201,0.013,無,0,無,0
SCK-4038S,BL,2,Y,1.04,57.81,57.98,0.17,-0.81,-1.16,-0.35,-4.75,-5.07,-0.31,,5.2,,257.11,0.55,1565,0.135,1430,0.0456,1191,0.03,1201,0.0134,無,0,無,0
SCK-4038S,BL,2,Y,1.04,57.81,57.41,-0.4,-0.81,-1.19,-0.38,-4.75,-4.97,-0.22,,5.11,,256.55,0.56,1565,0.143,1430,0.0483,1191,0.0318,1201,0.0142,無,0,無,0
SCK-4038S,BL,2,Y,1.04,57.81,58.32,0.5,-0.81,-1.11,-0.3,-4.75,-4.9,-0.15,,5.03,,257.27,0.46,1565,0.135,1430,0.046,1191,0.0305,1201,0.014,無,0,無,0
SCK-4038S,BL,2,Y,1.04,57.81,58.09,0.27,-0.81,-1,-0.2,-4.75,-4.87,-0.12,,4.97,,258.34,0.3,1565,0.135,1430,0.047,1191,0.031,1201,0.014,無,0,無,0
SCK-4038S,BL,2,Y,1.04,57.81,57.89,0.07,-0.81,-0.96,-0.15,-4.75,-5.03,-0.28,,5.13,,259.16,0.36,1565,0.135,1430,0.0485,1191,0.0315,1201,0.014,無,0,無,0
SCK-4038S,BL,2,Y,1.04,57.81,58.09,0.28,-0.81,-0.88,-0.07,-4.75,-4.98,-0.23,,5.06,,260.03,0.28,1565,0.135,1430,0.0485,1191,0.0315,1201,0.014,無,0,無,0
SCK-3521,GR,6,N,1.04,20.28,19.63,-0.65,-16.03,-16.33,-0.3,-0.45,-0.31,0.14,,,,,0.58,1588,1.3,1578,1.1,1191,0.87,1430,0.13,無,0,無,0
SCK-3521,RE,6,N,1.04,31.97,31.26,-0.72,33.02,33.49,0.47,24.27,24.48,0.21,,,,,0.49,1383,2,1201,0.7,1142,0.506,1565,0.18,無,0,無,0
SCK-4514,OL,3,N,0.69,59.69,57.35,-2.34,-5.27,-3.06,2.2,23.5,21.86,-1.64,,22.07,,97.97,2.17,1142,0.202,1565,0.133,1391,0.107,無,0,無,0,無,0
SCK-4514,OL,3,N,0.69,59.69,57.21,-2.48,-5.27,-4.14,1.13,23.5,24.05,0.55,,24.4,,99.77,1.47,1142,0.225,1565,0.133,1391,0.1,無,0,無,0,無,0
SCK-4514,OL,3,N,0.69,59.69,58.17,-1.52,-5.27,-5.85,-0.58,23.5,24.5,1,,25.19,,103.43,0.93,1142,0.23,1565,0.133,1391,0.09,無,0,無,0,無,0
SCK-4514,OL,3,N,0.69,59.69,59.68,-0.01,-5.27,-5.23,0.04,23.5,23.21,-0.29,,23.79,,102.69,0.16,1142,0.175,1565,0.11,1391,0.075,無,0,無,0,無,0
SCK-4514,OL,3,N,0.69,59.69,57.91,-1.78,-5.27,-5.66,-0.4,23.5,24.66,1.16,,25.3,,102.93,1.01,1142,0.175,1565,0.115,1391,0.075,無,0,無,0,無,0
SCK-4514,OL,3,N,0.69,59.69,59.27,-0.42,-5.27,-5.62,-0.35,23.5,23.52,0.02,,24.18,,103.43,0.34,1142,0.19,1565,0.12,1391,0.08,無,0,無,0,無,0
SCK-4514,OL,3,N,0.69,59.69,59.03,-0.66,-5.27,-5.25,0.01,23.5,24.58,1.08,,25.14,,102.07,0.68,1142,0.205,1565,0.12,1391,0.084,無,0,無,0,無,0
SCK-4514,OL,3,N,0.69,59.69,59.02,-0.67,-5.27,-5.19,0.08,23.5,23.51,0.01,,24.07,,102.44,0.29,1142,0.19,1565,0.117,1391,0.08,無,0,無,0,無,0
SCK-4514,OL,3,N,0.69,59.69,59.36,-0.33,-5.27,-5.31,-0.05,23.5,23.56,0.07,,24.16,,102.71,0.15,1142,0.19,1565,0.117,1391,0.08,無,0,無,0,無,0
SCK-4042,GY,2,N,2.08,58.71,58,-0.71,-4.01,-4.02,-0.01,-4.01,-5.08,-1.07,,6.48,,231.66,1.23,1576,0.11,1191,0.0252,1391,0.024,無,0,無,0,無,0
SCK-4042,GY,2,N,2.08,58.71,58.26,-0.45,-4.01,-3.93,0.08,-4.01,-3.49,0.52,,5.25,,221.63,0.61,1576,0.105,1191,0.0265,1391,0.024,無,0,無,0,無,0
SCK-4042,GY,2,N,2.08,58.71,58.39,-0.32,-4.01,-4.11,-0.11,-4.01,-2.82,1.19,,4.98,,214.41,1.4,1576,0.103,1191,0.028,1391,0.024,無,0,無,0,無,0
SCK-4042,GY,2,N,2.08,58.71,58.53,-0.18,-4.01,-3.87,0.13,-4.01,-4.72,-0.72,,6.11,,230.65,0.84,1576,0.105,1191,0.025,1391,0.023,無,0,無,0,無,0
SCK-4042,GY,2,N,2.08,58.71,58.93,0.22,-4.01,-3.63,0.38,-4.01,-5.2,-1.19,,6.34,,235.13,1.47,1576,0.105,1191,0.0235,1391,0.023,無,0,無,0,無,0
SCK-4042,GY,2,N,2.08,58.71,58.59,-0.12,-4.01,-4.1,-0.09,-4.01,-3.88,0.13,,5.64,,223.45,0.2,1576,0.105,1191,0.0265,1391,0.023,無,0,無,0,無,0
SCK-4042,GY,2,N,2.08,58.71,58.69,-0.02,-4.01,-4.04,-0.03,-4.01,-3.98,0.03,,5.67,,224.6,0.05,1576,0.105,1191,0.026,1391,0.023,無,0,無,0,無,0
SCK-4042,BL,3,N,2.08,32.43,31.76,-0.67,-11.34,-10.93,0.41,-16.03,-16.01,0.03,,19.38,,235.67,0.51,1578,0.5,1588,0.437,1142,0.05,無,0,無,0,無,0
SCK-4042,BL,3,N,2.08,32.43,32.88,0.45,-11.34,-11.03,0.31,-16.03,-16.21,-0.18,,19.61,,235.79,0.41,1588,0.48,1578,0.45,1142,0.05,無,0,無,0,無,0
SCK-4042,BL,3,N,2.08,32.43,32.8,0.37,-11.34,-11.44,-0.11,-16.03,-15.83,0.21,,19.53,,234.14,0.29,1578,0.5,1588,0.459,1142,0.0525,無,0,無,0,無,0
SCK-4042,BL,3,N,2.08,32.43,32.68,0.25,-11.34,-11.68,-0.35,-16.03,-15.58,0.45,,19.48,,233.14,0.5,1578,0.5,1588,0.48,1142,0.055,無,0,無,0,無,0
SCK-4042,BL,3,N,2.08,32.43,32.57,0.14,-11.34,-11.33,0.01,-16.03,-15.85,0.18,,19.48,,234.44,0.15,1578,0.5,1588,0.46,1142,0.051,無,0,無,0,無,0
SCK-4042,BL,3,N,2.08,32.43,32.44,0.01,-11.34,-11.23,0.1,-16.03,-15.86,0.18,,19.43,,234.69,0.13,1578,0.5,1588,0.475,1142,0.051,無,0,無,0,無,0
SCK-4042,KH,2,N,2.08,44.65,43.98,-0.68,1.9,2.61,0.71,5.74,5.05,-0.69,,5.69,,62.68,1.48,1567,0.2,1391,0.155,1142,0.1065,無,0,無,0,無,0
SCK-4042,KH,2,N,2.08,44.65,44.98,0.33,1.9,1.22,-0.68,5.74,6.41,0.67,,6.53,,79.19,1.35,1576,0.2,1391,0.14,1142,0.112,無,0,無,0,無,0
SCK-4042,KH,2,N,2.08,44.65,44.52,-0.14,1.9,1.2,-0.71,5.74,6.47,0.73,,6.58,,79.54,1.42,1576,0.2,1391,0.14,1142,0.112,無,0,無,0,無,0
SCK-4042,KH,2,N,2.08,44.65,44.38,-0.27,1.9,2.07,0.16,5.74,5.85,0.11,,6.2,,70.53,0.27,1576,0.2,1391,0.15,1142,0.11,無,0,無,0,無,0
SCK-4042,KH,2,N,2.08,44.65,44.61,-0.04,1.9,2.11,0.21,5.74,5.72,-0.02,,6.1,,69.76,0.31,1576,0.2,1391,0.148,1142,0.11,無,0,無,0,無,0
SCK-3883,NB,5,Y,1.04,22.09,22.23,0.15,0.64,0.67,0.03,-12.07,-11.97,0.1,,,,,0.14,1578,1.7,1862,0.5,1722,0.28,1430,0.11,無,0,無,0
SCK-3928,BL,3,N,1.04,42.81,42.43,-0.37,-4.95,-4.79,0.15,-11.65,-11.87,-0.22,,12.8,,248.01,0.33,1576,0.632,1191,0.084,1391,0.08,無,0,無,0,無,0
SCK-3928,BL,3,N,1.04,42.81,44.08,1.27,-4.95,-5.41,-0.46,-11.65,-10.55,1.1,,11.85,,242.87,1.3,1576,0.6,1191,0.08,1391,0.076,無,0,無,0,無,0
SCK-3928,BL,3,N,1.04,42.81,42.49,-0.31,-4.95,-4.92,0.03,-11.65,-12.07,-0.42,,13.03,,247.82,0.38,1576,0.632,1191,0.083,1391,0.0785,無,0,無,0,無,0
SCK-3928,BL,3,N,1.04,42.81,42.49,-0.32,-4.95,-4.96,-0.01,-11.65,-12.14,-0.49,,13.11,,247.78,0.43,1576,0.63,1191,0.082,1391,0.077,無,0,無,0,無,0
SCK-3928,BL,3,N,1.04,42.81,42.62,-0.18,-4.95,-4.9,0.05,-11.65,-11.5,0.15,,12.5,,246.93,0.15,1576,0.632,1191,0.084,1391,0.08,無,0,無,0,無,0
SCK-3928,BL,3,N,1.04,42.81,42.19,-0.62,-4.95,-4.9,0.04,-11.65,-11.71,-0.06,,12.69,,247.27,0.32,1576,0.615,1191,0.084,1391,0.078,無,0,無,0,無,0
SCK-3928,BL,3,N,1.04,42.81,42.19,-0.61,-4.95,-4.88,0.07,-11.65,-11.68,-0.04,,12.66,,247.34,0.32,1576,0.63,1191,0.085,1391,0.078,無,0,無,0,無,0
SCK-3928,BL,3,N,1.04,42.81,42.55,-0.26,-4.95,-4.96,-0.01,-11.65,-11.72,-0.07,,12.72,,247.05,0.14,1576,0.61,1191,0.0825,1391,0.076,無,0,無,0,無,0
SCK-3928,BL,3,N,1.04,42.81,42.58,-0.23,-4.95,-4.99,-0.04,-11.65,-11.7,-0.06,,12.72,,246.92,0.13,1576,0.61,1191,0.0825,1391,0.076,無,0,無,0,無,0
SCK-2499S,BK,7,Y,1.04,18.45,18.64,0.19,1.4,1.63,0.23,-2.36,-2.24,0.12,,,,,0.38,1862,3.5,1863,1.4,1722,0.7,1430,0.38,無,0,無,0
SW-80216C0,CO,7,Y,1.04,23.44,23.8,0.36,7.14,6.93,-0.21,1.41,1.55,0.14,,7.1,,12.62,0.39,1383,2.04,1576,1.31,1191,0.516,1722,0.32,無,0,無,0
SW-80216C0,CO,7,Y,1.04,23.44,22.9,-0.53,7.14,6.86,-0.28,1.41,1.22,-0.19,,6.97,,10.09,0.52,1383,2.04,1576,1.31,1191,0.516,1722,0.32,無,0,無,0
SW-80216C0,CO,7,Y,1.04,23.44,23.18,-0.26,7.14,6.97,-0.17,1.41,1.31,-0.1,,7.09,,10.66,0.27,1383,2.04,1576,1.3,1191,0.516,1722,0.32,無,0,無,0
SW-80216C0,CO,7,Y,1.04,23.44,23.74,0.31,7.14,7.49,0.35,1.41,1.35,-0.06,,7.61,,10.26,0.42,1383,1.92,1576,1.2,1191,0.485,1722,0.3,無,0,無,0
SW-80216C0,CO,7,Y,1.04,23.44,23.86,0.42,7.14,7.37,0.23,1.41,1.4,-0.01,,7.5,,10.77,0.38,1383,1.92,1576,1.2,1191,0.485,1722,0.3,無,0,無,0
SCK-4186,GR,6,N,1.04,42.69,42.66,-0.03,-40.04,-40.46,-0.42,-7.09,-7.25,-0.16,,41.1,,190.16,0.19,1568,1.03,1585,0.98,1191,0.204,1013,0.034,無,0,無,0
SW-80928C0,PU,6,Y,1.04,24.16,24.25,0.08,7.3,7.44,0.14,-3.44,-3.32,0.12,,,,,0.22,1576,1.08,1430,0.76,1724,0.47,1201,0.43,無,0,無,0
SCK-4609,BK,5,N,1.04,18.41,18.46,0.05,-0.65,-0.77,-0.12,-2.05,-2.05,0,,2.19,,249.42,0.17,1862,1.8,1430,0.66,1191,0.61,1578,0.5,無,0,無,0
SCKP-463SP3,BL,3,N,0.83,53.51,53.82,0.3,-1.11,-1.16,-0.05,-31.38,-31.64,-0.25,,,,,0.19,1567,0.244,1580,0.211,1391,0.074,無,0,無,0,無,0
SK-1216C0,BL,3,N,0.83,41.84,42.6,0.77,-1.5,-1.2,0.3,-18.47,-18.35,0.11,,18.39,,266.25,0.5,1576,0.72,1391,0.092,1191,0.036,無,0,無,0,無,0
SK-1216C0,BL,3,N,0.83,41.84,41.19,-0.64,-1.5,-1.3,0.21,-18.47,-18.55,-0.08,,18.59,,266,0.39,1576,0.75,1391,0.089,1191,0.036,無,0,無,0,無,0
SK-1216C0,BL,3,N,0.83,41.84,40.39,-1.44,-1.5,-1.48,0.02,-18.47,-18.6,-0.13,,18.66,,265.44,0.74,1576,0.81,1391,0.096,1191,0.039,無,0,無,0,無,0
SK-1216C0,BL,3,N,0.83,41.84,41.54,-0.3,-1.5,-1.32,0.18,-18.47,-18.73,-0.26,,18.77,,265.96,0.3,1576,0.753,1391,0.089,1191,0.0362,無,0,無,0,無,0
SK-1216C0,BL,3,N,0.83,41.84,41.98,0.14,-1.5,-1.36,0.14,-18.47,-18.68,-0.21,,18.73,,265.83,0.22,1576,0.73,1391,0.086,1191,0.035,無,0,無,0,無,0
SK-1216C0,BL,3,N,0.83,41.84,41.89,0.06,-1.5,-1.42,0.08,-18.47,-18.72,-0.26,,18.78,,265.65,0.19,1576,0.73,1391,0.085,1191,0.0352,無,0,無,0,無,0
SCK-3795SAM1,BK,6,N,1.04,17.29,17.29,0,-0.23,0.03,0.26,-1.31,-1.13,0.18,,,,,0.45,1862,3.1,1191,0.6,1430,0.6,1578,0.45,無,0,無,0
SCK-3795SAM1,BK,6,N,1.04,17.29,17.13,-0.16,-0.23,0.23,0.46,-1.31,-1,0.31,,,,,0.8,1862,3.2,1191,0.57,1430,0.55,1578,0.45,無,0,無,0
SCK-3795SAM1,BK,6,N,1.04,17.29,17.33,0.05,-0.23,-0.13,0.09,-1.31,-1.17,0.14,,,,,0.24,1862,3.2,1191,0.55,1430,0.5,1578,0.5,無,0,無,0
SK-548C0,GR,2,N,1.25,62.57,62.51,-0.06,-6.74,-6.47,0.27,-3.06,-2.92,0.14,,7.1,,204.31,0.29,1565,0.13,1191,0.0265,1391,0.0178,1722,0.0158,無,0,無,0
SK-548C0,GR,2,N,1.25,62.57,62.42,-0.15,-6.74,-6.7,0.04,-3.06,-3.32,-0.26,,7.47,,206.38,0.31,1565,0.135,1191,0.0265,1391,0.0174,1722,0.0158,無,0,無,0
SK-548C0,GR,2,N,1.25,62.57,61.79,-0.78,-6.74,-7.04,-0.3,-3.06,-3.8,-0.74,,8,,208.36,0.89,1565,0.14,1191,0.0265,1391,0.017,1722,0.0158,無,0,無,0
SK-548C0,GR,2,N,1.25,62.57,62.14,-0.43,-6.74,-6.9,-0.16,-3.06,-3.52,-0.46,,7.75,,207,0.54,1565,0.135,1191,0.027,1391,0.017,1722,0.0158,無,0,無,0
SK-548C0,GR,2,N,1.25,62.57,62.42,-0.15,-6.74,-6.92,-0.19,-3.06,-2.97,0.09,,7.53,,203.2,0.23,1565,0.13,1191,0.027,1391,0.0165,1722,0.0158,無,0,無,0
SK-548C0,GR,2,N,1.25,62.57,62.31,-0.26,-6.74,-6.9,-0.16,-3.06,-3,0.06,,7.52,,203.52,0.2,1565,0.13,1191,0.027,1391,0.0165,1722,0.0158,無,0,無,0
SK-548C0,WH,3,N,1.25,80.83,80.95,0.12,-1.24,-0.88,0.36,1.21,1.18,-0.03,,,,,0.49,1310,0.023,1111,0.022,1510,0.022,無,0,無,0,無,0
SK-548C0,WH,3,N,1.25,80.83,80.85,0.02,-1.24,-1.22,0.03,1.21,1.41,0.2,,,,,0.27,1111,0.022,1310,0.022,1510,0.022,無,0,無,0,無,0
SK-548C0,NB,6,N,1.25,18.72,19.32,0.6,-0.75,-0.07,0.68,-8.93,-8.37,0.56,,,,,1.12,1578,1.65,1724,0.7,1862,0.4,1430,0.22,無,0,無,0
SK-548C0,NB,6,N,1.25,18.72,18.54,-0.18,-0.75,-0.25,0.5,-8.93,-8.04,0.89,,,,,1,1578,1.8,1724,0.7,1862,0.5,1430,0.2,無,0,無,0
SK-548C0,NB,6,N,1.25,18.72,18.29,-0.43,-0.75,-0.32,0.43,-8.93,-7.91,1.02,,,,,1.09,1578,1.7,1724,0.63,1862,0.6,1430,0.18,無,0,無,0
SK-548C0,NB,6,N,1.25,18.72,18.34,-0.39,-0.75,-0.3,0.45,-8.93,-8.57,0.36,,,,,0.74,1578,1.7,1862,0.6,1724,0.55,1430,0.16,無,0,無,0
SK-548C0,NB,6,N,1.25,18.72,18.32,-0.4,-0.75,-0.22,0.53,-8.93,-8.94,-0.01,,,,,0.77,1578,1.7,1862,0.6,1724,0.5,1430,0.17,無,0,無,0
SK-548C0,NB,6,N,1.25,18.72,18.51,-0.22,-0.75,-0.36,0.38,-8.93,-9.16,-0.22,,,,,0.58,1578,1.75,1862,0.6,1724,0.5,1430,0.145,無,0,無,0
SK-548C0,NB,6,N,1.25,18.72,18.49,-0.23,-0.75,-0.44,0.31,-8.93,-9.32,-0.39,,,,,0.57,1578,1.8,1862,0.55,1724,0.5,1430,0.13,無,0,無,0
SK-548C0,NB,6,N,1.25,18.72,18.6,-0.12,-0.75,-0.64,0.1,-8.93,-9.35,-0.42,,,,,0.41,1578,1.8,1724,0.52,1862,0.5,1430,0.11,無,0,無,0
SK-548C0,NB,6,N,1.25,18.72,18.55,-0.18,-0.75,-0.78,-0.03,-8.93,-9.14,-0.2,,,,,0.24,1578,1.8,1724,0.54,1862,0.5,1430,0.09,無,0,無,0
SK-548C0,BK,7,N,1.25,17.08,17.42,0.34,0.77,1.5,0.74,0.05,0.41,0.36,,,,,1.24,1862,2.5,1724,1.4,1430,0.315,無,0,無,0,無,0
SK-548C0,BK,7,N,1.25,17.08,16.4,-0.67,0.77,0.89,0.13,0.05,-0.38,-0.42,,,,,0.9,1862,3,1724,1.2,1430,0.3,無,0,無,0,無,0
SK-548C0,BK,7,N,1.25,17.08,17.25,0.17,0.77,1.49,0.72,0.05,0.57,0.53,,,,,1.31,1862,1.5,1724,1.4,1848,0.9,1430,0.31,無,0,無,0
SK-548C0,BK,7,N,1.25,17.08,16.94,-0.13,0.77,0.71,-0.05,0.05,0.25,0.21,,,,,0.34,1862,2.6,1724,1.4,1430,0.27,1588,0.15,無,0,無,0
SK-548C0,BK,7,N,1.25,17.08,17.21,0.13,0.77,0.74,-0.03,0.05,-0.07,-0.11,,,,,0.21,1862,2.15,1391,1,1191,0.57,1588,0.56,無,0,無,0
SCK-3841,YE,5,Y,1.39,64.15,65.57,1.42,4.72,4.2,-0.52,59.89,60.27,0.38,,,,,0.68,1142,0.21,1201,0.032,1565,0.015,1391,0.013,無,0,無,0
SCK-3841,YE,5,Y,1.39,64.15,64.35,0.2,4.72,4.16,-0.56,59.89,60.62,0.74,,,,,0.47,1142,0.21,1201,0.032,1565,0.015,1391,0.013,無,0,無,0
SCK-3841,YE,5,Y,1.39,64.15,65.44,1.29,4.72,1.04,-3.68,59.89,60.57,0.68,,,,,2.43,1142,0.21,1201,0.032,1565,0.015,1391,0.013,無,0,無,0
SCK-3841,YE,5,Y,1.39,64.15,63.14,-1.01,4.72,4.78,0.06,59.89,60.59,0.71,,,,,0.48,1142,0.21,1201,0.032,1565,0.015,1391,0.013,無,0,無,0
SCK-3841,YE,5,Y,1.39,64.15,63.13,-1.02,4.72,5.35,0.63,59.89,59.78,-0.11,,,,,0.58,1142,0.2,1201,0.03,1565,0.014,1391,0.009,無,0,無,0
SCK-3841,YE,5,Y,1.39,64.08,64.71,0.63,3.86,4.82,0.96,60.1,60.89,0.78,,,,,0.69,1142,0.24,1722,0.043,1565,0.015,無,0,無,0,無,0
SCK-3599S,RW,4,N,1.04,28.03,29.59,1.56,32.06,33.2,1.13,9.61,9.66,0.05,33.47,34.57,16.69,16.22,1.16,1384,1.4,1722,0.8,1430,0.73,1576,0.15,無,0,無,0
SCK-3599S,RW,4,N,1.04,28.03,27.01,-1.02,32.06,31.37,-0.7,9.61,9.57,-0.04,33.47,32.79,16.69,16.97,0.75,1384,1.45,1722,0.86,1430,0.766,1576,0.16,無,0,無,0
SCK-3599S,RW,4,N,1.04,28.03,26.91,-1.12,32.06,31.08,-0.98,9.61,9.5,-0.11,33.47,32.5,16.69,17,0.87,1384,1.5,1722,0.9,1430,0.8,1576,0.17,無,0,無,0
SCK-3599S,RW,4,N,1.04,28.03,27.7,-0.33,32.06,31.85,-0.21,9.61,9.47,-0.14,33.47,33.23,16.69,16.56,0.25,1384,1.4,1722,0.8,1430,0.73,1576,0.15,無,0,無,0
SCK-3599S,RW,4,N,1.04,28.03,27.85,-0.18,32.06,31.91,-0.16,9.61,9.52,-0.09,33.47,33.3,16.69,16.61,0.15,1384,1.4,1722,0.8,1430,0.73,1576,0.15,無,0,無,0
SCK-4191,TQ,5,N,1.04,48.48,49.32,0.84,4.76,3.8,-0.96,-48.58,-47.22,1.36,,47.37,,274.6,0.89,1584,0.78,1690,0.44,1681,0.093,無,0,無,0,無,0
SCK-4191,TQ,5,N,1.04,48.48,49.57,1.09,4.76,3.84,-0.93,-48.58,-47.4,1.18,,47.56,,274.63,0.9,1584,0.78,1690,0.44,1681,0.09,無,0,無,0,無,0
SCK-4191,TQ,5,N,1.04,48.48,48.79,0.32,4.76,4.32,-0.44,-48.58,-48.1,0.47,,48.3,,275.14,0.36,1584,0.78,1690,0.465,1681,0.09,無,0,無,0,無,0
SCK-4191,TQ,5,N,1.04,48.48,49.13,0.65,4.76,3.87,-0.89,-48.58,-47.98,0.6,,48.13,,274.62,0.69,1584,0.78,1690,0.49,1681,0.088,無,0,無,0,無,0
SCK-4191,TQ,5,N,1.04,48.48,49.05,0.57,4.76,4.24,-0.52,-48.58,-48.04,0.53,,48.23,,275.04,0.47,1584,0.75,1690,0.5,1681,0.086,無,0,無,0,無,0
SCK-4191,TQ,5,N,1.04,48.48,49.31,0.83,4.76,4.3,-0.46,-48.58,-48.26,0.32,,48.45,,275.09,0.51,1584,0.75,1690,0.5,1681,0.084,無,0,無,0,無,0
SCK-2426,GR,4,N,1.04,48.57,47.96,-0.61,-17.08,-16.33,0.75,1.39,1.01,-0.38,,16.36,,176.45,0.64,1565,0.34,1191,0.11,1391,0.035,無,0,無,0,無,0
SCK-2426,GR,4,N,1.04,48.57,48.32,-0.24,-17.08,-16.63,0.44,1.39,0.81,-0.58,,16.65,,177.22,0.58,1565,0.345,1191,0.115,1391,0.033,無,0,無,0,無,0
SCK-2426,GR,4,N,1.04,48.57,48.66,0.09,-17.08,-16.99,0.09,1.39,1.26,-0.13,,17.04,,175.76,0.13,1565,0.345,1191,0.12,1391,0.03,無,0,無,0,無,0
SCK-2426,GR,4,N,1.04,48.57,48.84,0.27,-17.08,-17.17,-0.09,1.39,1.3,-0.09,,17.22,,175.68,0.16,1565,0.345,1191,0.12,1391,0.03,無,0,無,0,無,0
SW-80425C0,BR,4,Y,1.04,37.03,36.71,-0.31,1.55,1.7,0.15,7.81,7.61,-0.2,,7.8,,77.41,0.36,1576,0.501,1191,0.328,1430,0.24,1201,0.16,無,0,無,0
SW-80425C0,BR,4,Y,1.04,37.03,36.44,-0.59,1.55,1.96,0.41,7.81,7.06,-0.75,,7.33,,74.48,1.09,1576,0.501,1191,0.328,1430,0.24,1201,0.16,無,0,無,0
SW-80425C0,BR,4,Y,1.04,37.03,37.07,0.04,1.55,1.51,-0.05,7.81,7.92,0.1,,8.06,,79.23,0.13,1576,0.49,1191,0.335,1430,0.23,1201,0.16,無,0,無,0
SW-80425C0,BR,4,Y,1.04,37.03,37.09,0.07,1.55,1.54,-0.02,7.81,7.9,0.09,,8.05,,79,0.1,1576,0.49,1191,0.335,1430,0.23,1201,0.16,無,0,無,0
SK-1216C0,BK,7,N,0.83,17.08,17.53,0.45,-0.19,-0.08,0.11,-2.76,-2.48,0.28,,,,,0.56,1862,2,1863,1.1,1724,0.3,1430,0.19,無,0,無,0
SK-1216C0,NB,7,N,0.83,22.17,23.01,0.84,2.56,2.82,0.27,-14.18,-14.8,-0.63,,15.07,,280.8,0.82,1578,0.9,1593,0.9,1724,0.46,1430,0.435,無,0,無,0
SK-1216C0,NB,7,N,0.83,22.17,23.44,1.27,2.56,2.73,0.17,-14.18,-14.89,-0.71,,15.14,,280.37,1.1,1578,0.9,1593,0.9,1724,0.43,1430,0.42,無,0,無,0
SK-1216C0,NB,7,N,0.83,22.17,23.19,1.02,2.56,2.41,-0.14,-14.18,-14.29,-0.12,,14.5,,279.59,0.81,1578,0.864,1593,0.864,1724,0.465,1430,0.4,無,0,無,0
SK-1216C0,NB,7,N,0.83,22.17,23.09,0.92,2.56,1.89,-0.67,-14.18,-13.83,0.35,,13.95,,277.79,1.08,1578,0.864,1593,0.864,1724,0.49,1430,0.36,無,0,無,0
SK-1216C0,NB,7,N,0.83,22.17,22.07,-0.1,2.56,1.65,-0.91,-14.18,-13.92,0.26,,,,,1.1,1578,0.864,1593,0.864,1724,0.465,1430,0.415,無,0,無,0
SK-1216C0,NB,7,N,0.83,22.17,22.86,0.69,2.56,2.54,-0.02,-14.18,-14.31,-0.14,,14.54,,280.07,0.54,1578,0.864,1593,0.864,1724,0.465,1430,0.422,無,0,無,0
SK-1216C0,NB,7,N,0.83,22.17,22.72,0.55,2.56,2.5,-0.06,-14.18,-14.28,-0.1,,14.49,,279.94,0.43,1578,0.864,1593,0.864,1724,0.465,1430,0.415,無,0,無,0
SK-1216C0,GY,1,N,0.83,51.07,51.62,0.55,-0.02,0.08,0.1,-2.47,-2.33,0.14,,2.34,,272.08,0.33,1576,0.266,1724,0.175,1391,0.029,無,0,無,0,無,0
SK-1216C0,BL,2,N,0.83,27.95,28.25,0.3,2.71,2.59,-0.11,-22.51,-22.73,-0.21,,,,,0.27,1578,1.15,1430,0.24,1191,0.035,無,0,無,0,無,0
SK-1216C0,WH,0,N,0.83,93.45,94.91,1.46,2.75,2.78,0.03,-11.24,-11.49,-0.26,,,,,0.54,1042,0.08,1053,0.08,無,0,無,0,無,0,無,0
SCK-3795SAM1,BL,5,N,1.04,39.34,39.15,-0.19,-2.27,-1.2,1.07,-37.86,-38.6,-0.74,,,,,0.86,1567,0.96,1568,0.4,1430,0.045,1191,0.0105,無,0,無,0
SCK-3795SAM1,BL,5,N,1.04,39.34,38.57,-0.78,-2.27,-1.14,1.13,-37.86,-38.49,-0.63,,,,,0.96,1567,0.96,1568,0.384,1430,0.06,1191,0.01,無,0,無,0
SCK-3795SAM1,BL,5,N,1.04,39.34,39.3,-0.04,-2.27,-1.75,0.52,-37.86,-37.95,-0.1,,,,,0.38,1567,0.96,1568,0.384,1430,0.055,1191,0.0098,無,0,無,0
SCK-3795SAM1,BL,5,N,1.04,39.34,39.41,0.07,-2.27,-1.54,0.73,-37.86,-38.94,-1.09,,,,,0.73,1567,0.96,1568,0.39,1430,0.05,1191,0.0098,無,0,無,0
SCK-3795SAM1,BL,5,N,1.04,39.34,39.13,-0.22,-2.27,-1.74,0.53,-37.86,-38.61,-0.76,,,,,0.53,1567,0.96,1568,0.4,1430,0.045,1191,0.0098,無,0,無,0
SCK-3795SAM1,BL,5,N,1.04,39.34,39.63,0.28,-2.27,-2.95,-0.68,-37.86,-38.2,-0.34,,,,,0.52,1567,0.96,1568,0.4,1191,0.105,1430,0.04,無,0,無,0
SCK-3795SAM1,BL,5,N,1.04,39.34,40.04,0.69,-2.27,-3.24,-0.98,-37.86,-38.05,-0.19,,,,,0.79,1567,0.96,1568,0.4,1191,0.115,1430,0.04,無,0,無,0
SCK-3795SAM1,BL,5,N,1.04,39.34,40.34,0.99,-2.27,-2.84,-0.57,-37.86,-38.5,-0.64,,,,,0.71,1567,0.96,1568,0.4,1430,0.042,1191,0.0105,無,0,無,0
SCK-3795SAM1,BL,5,N,1.04,39.34,40.09,0.74,-2.27,-3.04,-0.77,-37.86,-38.25,-0.4,,,,,0.69,1567,0.96,1568,0.4,1430,0.0435,1191,0.0105,無,0,無,0
SCK-3795SAM1,BL,5,N,1.04,39.34,39.56,0.22,-2.27,-2.54,-0.27,-37.86,-38.33,-0.47,,,,,0.3,1567,0.96,1568,0.4,1430,0.05,1191,0.0105,無,0,無,0
SCK-3741,PU,2,N,1.04,38.05,35.65,-2.4,6.15,5.73,-0.42,2.43,2.05,-0.38,,6.08,,19.66,1.42,1576,0.38,1391,0.245,1191,0.142,1201,0.124,無,0,無,0
SCK-3741,PU,2,N,1.04,38.05,34.57,-3.48,6.15,5.84,-0.31,2.43,2.48,0.05,,6.35,,22.99,1.9,1576,0.418,1391,0.27,1191,0.156,1201,0.14,無,0,無,0
SCK-3741,PU,2,N,1.04,38.05,32.9,-5.15,6.15,5.87,-0.28,2.43,2.38,-0.05,,6.33,,22.07,2.78,1576,0.456,1391,0.294,1191,0.17,1201,0.155,無,0,無,0
SCK-3741,PU,2,N,1.04,38.05,32.29,-5.76,6.15,5.81,-0.34,2.43,2.39,-0.04,,6.28,,22.35,3.11,1576,0.452,1391,0.3,1191,0.17,1201,0.155,無,0,無,0
SCK-3741,PU,2,N,1.04,38.05,34.05,-4,6.15,6.17,0.02,2.43,2.56,0.13,,6.68,,22.53,2.15,1576,0.429,1391,0.29,1191,0.162,1201,0.147,無,0,無,0
SCK-3741,PU,2,N,1.04,38.05,34.04,-4.01,6.15,6.17,0.02,2.43,2.53,0.1,,6.67,,22.28,2.16,1576,0.429,1391,0.29,1191,0.162,1201,0.147,無,0,無,0
SCK-3415,PU,4,N,2.5,51.41,51.44,0.03,10.94,11.1,0.16,-18.8,-19.38,-0.58,,22.33,,299.79,0.37,1565,0.11,1391,0.055,1640,0.055,1191,0.017,無,0,無,0
SCK-3415,PU,4,N,2.5,51.41,51.77,0.35,10.94,11.02,0.08,-18.8,-19.08,-0.28,,22.03,,300.01,0.24,1565,0.11,1391,0.056,1640,0.055,1191,0.0185,無,0,無,0
SCK-3415,PU,4,N,2.5,51.41,51.2,-0.21,10.94,10.93,-0.01,-18.8,-18.73,0.07,,21.69,,300.27,0.11,1565,0.11,1391,0.056,1640,0.055,1191,0.018,無,0,無,0
SCK-3415,YE,4,N,2.5,66.49,66.76,0.27,-10.72,-10.25,0.47,33.87,34.85,0.99,,36.33,,106.39,0.63,1191,0.25,1576,0.05,1391,0.021,1201,0.0035,無,0,無,0
SCK-3415,YE,4,N,2.5,66.49,68.35,1.86,-10.72,-10.17,0.55,33.87,36.4,2.53,,37.79,,105.62,1.53,1191,0.25,1576,0.0525,1391,0.021,1201,0.0035,無,0,無,0
SCK-3415,YE,4,N,2.5,66.49,67.25,0.76,-10.72,-10.62,0.1,33.87,34.72,0.85,,36.3,,107.01,0.53,1191,0.25,1576,0.055,1391,0.021,1201,0.0035,無,0,無,0
SCK-3415,YE,4,N,2.5,66.49,66.09,-0.4,-10.72,-10.69,0.03,33.87,34.06,0.19,,35.7,,107.43,0.19,1191,0.262,1576,0.059,1391,0.022,1201,0.0037,無,0,無,0
SCK-3415,YE,4,N,2.5,66.49,66.21,-0.28,-10.72,-10.82,-0.1,33.87,34.22,0.36,,35.89,,107.55,0.2,1191,0.265,1576,0.061,1391,0.022,1201,0.0037,無,0,無,0
SCK-3415,YE,4,N,2.5,66.49,66.11,-0.38,-10.72,-10.74,-0.01,33.87,34.18,0.32,,35.83,,107.44,0.21,1191,0.265,1576,0.061,1391,0.022,1201,0.0036,無,0,無,0
SCW-112,WH,0,Y,1.04,95.36,94.8,-0.56,3.48,3.32,-0.16,-12.26,-11.28,0.97,,,,,0.77,1042,0.25,無,0,無,0,無,0,無,0,無,0
SCW-112,WH,0,Y,1.04,95.36,95.5,0.14,3.48,3.18,-0.3,-12.26,-11.18,1.08,,,,,0.84,1042,0.25,1053,0.05,無,0,無,0,無,0,無,0
SCW-112,WH,0,Y,1.04,95.36,94.77,-0.59,3.48,3.56,0.08,-12.26,-12.48,-0.23,,,,,0.27,1042,0.25,1053,0.02,無,0,無,0,無,0,無,0
SCK-4186,TQ,5,N,1.04,44.79,44.97,0.18,2.97,3.03,0.07,-41.56,-41.61,-0.05,,41.72,,274.17,0.1,1585,0.8,1567,0.28,1681,0.22,無,0,無,0,無,0
SW-80201C0,OL,5,Y,1.04,30.45,31.07,0.62,-0.87,-0.9,-0.04,5.21,5.21,0,,5.29,,99.82,0.39,1578,0.62,1142,0.465,1430,0.41,1722,0.125,無,0,無,0
SW-80201C0,OL,5,Y,1.04,30.45,31.09,0.64,-0.87,-0.88,-0.02,5.21,5.16,-0.06,,5.23,,99.73,0.4,1578,0.62,1142,0.465,1430,0.41,1722,0.125,無,0,無,0
SW-80201C0,BR,4,Y,1.04,41.89,41.58,-0.31,4.46,4.59,0.13,16.93,16.15,-0.78,,,,,0.65,1576,0.4,1191,0.3,1722,0.3,1391,0.17,無,0,無,0
SW-80201C0,BR,4,Y,1.04,41.89,40.67,-1.22,4.46,4.63,0.17,16.93,16.09,-0.84,,,,,0.93,1576,0.4,1191,0.3,1722,0.3,1391,0.17,無,0,無,0
SW-80201C0,BR,4,Y,1.04,41.89,40.98,-0.91,4.46,4.88,0.42,16.93,16.96,0.03,,,,,0.69,1576,0.37,1191,0.3,1722,0.3,1391,0.16,無,0,無,0
SW-80201C0,BR,4,Y,1.04,41.89,41.43,-0.46,4.46,4.94,0.48,16.93,17.19,0.26,,,,,0.61,1576,0.375,1191,0.3,1722,0.3,1391,0.15,無,0,無,0
SW-80201C0,BR,4,Y,1.04,41.89,40.92,-0.97,4.46,4.51,0.05,16.93,16.71,-0.22,,,,,0.53,1576,0.375,1722,0.3,1191,0.2,1391,0.14,無,0,無,0
SW-80201C0,BR,4,Y,1.04,41.89,41.26,-0.63,4.46,5.11,0.65,16.93,13.7,-3.23,,,,,2.79,1576,0.351,1191,0.285,1722,0.285,1391,0.143,無,0,無,0
SW-80201C0,BR,4,Y,1.04,41.89,42.78,0.9,4.46,4.37,-0.1,16.93,17.7,0.77,,,,,0.75,1576,0.34,1191,0.276,1722,0.276,1391,0.138,無,0,無,0
SW-80201C0,BR,4,Y,1.04,41.89,42.03,0.14,4.46,4.61,0.14,16.93,17.13,0.2,,,,,0.2,1576,0.355,1722,0.285,1191,0.28,1391,0.145,無,0,無,0
SW-80697C0,BL,5,Y,1.04,40.41,40.2,-0.21,-11.71,-12.23,-0.52,-9.62,-9.91,-0.3,,,,,0.43,1576,0.807,1191,0.126,1588,0.049,無,0,無,0,無,0
SK-1329,BK,6,N,2.08,18.03,17.84,-0.19,0.44,0.66,0.23,-2.47,-2.34,0.13,,,,,0.38,1862,1.6,1391,0.6,1578,0.5,1191,0.3,無,0,無,0
SK-1329,BK,6,N,2.08,18.03,18.01,-0.02,0.44,0.57,0.13,-2.47,-2.47,0,,,,,0.17,1862,1.6,1391,0.53,1578,0.5,1191,0.28,無,0,無,0
SCK-3542S,NB,7,Y,1.04,22.92,22.59,-0.33,0.02,-0.27,-0.3,-9.89,-9.74,0.16,9.89,9.74,270.12,268.38,0.48,1578,1.1,1588,0.6,1724,0.6,1391,0.46,無,0,無,0
SCK-3542S,NB,7,Y,1.04,22.92,22.64,-0.28,0.02,-0.08,-0.1,-9.89,-9.72,0.18,9.89,9.72,270.12,269.54,0.29,1578,1.1,1588,0.6,1724,0.6,1391,0.46,無,0,無,0
SCK-4609,BL,2,N,1.04,80.67,80.62,-0.05,-0.89,-0.54,0.35,-5.67,-5.08,0.59,,5.11,,263.92,0.73,1510,0.0257,1310,0.0216,1111,0.0107,無,0,無,0,無,0
SCK-4609,BL,2,N,1.04,80.67,80.4,-0.27,-0.89,-1.1,-0.21,-5.67,-5.41,0.26,,5.53,,258.5,0.42,1510,0.027,1310,0.021,1111,0.0107,無,0,無,0,無,0
SCK-4609,BL,2,N,1.04,80.67,80.53,-0.14,-0.89,-1.3,-0.42,-5.67,-5.37,0.3,,5.53,,256.38,0.65,1510,0.027,1310,0.02,1111,0.0105,無,0,無,0,無,0
SCK-4609,BL,2,N,1.04,80.67,80.71,0.04,-0.89,-0.85,0.04,-5.67,-5.7,-0.03,,5.76,,261.55,0.06,1510,0.027,1310,0.021,1111,0.01,無,0,無,0,無,0
SCK-4609,BL,2,N,1.04,80.67,80.78,0.11,-0.89,-0.83,0.06,-5.67,-5.6,0.07,,5.66,,261.61,0.11,1510,0.027,1310,0.021,1111,0.01,無,0,無,0,無,0
SK-1216C0,BL,5,N,0.83,36.48,36.22,-0.26,-2.91,-3.27,-0.36,-36.26,-36.92,-0.66,,37.06,,264.93,0.41,1589,1.35,1568,0.78,1640,0.193,1191,0.042,無,0,無,0
SK-1216C0,BL,5,N,0.83,36.48,35.48,-0.99,-2.91,-1.83,1.08,-36.26,-36.39,-0.13,,36.44,,267.12,0.97,1589,1.3,1568,0.7,1640,0.2,1191,0.043,無,0,無,0
SK-1216C0,BL,5,N,0.83,36.48,37,0.52,-2.91,-2.49,0.43,-36.26,-35.98,0.28,,36.07,,266.05,0.44,1589,1.15,1568,0.63,1640,0.18,1191,0.039,無,0,無,0
SK-1216C0,BL,5,N,0.83,36.48,36.71,0.23,-2.91,-2.34,0.58,-36.26,-36.07,0.19,,36.15,,266.29,0.44,1589,1.25,1568,0.7,1640,0.185,1191,0.041,無,0,無,0
SK-1216C0,BL,5,N,0.83,36.48,36.58,0.1,-2.91,-2.87,0.05,-36.26,-35.93,0.32,,36.05,,265.44,0.16,1589,1.25,1568,0.63,1640,0.18,1191,0.041,無,0,無,0
SK-1216C0,BL,5,N,0.83,36.48,36.77,0.29,-2.91,-2.62,0.3,-36.26,-36.37,-0.11,,36.46,,265.89,0.28,1589,1.25,1568,0.71,1640,0.185,1191,0.04,無,0,無,0
SK-1216C0,BL,5,N,0.83,36.48,36.77,0.3,-2.91,-2.9,0.02,-36.26,-36.53,-0.27,,36.65,,265.46,0.2,1589,1.3,1568,0.71,1640,0.18,1191,0.04,無,0,無,0
SK-1216C0,BL,5,N,0.83,36.48,36.76,0.28,-2.91,-2.85,0.06,-36.26,-36.54,-0.28,,36.65,,265.54,0.21,1589,1.3,1568,0.71,1640,0.18,1191,0.04,無,0,無,0
SCK-3819,NB,7,N,1.04,23.14,23.19,0.06,-0.2,-0.18,0.02,-9.88,-9.91,-0.03,,9.91,,268.95,0.05,1862,1.1,1578,0.85,1430,0.28,無,0,無,0,無,0
SCK-3819,NB,7,N,1.04,23.14,23.05,-0.09,-0.2,-0.18,0.02,-9.88,-9.87,0.01,,9.88,,268.94,0.07,1862,1.1,1578,0.85,1430,0.28,無,0,無,0,無,0
SCK-3819,GY,7,N,1.04,43.85,41.64,-2.2,-1.76,-1.63,0.13,0.16,-0.24,-0.4,,1.65,,188.49,1.23,1576,0.33,1191,0.078,1722,0.075,1391,0.05,無,0,無,0
SCK-3819,GY,7,N,1.04,43.85,43.45,-0.4,-1.76,-1.74,0.02,0.16,-0.47,-0.63,,1.8,,195.19,0.88,1576,0.295,1191,0.07,1722,0.0675,1391,0.044,無,0,無,0
SCK-3819,GY,7,N,1.04,43.85,43.29,-0.56,-1.76,-1.69,0.08,0.16,-0.12,-0.28,,1.69,,184.13,0.48,1576,0.29,1191,0.072,1722,0.067,1391,0.044,無,0,無,0
SCK-3819,GY,7,N,1.04,43.85,43.37,-0.48,-1.76,-1.83,-0.06,0.16,0.08,-0.08,,1.83,,177.45,0.27,1576,0.29,1191,0.075,1722,0.067,1391,0.044,無,0,無,0
SCK-3819,GY,7,N,1.04,43.85,43.39,-0.46,-1.76,-1.81,-0.05,0.16,0.03,-0.13,,1.81,,179.15,0.3,1576,0.29,1191,0.075,1722,0.067,1391,0.044,無,0,無,0
SCK-3819,NB,7,N,1.04,27.88,26.82,-1.06,-2.93,-2.58,0.35,-9.66,-10.06,-0.39,,10.38,,255.63,0.91,1862,0.8,1578,0.7,1391,0.075,無,0,無,0,無,0
SCK-3819,NB,7,N,1.04,27.88,27.03,-0.85,-2.93,-2.61,0.32,-9.66,-10.25,-0.59,,10.58,,255.7,0.88,1862,0.75,1578,0.68,1391,0.072,無,0,無,0,無,0
SCK-3819,NB,7,N,1.04,27.88,27.65,-0.23,-2.93,-2.54,0.39,-9.66,-10.48,-0.81,,10.78,,256.35,0.92,1862,0.7,1578,0.66,1391,0.07,無,0,無,0,無,0
SCK-3819,NB,7,N,1.04,27.88,27.41,-0.47,-2.93,-3.08,-0.15,-9.66,-10.08,-0.42,,10.54,,252.98,0.48,1862,0.8,1578,0.65,1391,0.05,無,0,無,0,無,0
SCK-3819,NB,7,N,1.04,27.88,27.35,-0.53,-2.93,-2.91,0.02,-9.66,-9.72,-0.06,,10.15,,253.32,0.35,1862,0.8,1578,0.6,1391,0.05,無,0,無,0,無,0
SCK-3819,NB,7,N,1.04,27.88,27.66,-0.22,-2.93,-2.98,-0.05,-9.66,-9.78,-0.11,,10.22,,253.06,0.18,1862,0.8,1578,0.6,1391,0.05,無,0,無,0,無,0
SCK-3484,PU,4,N,1.25,43.03,43.53,0.5,13.17,12.74,-0.42,-30.87,-30.12,0.75,,32.71,,292.93,0.48,1374,0.765,1690,0.416,1580,0.378,1191,0.017,無,0,無,0
SCK-3484,PU,4,N,1.25,43.03,42.49,-0.53,13.17,12.64,-0.53,-30.87,-30.69,0.18,,33.19,,292.38,0.46,1374,0.65,1690,0.42,1580,0.4,1191,0.017,無,0,無,0
SCK-3484,PU,4,N,1.25,43.03,42.65,-0.38,13.17,12.41,-0.75,-30.87,-30.52,0.35,,32.95,,292.13,0.56,1374,0.78,1690,0.416,1580,0.4,1191,0.016,無,0,無,0
SCK-3484,PU,4,N,1.25,43.03,42.47,-0.55,13.17,12.91,-0.25,-30.87,-31.19,-0.32,,33.76,,292.49,0.4,1374,0.78,1690,0.43,1580,0.4,1191,0.015,無,0,無,0
SCK-3484,PU,4,N,1.25,43.03,42.41,-0.61,13.17,13.51,0.34,-30.87,-31.18,-0.31,,33.98,,293.43,0.39,1374,0.78,1690,0.42,1580,0.39,1191,0.015,無,0,無,0
SCK-3484,PU,4,N,1.25,43.03,42.84,-0.18,13.17,14.01,0.84,-30.87,-31.21,-0.34,,34.21,,294.17,0.59,1374,0.78,1690,0.42,1580,0.37,1191,0.014,無,0,無,0
SCK-3484,PU,4,N,1.25,43.03,42.87,-0.16,13.17,13.25,0.09,-30.87,-31.01,-0.14,,33.72,,293.14,0.11,1374,0.78,1690,0.41,1580,0.39,1191,0.015,無,0,無,0
SCK-3484,PU,4,N,1.25,43.03,42.93,-0.09,13.17,13.23,0.07,-30.87,-30.97,-0.1,,33.68,,293.14,0.08,1374,0.78,1690,0.41,1580,0.39,1191,0.015,無,0,無,0
SW-80180C0,OL,3,N,1.04,51.32,50.45,-0.86,-8.52,-7.98,0.54,7.59,8.03,0.43,,,,,0.8,1576,0.295,1191,0.215,1391,0.078,無,0,無,0,無,0
SW-80180C0,OL,3,N,1.04,51.32,51.68,0.36,-8.52,-8.67,-0.16,7.59,7.52,-0.07,,,,,0.24,1576,0.295,1191,0.21,1391,0.07,無,0,無,0,無,0
SW-80180C0,OL,3,N,1.04,51.32,51.38,0.06,-8.52,-8.78,-0.26,7.59,7.61,0.01,,,,,0.24,1576,0.28,1191,0.2,1391,0.067,無,0,無,0,無,0
SW-80180C0,OL,3,N,1.04,51.32,51.16,-0.16,-8.52,-8.75,-0.23,7.59,7.64,0.04,,,,,0.21,1576,0.28,1191,0.2,1391,0.067,無,0,無,0,無,0
SCK-2114,OL,3,N,0.69,52.67,49.87,-2.81,-8.64,-7.79,0.85,8.59,5.2,-3.4,,,,,3.24,1578,1.6,1724,0.81,1862,0.55,1430,0.22,無,0,無,0
SCK-2114,OL,3,N,0.69,52.67,51.4,-1.27,-8.64,-7.98,0.65,8.59,7.7,-0.9,,,,,1.03,1576,0.31,1191,0.23,1391,0.08,無,0,無,0,無,0
SCK-2114,OL,3,N,0.69,52.67,52.15,-0.52,-8.64,-8.62,0.02,8.59,9.06,0.46,,,,,0.48,1576,0.3,1191,0.24,1391,0.075,無,0,無,0,無,0
SCK-2114,OL,3,N,0.69,52.67,52.85,0.17,-8.64,-8.7,-0.06,8.59,9.07,0.48,,,,,0.42,1576,0.29,1191,0.23,1391,0.072,無,0,無,0,無,0
SCK-2114,OL,3,N,0.69,52.67,52.68,0,-8.64,-8.63,0,8.59,8.96,0.36,,,,,0.32,1576,0.292,1191,0.23,1391,0.072,無,0,無,0,無,0
SW-8374C0,KH,2,N,1.04,68.28,68.44,0.16,5.15,5.02,-0.13,16.79,17.37,0.58,,18.08,,73.87,0.52,1191,0.072,1391,0.068,1580,0.065,1201,0.026,無,0,無,0
SW-8374C0,KH,2,N,1.04,68.28,68.35,0.07,5.15,4.96,-0.2,16.79,17.11,0.32,,17.81,,73.84,0.41,1191,0.072,1391,0.066,1580,0.065,1201,0.026,無,0,無,0
SW-8374C0,KH,2,N,1.04,68.28,68.66,0.38,5.15,5.5,0.35,16.79,16.95,0.16,,17.82,,72.01,0.44,1191,0.0705,1391,0.0646,1580,0.0637,1201,0.0255,無,0,無,0
SW-8374C0,KH,2,N,1.04,68.28,68.68,0.4,5.15,5.47,0.31,16.79,17.04,0.25,,17.9,,72.21,0.4,1191,0.069,1391,0.066,1580,0.066,1201,0.026,無,0,無,0
SCK-2034,NB,6,N,1.04,18.05,18.41,0.36,0.61,0.56,-0.06,-10.47,-10.47,-0.01,,,,,0.33,1578,1.8,1862,0.85,1722,0.23,1430,0.125,無,0,無,0
SCK-3173S,BL,2,N,1.04,82.87,83.27,0.4,-8.55,-8.82,-0.27,-2.76,-2.06,0.7,,,,,0.84,1510,0.023,1111,0.009,1310,0.0008,無,0,無,0,無,0
SCK-3173S,BL,2,N,1.04,82.87,83.3,0.43,-8.55,-8.64,-0.09,-2.76,-2,0.76,,,,,0.85,1510,0.024,1111,0.009,1310,0.0009,無,0,無,0,無,0
SCK-3173S,BL,2,N,1.04,82.87,82.95,0.08,-8.55,-8.86,-0.31,-2.76,-2.6,0.16,,,,,0.35,1510,0.025,1111,0.009,1310,0.001,無,0,無,0,無,0
SCK-3173S,BL,2,N,1.04,82.87,82.98,0.11,-8.55,-8.68,-0.13,-2.76,-3.03,-0.27,,,,,0.3,1510,0.025,1111,0.008,1310,0.001,無,0,無,0,無,0
SCK-3173S,BL,2,N,1.04,82.87,83.23,0.36,-8.55,-8.65,-0.09,-2.76,-3.02,-0.26,,,,,0.31,1510,0.025,1111,0.0085,1310,0.001,無,0,無,0,無,0
SK-1294,PU,3,N,1.04,43.76,40.97,-2.79,4.36,4.89,0.53,-15.46,-15.81,-0.36,,16.55,,287.17,1.49,1576,0.4,1391,0.155,1142,0.0202,無,0,無,0,無,0
SK-1294,PU,3,N,1.04,43.76,40.25,-3.51,4.36,4.66,0.3,-15.46,-15.92,-0.47,,16.59,,286.3,1.78,1576,0.415,1391,0.155,1142,0.0215,無,0,無,0,無,0
SK-1294,PU,3,N,1.04,43.76,40.12,-3.64,4.36,4.3,-0.06,-15.46,-15.87,-0.41,,16.44,,285.16,1.83,1576,0.43,1391,0.155,1142,0.023,無,0,無,0,無,0
SK-1294,PU,3,N,1.04,43.76,40.55,-3.21,4.36,4.37,0.01,-15.46,-15.55,-0.1,,16.16,,285.69,1.59,1576,0.41,1391,0.15,1142,0.022,無,0,無,0,無,0
SK-1294,PU,3,N,1.04,43.76,40.7,-3.06,4.36,4.32,-0.04,-15.46,-15.6,-0.14,,16.18,,285.48,1.52,1576,0.41,1391,0.15,1142,0.022,無,0,無,0,無,0
SK-1294,GR,4,N,1.04,34.47,32.63,-1.84,-12.78,-12.34,0.45,-6.35,-6.34,0.01,,13.87,,207.22,1.1,1588,0.64,1576,0.52,1722,0.125,1142,0.08,無,0,無,0
SK-1294,GR,4,N,1.04,34.47,32.83,-1.65,-12.78,-12.82,-0.04,-6.35,-6.34,0.02,,14.3,,206.29,0.94,1588,0.68,1576,0.52,1722,0.125,1142,0.084,無,0,無,0
SK-1294,GR,4,N,1.04,34.47,32.83,-1.65,-12.78,-12.79,-0.01,-6.35,-6.38,-0.03,,14.29,,206.52,0.94,1588,0.68,1576,0.52,1722,0.125,1142,0.084,無,0,無,0
SCK-3828,RE,5,N,1.04,36.24,32.57,-3.68,37.08,36.06,-1.02,24.48,24.26,-0.21,,43.46,,33.93,2.09,1724,1.5,1384,1.1,1565,0.088,無,0,無,0,無,0
SCK-3828,RE,5,N,1.04,36.24,32.67,-3.57,37.08,37.76,0.68,24.48,25.38,0.9,,45.5,,33.9,2.04,1724,1.5,1384,1.2,1565,0.085,無,0,無,0,無,0
SCK-3828,RE,5,N,1.04,36.24,31.7,-4.54,37.08,37.96,0.88,24.48,24.57,0.09,,45.22,,32.91,2.55,1724,1.5,1384,1.3,1565,0.08,無,0,無,0,無,0
SCK-3828,RE,5,N,1.04,36.24,32.39,-3.86,37.08,36.27,-0.81,24.48,24.54,0.07,,43.79,,34.08,2.18,1724,1.5,1384,1.1,1565,0.088,無,0,無,0,無,0
SCK-3828,RE,5,N,1.04,36.24,32.64,-3.6,37.08,36.47,-0.61,24.48,24.01,-0.47,,43.66,,33.35,2.01,1724,1.4,1384,1.1,1565,0.086,無,0,無,0,無,0
SCK-3828,RE,5,N,1.04,36.24,33.09,-3.15,37.08,36.83,-0.25,24.48,24.15,-0.32,,44.04,,33.25,1.75,1724,1.4,1384,1.1,1565,0.083,無,0,無,0,無,0
SCK-3828,RE,5,N,1.04,36.24,33.37,-2.87,37.08,37.15,0.07,24.48,24.38,-0.1,,44.43,,33.27,1.59,1724,1.4,1384,1.1,1565,0.08,無,0,無,0,無,0
SCK-3841,GY,5,Y,1.39,29.95,29.26,-0.69,-1.99,-2.95,-0.96,-7.34,-7.74,-0.4,,8.28,,249.1,1.27,1593,0.562,1391,0.21,1142,0.117,無,0,無,0,無,0
SCK-3841,GY,5,Y,1.39,29.95,30,0.05,-1.99,-2.23,-0.24,-7.34,-7.85,-0.51,,8.16,,254.12,0.53,1593,0.593,1391,0.224,1142,0.1,無,0,無,0,無,0
SCK-3841,GY,5,Y,1.39,29.95,30.5,0.55,-1.99,-1.88,0.11,-7.34,-7.56,-0.23,,7.79,,256,0.44,1593,0.562,1391,0.215,1142,0.117,無,0,無,0,無,0
SCK-3841,GY,5,Y,1.39,29.95,29.48,-0.47,-1.99,-2.28,-0.29,-7.34,-7.23,0.1,,7.59,,252.48,0.49,1593,0.56,1391,0.215,1142,0.117,無,0,無,0,無,0
SCK-3841,GY,5,Y,1.39,29.95,30.99,1.04,-1.99,-2.33,-0.34,-7.34,-7.28,0.06,,7.64,,252.21,0.79,1593,0.6,1391,0.24,1142,0.125,無,0,無,0,無,0
SCK-3841,GY,5,Y,1.39,29.95,30.75,0.8,-1.99,-2.27,-0.28,-7.34,-7.14,0.19,,7.49,,252.39,0.65,1593,0.6,1391,0.23,1142,0.125,無,0,無,0,無,0
SCK-3841,GY,5,Y,1.39,29.95,29.78,-0.17,-1.99,-2.25,-0.25,-7.34,-7.25,0.09,,7.59,,252.78,0.36,1593,0.54,1391,0.24,1142,0.124,無,0,無,0,無,0
SW-8797C0,KH,4,Y,1.04,42.96,43.28,0.33,5.01,3.93,-1.08,16.31,16.46,0.16,,16.93,,76.57,1.47,1565,0.34,1142,0.266,1391,0.256,1201,0.176,無,0,無,0
SW-8797C0,KH,4,Y,1.04,42.96,42.93,-0.02,5.01,5.9,0.89,16.31,16.03,-0.27,,17.09,,69.79,1.25,1565,0.325,1391,0.26,1142,0.235,1201,0.195,無,0,無,0
SW-8797C0,KH,4,Y,1.04,42.96,42.69,-0.27,5.01,5.06,0.05,16.31,16.34,0.03,,17.11,,72.8,0.15,1565,0.332,1391,0.272,1142,0.27,1201,0.18,無,0,無,0
SW-8797C0,KH,4,Y,1.04,42.96,42.68,-0.27,5.01,5.08,0.07,16.31,16.31,0,,17.08,,72.69,0.16,1565,0.332,1391,0.272,1142,0.27,1201,0.18,無,0,無,0
SK-807,GR,3,N,1.67,79.51,79.91,0.4,-21.8,-21.82,-0.03,76.92,74.91,-2.02,,78.02,,106.24,0.69,1191,1,1142,0.19,1580,0.115,1201,0.035,無,0,無,0
SK-807,GR,3,N,1.67,79.51,79.58,0.07,-21.8,-21.88,-0.08,76.92,77.16,0.23,,80.2,,105.83,0.08,1191,1,1142,0.26,1580,0.11,1201,0.034,無,0,無,0
SK-807,GR,3,N,1.67,79.51,80.26,0.75,-21.8,-22.01,-0.21,76.92,75.22,-1.71,,78.37,,106.31,0.66,1191,1,1142,0.16,1580,0.11,1201,0.033,無,0,無,0
SK-807,GR,3,N,1.67,79.51,79.63,0.12,-21.8,-22.33,-0.53,76.92,76.39,-0.54,,79.58,,106.3,0.34,1191,1,1142,0.18,1580,0.115,1201,0.034,無,0,無,0
SK-807,GR,3,N,1.67,79.51,79.7,0.19,-21.8,-22.54,-0.74,76.92,75.57,-1.35,,78.86,,106.61,0.63,1191,1,1142,0.2,1580,0.12,1201,0.034,無,0,無,0
SK-807,GR,3,N,1.67,79.51,79.72,0.21,-21.8,-22.24,-0.44,76.92,76.26,-0.67,,79.44,,106.26,0.34,1191,1,1142,0.185,1580,0.115,1201,0.035,無,0,無,0
SK-807,GR,3,N,1.67,79.51,79.5,-0.01,-21.8,-21.84,-0.04,76.92,77.16,0.24,,80.19,,105.8,0.08,1191,1,1142,0.26,1580,0.11,1201,0.034,無,0,無,0
SK-807,BL,5,N,1.67,34.65,34.63,-0.02,2.46,2.51,0.06,-38.78,-39.23,-0.45,,39.31,,273.67,0.2,1565,1.1,1567,1,1191,0.016,無,0,無,0,無,0
SK-807,RE,6,N,1.67,42.89,43.21,0.32,55.11,58.04,2.93,41,43.59,2.59,,72.58,,36.91,1.35,1201,1.5,1353,1.3,1351,1,1724,1,1191,0.75,無,0
SK-807,RE,2,N,1.67,75.98,75.87,-0.11,36.25,36.52,0.27,-9.76,-10.18,-0.42,,37.92,,344.42,0.27,1374,0.126,1350,0.01,1580,0.0013,1191,0.0008,無,0,無,0
SK-807,RE,2,N,1.67,75.98,74.84,-1.13,36.25,38.98,2.73,-9.76,-11.5,-1.74,,40.64,,343.56,1.55,1374,0.26,1350,0.01,1580,0.001,無,0,無,0,無,0
SK-807,RE,2,N,1.67,75.98,76.5,0.52,36.25,35.7,-0.55,-9.76,-9.72,0.04,,37,,344.77,0.32,1374,0.12,1350,0.01,1580,0.0012,1191,0.0008,無,0,無,0
SK-807,RE,2,N,1.67,75.98,76.69,0.71,36.25,35.63,-0.62,-9.76,-9.95,-0.19,,36.99,,344.4,0.42,1374,0.13,1350,0.01,1580,0.0012,1191,0.0008,無,0,無,0
SK-807,RE,2,N,1.67,75.98,75.51,-0.47,36.25,36.78,0.53,-9.76,-10.22,-0.46,,38.17,,344.47,0.38,1374,0.125,1350,0.01,1580,0.0012,1191,0.0008,無,0,無,0
SK-807,RE,2,N,1.67,75.98,81.3,5.32,36.25,28.27,-7.98,-9.76,-7.26,2.5,,29.18,,345.6,4.24,1374,0.12,1350,0.01,1580,0.0012,1191,0.0008,無,0,無,0
SK-807,RE,2,N,1.67,75.98,81.96,5.98,36.25,27.19,-9.05,-9.76,-7.04,2.72,,28.09,,345.48,4.78,1374,0.115,1350,0.0095,1580,0.00115,1191,0.0008,無,0,無,0
SK-807,RE,2,N,1.67,75.98,79.93,3.95,36.25,31.33,-4.92,-9.76,-8.93,0.83,,32.58,,344.08,2.68,1374,0.15,1350,0.01,1580,0.0012,無,0,無,0,無,0
SK-807,RE,2,N,1.67,75.98,78.76,2.79,36.25,32.81,-3.44,-9.76,-9.49,0.27,,34.16,,343.86,1.88,1374,0.17,1350,0.01,1580,0.0012,無,0,無,0,無,0
SK-807,RE,2,N,1.67,75.98,75.52,-0.45,36.25,36.84,0.59,-9.76,-9.9,-0.14,,38.14,,344.95,0.32,1374,0.22,1350,0.01,1580,0.0011,無,0,無,0,無,0
SK-807,RE,2,N,1.67,75.98,76.32,0.34,36.25,36.33,0.08,-9.76,-10.22,-0.46,,37.74,,344.29,0.3,1374,0.22,1350,0.01,1580,0.0011,1191,0.0006,無,0,無,0
SK-807,GY,2,N,1.67,60.32,58.79,-1.52,-0.44,0.08,0.53,-14.61,-14.17,0.44,,14.17,,270.34,0.93,1565,0.18,1391,0.0625,1191,0.018,無,0,無,0,無,0
SK-807,GY,2,N,1.67,60.32,59.89,-0.43,-0.44,-0.1,0.34,-14.61,-15.3,-0.69,,15.3,,269.61,0.65,1565,0.18,1391,0.06,1191,0.017,無,0,無,0,無,0
SK-807,GY,2,N,1.67,60.32,62.35,2.03,-0.44,-0.17,0.27,-14.61,-15.53,-0.92,,15.53,,269.36,1.11,1565,0.18,1391,0.058,1191,0.016,無,0,無,0,無,0
SK-807,GY,2,N,1.67,60.32,59.11,-1.21,-0.44,0.13,0.57,-14.61,-14.73,-0.12,,14.73,,270.51,0.83,1565,0.18,1391,0.06,1191,0.018,無,0,無,0,無,0
SK-807,GY,2,N,1.67,60.32,60.11,-0.21,-0.44,-0.29,0.15,-14.61,-13.88,0.73,,13.89,,268.81,0.54,1565,0.18,1391,0.06,1191,0.019,無,0,無,0,無,0
SK-807,GY,2,N,1.67,60.32,65.46,5.14,-0.44,-1.27,-0.83,-14.61,-12.88,1.74,,12.94,,264.35,2.68,1565,0.18,1391,0.0585,1191,0.018,無,0,無,0,無,0
SK-807,GY,2,N,1.67,60.32,65.8,5.49,-0.44,-1.49,-1.05,-14.61,-12.74,1.88,,12.82,,263.32,2.95,1565,0.18,1391,0.057,1191,0.018,無,0,無,0,無,0
SK-807,GY,2,N,1.67,60.32,62.13,1.82,-0.44,-0.5,-0.06,-14.61,-14.63,-0.02,,14.64,,268.02,0.76,1565,0.234,1391,0.077,1191,0.02,無,0,無,0,無,0
SK-807,GY,2,N,1.67,60.32,59.62,-0.69,-0.44,-0.31,0.13,-14.61,-15.29,-0.68,,15.3,,268.84,0.58,1565,0.27,1391,0.089,1191,0.023,無,0,無,0,無,0
SK-807,GY,2,N,1.67,60.32,60.2,-0.12,-0.44,-0.41,0.03,-14.61,-15.17,-0.56,,15.17,,268.44,0.4,1565,0.255,1391,0.086,1191,0.023,無,0,無,0,無,0
SK-807,YE,2,N,1.67,85.62,86.41,0.79,17.17,15.41,-1.76,18.88,19.31,0.43,,24.7,,51.41,2.17,1353,0.051,1191,0.0174,1580,0.003,無,0,無,0,無,0
SK-807,YE,2,N,1.67,85.62,87.54,1.92,17.17,12.8,-4.37,18.88,19.28,0.4,,23.14,,56.43,5.03,1353,0.053,1191,0.0174,1580,0.003,無,0,無,0,無,0
SK-807,YE,2,N,1.67,85.62,85.84,0.22,17.17,16.91,-0.25,18.88,18.92,0.04,,25.38,,48.21,0.3,1353,0.056,1191,0.0174,1580,0.003,無,0,無,0,無,0
SK-807,YE,2,N,1.67,85.62,86.31,0.68,17.17,16.26,-0.91,18.88,17.44,-1.45,,23.84,,47,1.02,1353,0.058,1191,0.0175,1580,0.0028,無,0,無,0,無,0
SK-807,YE,2,N,1.67,85.62,85.24,-0.38,17.17,18.27,1.1,18.88,18.83,-0.05,,26.24,,45.86,1.17,1353,0.06,1191,0.0175,1580,0.0028,無,0,無,0,無,0
SK-807,YE,2,N,1.67,85.62,90.14,4.52,17.17,7.21,-9.96,18.88,17.44,-1.44,,18.87,,67.55,10.62,1353,0.06,1191,0.018,1580,0.0028,無,0,無,0,無,0
SK-807,YE,2,N,1.67,85.62,90.77,5.15,17.17,5.39,-11.78,18.88,18.17,-0.71,,18.95,,73.48,13.41,1353,0.059,1191,0.018,1580,0.0028,無,0,無,0,無,0
SK-807,YE,2,N,1.67,85.62,86.64,1.01,17.17,18.1,0.93,18.88,15.64,-3.25,,23.92,,40.83,3.99,1353,0.09,1191,0.016,1580,0.002,無,0,無,0,無,0
SK-807,YE,2,N,1.67,85.62,86.81,1.18,17.17,14.39,-2.78,18.88,19.87,0.99,,24.54,,54.09,3.69,1353,0.085,1191,0.025,1580,0.0039,無,0,無,0,無,0
SK-807,YE,2,N,1.67,85.62,86.19,0.57,17.17,17.65,0.48,18.88,18.89,0.01,,25.85,,46.95,0.52,1353,0.09,1191,0.024,1580,0.002,無,0,無,0,無,0
SK-807,YE,1,N,1.67,93.26,93.37,0.11,-16.18,-15.97,0.21,52.97,52.81,-0.16,,55.17,,106.82,0.12,1191,0.09,1580,0.0055,無,0,無,0,無,0,無,0
SK-807,YE,1,N,1.67,93.26,93.34,0.08,-16.18,-15.81,0.37,52.97,51.85,-1.13,,54.2,,106.96,0.44,1191,0.093,1580,0.0055,無,0,無,0,無,0,無,0
SK-807,YE,1,N,1.67,93.26,93.15,-0.11,-16.18,-15.98,0.2,52.97,52.59,-0.38,,54.96,,106.9,0.17,1191,0.095,1580,0.0055,無,0,無,0,無,0,無,0
SK-807,YE,1,N,1.67,93.26,93.09,-0.17,-16.18,-16.3,-0.12,52.97,54.34,1.37,,56.74,,106.7,0.53,1191,0.1,1580,0.0055,無,0,無,0,無,0,無,0
SK-807,YE,1,N,1.67,93.26,93.86,0.6,-16.18,-14.25,1.92,52.97,45.37,-7.6,,47.56,,107.44,2.93,1191,0.095,1580,0.0055,無,0,無,0,無,0,無,0
SK-807,YE,1,N,1.67,93.26,93.25,-0.01,-16.18,-15.8,0.38,52.97,54.07,1.1,,56.33,,106.29,0.51,1191,0.097,1580,0.0055,無,0,無,0,無,0,無,0
SK-807,YE,1,N,1.67,93.26,92.46,-0.8,-16.18,-14.35,1.83,52.97,61.49,8.52,,63.14,,103.14,3.63,1191,0.15,1580,0.007,無,0,無,0,無,0,無,0
SK-807,YE,1,N,1.67,93.26,93.16,-0.1,-16.18,-15.99,0.19,52.97,54.25,1.27,,56.55,,106.42,0.53,1191,0.15,1580,0.007,無,0,無,0,無,0,無,0
SW-80661C0,BK,6,Y,1.04,20.56,24.04,3.47,-0.01,-0.18,-0.17,-2.27,-2.48,-0.21,,2.49,,265.77,2.83,1862,2,1863,0.6,1430,0.2,1191,0.112,無,0,無,0
SW-80661C0,BK,6,Y,1.04,20.56,24.15,3.59,-0.01,-0.3,-0.29,-2.27,-2.3,-0.03,,2.32,,262.53,2.93,1862,2,1863,0.6,1430,0.2,1191,0.112,無,0,無,0
SW-80661C0,BK,6,Y,1.04,20.56,18.65,-1.91,-0.01,0.32,0.34,-2.27,-2.33,-0.06,,2.35,,277.86,1.61,1862,2.5,1863,0.6,1430,0.24,1191,0.11,無,0,無,0
SW-80661C0,BK,6,Y,1.04,20.56,17.55,-3.02,-0.01,0.38,0.39,-2.27,-2.29,-0.02,,2.32,,279.31,2.49,1862,3,1863,0.6,1430,0.24,1191,0.11,無,0,無,0
SW-80661C0,BK,6,Y,1.04,20.56,18.63,-1.93,-0.01,0.32,0.34,-2.27,-2.34,-0.07,,2.36,,277.85,1.63,1862,2,1863,0.6,1430,0.2,1191,0.11,無,0,無,0
SW-80661C0,BK,6,Y,1.04,20.56,19.73,-0.83,-0.01,0.07,0.09,-2.27,-2.15,0.12,,2.15,,271.92,0.7,1862,2,1863,0.6,1430,0.22,1191,0.11,無,0,無,0
SW-80661C0,BK,6,Y,1.04,20.56,20.03,-0.53,-0.01,0.14,0.15,-2.27,-2.49,-0.22,,2.49,,273.11,0.55,1862,2,1863,0.4,1430,0.2,1191,0.12,無,0,無,0
SW-80661C0,BK,6,Y,1.04,20.56,21.04,0.48,-0.01,-0.18,-0.16,-2.27,-2.23,0.04,,2.24,,265.5,0.45,1862,2,1863,0.3,1430,0.2,1191,0.115,無,0,無,0
SW-80661C0,BK,6,Y,1.04,20.56,20.58,0.02,-0.01,-0.24,-0.22,-2.27,-2.18,0.09,,2.2,,263.84,0.32,1862,2,1863,0.3,1430,0.2,1191,0.115,無,0,無,0
SCW-837AM1,GR,4,N,1,37.49,37.18,-0.31,-3.96,-4.37,-0.41,7.14,7.26,0.12,,,,,0.47,1576,0.608,1191,0.34,1201,0.156,1391,0.13,無,0,無,0
SCW-837AM1,GR,4,N,1,37.45,37.59,0.14,-4.39,-4.2,0.19,6.98,7.12,0.14,,8.27,,120.54,0.28,1576,0.608,1191,0.34,1201,0.156,1391,0.135,無,0,無,0
SCW-837AM1,GR,4,N,1,37.45,37.64,0.19,-4.39,-4.24,0.14,6.98,7.11,0.13,,8.28,,120.82,0.25,1576,0.608,1191,0.34,1201,0.156,1391,0.13,無,0,無,0
SCK-3883,GY,4,Y,1.04,56.51,56.46,-0.05,-0.79,-0.7,0.09,-4.3,-4.4,-0.1,,4.46,,261.02,0.17,1534,0.665,1233,0.27,1451,0.26,無,0,無,0,無,0
SCK-3883,GY,4,Y,1.04,56.51,56.88,0.37,-0.79,-0.71,0.07,-4.3,-4.26,0.04,,4.32,,260.49,0.19,1534,0.631,1233,0.256,1451,0.245,無,0,無,0,無,0
SCK-3883,GY,4,Y,1.04,56.51,56.87,0.36,-0.79,-0.73,0.06,-4.3,-4.27,0.03,,4.33,,260.32,0.18,1534,0.631,1233,0.256,1451,0.245,無,0,無,0,無,0
SK-1189C0,BR,2,N,0.69,51.28,49.57,-1.7,15.41,17.45,2.04,10.93,10.43,-0.5,,20.33,,30.87,2.25,1391,0.35,1724,0.15,1565,0.13,1142,0.09,無,0,無,0
SK-1189C0,BR,2,N,0.69,51.28,50.32,-0.96,15.41,16.36,0.95,10.93,10.88,-0.05,,19.65,,33.64,0.96,1391,0.33,1724,0.15,1565,0.13,1142,0.095,無,0,無,0
SK-1189C0,BR,2,N,0.69,51.28,50.11,-1.17,15.41,15.51,0.11,10.93,11.21,0.28,,19.14,,35.84,0.59,1391,0.315,1724,0.15,1565,0.135,1142,0.097,無,0,無,0
SK-1189C0,BR,2,N,0.69,51.28,50.35,-0.93,15.41,15.59,0.18,10.93,11.3,0.37,,19.26,,35.95,0.54,1391,0.309,1724,0.147,1565,0.132,1142,0.095,無,0,無,0
SK-1189C0,BR,2,N,0.69,51.28,49.68,-1.6,15.41,15.49,0.08,10.93,11.34,0.41,,19.2,,36.21,0.83,1391,0.3,1724,0.142,1565,0.128,1142,0.092,無,0,無,0
SK-1189C0,BR,2,N,0.69,51.28,50.35,-0.93,15.41,15.35,-0.06,10.93,10.97,0.04,,18.86,,35.55,0.43,1391,0.288,1724,0.136,1565,0.122,1142,0.0883,無,0,無,0
SK-1189C0,BR,2,N,0.69,51.28,51.61,0.33,15.41,15.36,-0.04,10.93,10.75,-0.18,,18.75,,34.98,0.23,1391,0.282,1724,0.133,1565,0.12,1142,0.0865,無,0,無,0
SK-1189C0,BR,2,N,0.69,51.28,51.42,0.15,15.41,15.3,-0.11,10.93,10.76,-0.17,,18.7,,35.12,0.16,1391,0.29,1724,0.135,1565,0.122,1142,0.09,無,0,無,0
SK-1189C0,BR,2,N,0.69,51.28,51.08,-0.2,15.41,15.5,0.09,10.93,10.99,0.06,,19,,35.33,0.11,1391,0.29,1724,0.14,1565,0.122,1142,0.09,無,0,無,0
SK-1189C0,BR,2,N,0.69,51.28,51.16,-0.12,15.41,15.48,0.07,10.93,11.11,0.18,,19.06,,35.67,0.18,1391,0.29,1724,0.14,1565,0.122,1142,0.09,無,0,無,0
SK-1189C0,YE,2,N,0.69,87.95,86.32,-1.62,-5.5,-5.5,0,31,32.83,1.83,,33.28,,99.51,1.07,1111,0.12,1310,0.0097,1510,0.005,無,0,無,0,無,0
SK-1189C0,YE,2,N,0.69,87.95,86.36,-1.59,-5.5,-4.9,0.6,31,29.51,-1.49,,29.91,,99.42,0.98,1111,0.12,1310,0.0097,1510,0.005,無,0,無,0,無,0
SK-1189C0,YE,2,N,0.69,87.95,87.67,-0.28,-5.5,-5.14,0.35,31,26.85,-4.15,,27.34,,100.85,2.04,1111,0.09,1310,0.0076,1510,0.0042,無,0,無,0,無,0
SK-1189C0,YE,2,N,0.69,87.95,87.01,-0.93,-5.5,-5.32,0.17,31,29.77,-1.23,,30.25,,100.14,0.69,1111,0.12,1310,0.009,1510,0.005,無,0,無,0,無,0
SK-1189C0,YE,2,N,0.69,87.95,87.01,-0.93,-5.5,-5.31,0.19,31,30.91,-0.09,,31.36,,99.74,0.36,1111,0.13,1310,0.009,1510,0.0045,無,0,無,0,無,0
SK-1189C0,YE,2,N,0.69,87.95,86.78,-1.16,-5.5,-6.11,-0.61,31,35.15,4.15,,35.67,,99.86,2.08,1111,0.14,1310,0.009,1510,0.0045,無,0,無,0,無,0
SK-1189C0,YE,2,N,0.69,87.95,87.21,-0.74,-5.5,-5.71,-0.22,31,33.21,2.21,,33.7,,99.76,1.11,1111,0.135,1310,0.0085,1510,0.004,無,0,無,0,無,0
SK-1189C0,YE,2,N,0.69,87.95,86.72,-1.23,-5.5,-6.14,-0.64,31,35.2,4.2,,35.73,,99.89,2.11,1111,0.12,1310,0.009,1510,0.005,無,0,無,0,無,0
SK-1189C0,YE,2,N,0.69,87.95,86.95,-0.99,-5.5,-5.52,-0.02,31,29.98,-1.02,,30.48,,100.44,0.62,1111,0.094,1310,0.007,1510,0.004,無,0,無,0,無,0
SK-1189C0,YE,2,N,0.69,87.95,87.18,-0.77,-5.5,-5.35,0.14,31,31.05,0.05,,31.5,,99.78,0.29,1111,0.12,1310,0.0085,1510,0.0043,無,0,無,0,無,0
SCK-3484,BL,1,N,1.25,72.07,68.97,-3.1,-6.67,-6.45,0.22,3.97,5.13,1.16,,8.24,,141.5,1.77,1534,0.23,1233,0.12,1183,0.016,無,0,無,0,無,0
SCK-3484,BL,1,N,1.25,72.07,70.39,-1.68,-6.67,-6.38,0.29,3.97,4.8,0.83,,7.98,,143.05,1.18,1534,0.207,1233,0.105,1183,0.014,無,0,無,0,無,0
SCK-3484,BL,1,N,1.25,72.07,71.42,-0.65,-6.67,-6.26,0.41,3.97,4.7,0.73,,7.83,,143.11,0.98,1534,0.185,1233,0.093,1183,0.012,無,0,無,0,無,0
SCK-3484,BL,1,N,1.25,72.07,71.36,-0.71,-6.67,-6.62,0.04,3.97,4.12,0.15,,7.8,,148.14,0.32,1534,0.185,1233,0.088,1183,0.0118,無,0,無,0,無,0
SCK-3484,BL,1,N,1.25,72.07,71.57,-0.5,-6.67,-6.71,-0.05,3.97,3.92,-0.05,,7.77,,149.73,0.21,1534,0.185,1233,0.085,1183,0.0118,無,0,無,0,無,0
SCK-3484,BL,1,N,1.25,72.07,71.66,-0.4,-6.67,-6.67,-0.01,3.97,3.88,-0.09,,7.72,,149.83,0.18,1534,0.185,1233,0.085,1183,0.0118,無,0,無,0,無,0
SCK-3724,BL,6,Y,0.69,31.8,31.45,-0.35,10.66,10.7,0.04,-42.74,-42.64,0.1,,,,,0.22,1568,1.55,1567,1.5,1681,0.55,1374,0.37,無,0,無,0
SCK-3435AM,OL,3,N,0.69,51.91,51.59,-0.32,-1.76,-1.49,0.27,7.08,7.05,-0.02,,7.21,,101.93,0.36,1576,0.295,1191,0.132,1391,0.1,1722,0.1,無,0,無,0
SCK-3435AM,OL,3,N,0.69,51.91,52.5,0.59,-1.76,-1.81,-0.06,7.08,7.29,0.21,,7.51,,103.98,0.34,1576,0.295,1191,0.132,1722,0.1,1391,0.045,無,0,無,0
SCK-3435AM,OL,3,N,0.69,51.91,52.51,0.6,-1.76,-1.76,0,7.08,7.23,0.16,,7.44,,103.68,0.31,1576,0.297,1191,0.132,1722,0.1,1391,0.045,無,0,無,0
SCK-3435AM,RE,7,N,0.69,35.43,35.16,-0.27,35.81,36.6,0.79,18.2,18.71,0.51,,41.11,,27.07,0.44,1362,3,1722,0.65,1191,0.28,1565,0.22,無,0,無,0
SCK-3435AM,RE,7,N,0.69,35.43,35.62,0.19,35.81,36.74,0.93,18.2,19.11,0.9,,41.41,,27.48,0.62,1362,3,1722,0.62,1191,0.28,1565,0.22,無,0,無,0
SCK-3435AM,RE,7,N,0.69,35.43,35.22,-0.2,35.81,36.49,0.67,18.2,18.65,0.44,,40.98,,27.07,0.37,1362,2.9,1722,0.6,1191,0.28,1565,0.22,無,0,無,0
SCK-3435AM,RE,7,N,0.69,35.43,35.71,0.28,35.81,36.17,0.35,18.2,18.35,0.15,,40.56,,26.9,0.23,1362,2.8,1722,0.6,1191,0.28,1565,0.22,無,0,無,0
SCK-3435AM,RE,7,N,0.69,35.43,35.7,0.28,35.81,36.14,0.33,18.2,18.47,0.26,,40.59,,27.06,0.24,1362,2.8,1722,0.6,1191,0.28,1565,0.22,無,0,無,0
SCK-3435AM,OR,5,N,0.69,53.36,53.08,-0.28,31.53,32.09,0.56,46.64,47.58,0.94,,57.39,,56,0.43,1724,1,1201,0.88,1391,0.0675,1565,0.034,無,0,無,0
SCK-3435AM,OR,5,N,0.69,53.36,53.5,0.14,31.53,31.67,0.14,46.64,47.75,1.11,,57.29,,56.45,0.63,1724,0.96,1201,0.86,1391,0.0675,1565,0.034,無,0,無,0
SCK-3435AM,OR,5,N,0.69,53.36,53.53,0.17,31.53,31.68,0.15,46.64,47.92,1.28,,57.44,,56.53,0.73,1724,0.93,1201,0.88,1391,0.0675,1565,0.034,無,0,無,0
SCK-3435AM,OR,5,N,0.69,53.36,53.15,-0.21,31.53,31.62,0.09,46.64,46.88,0.24,,56.54,,56,0.14,1724,0.98,1201,0.84,1391,0.0675,1565,0.034,無,0,無,0
SCK-3435AM,OR,5,N,0.69,53.36,53.22,-0.14,31.53,31.51,-0.02,46.64,46.61,-0.03,,56.26,,55.94,0.06,1724,0.98,1201,0.8,1391,0.0675,1565,0.034,無,0,無,0
SCK-3435AM,OR,5,N,0.69,53.36,53.24,-0.12,31.53,31.44,-0.09,46.64,46.57,-0.06,,56.19,,55.98,0.08,1724,0.98,1201,0.8,1391,0.0675,1565,0.033,無,0,無,0
SCK-3435AM,RE,2,N,0.69,73.12,74.01,0.89,40.07,39.7,-0.37,13.52,13.45,-0.07,,41.91,,18.72,0.38,1350,0.075,1201,0.041,1580,0.0005,無,0,無,0,無,0
SCK-3435AM,RE,2,N,0.69,73.12,73.67,0.55,40.07,40.11,0.04,13.52,13.6,0.07,,42.35,,18.73,0.22,1350,0.078,1201,0.0415,1580,0.0005,無,0,無,0,無,0
SCK-3435AM,RE,2,N,0.69,73.12,73.62,0.5,40.07,40.11,0.04,13.52,13.56,0.04,,42.34,,18.67,0.19,1350,0.078,1201,0.0415,1580,0.0005,無,0,無,0,無,0
SCK-3435AM,PU,2,N,0.69,61.34,61.14,-0.2,16.5,16.56,0.05,-21.85,-21.9,-0.05,,27.45,,307.09,0.09,1690,0.3,1383,0.154,1580,0.017,1191,0.006,無,0,無,0
SCK-3435AM,PU,2,N,0.69,61.34,61.22,-0.11,16.5,16.67,0.17,-21.85,-21.82,0.02,,27.46,,307.38,0.14,1690,0.3,1383,0.154,1580,0.017,1191,0.006,無,0,無,0
SCK-4526,GY,5,N,0.9,33.39,33.27,-0.11,-1.37,-1.65,-0.28,0.96,1.06,0.1,,1.96,,147.34,0.41,1576,0.94,1191,0.275,1201,0.268,1391,0.193,無,0,無,0
SCK-4526,RE,6,N,0.9,34.79,34.28,-0.51,35.88,36.58,0.7,21.1,21.83,0.73,,42.6,,30.83,0.55,1362,2.5,1722,0.8,1191,0.405,1565,0.21,無,0,無,0
SCK-4526,RE,6,N,0.9,34.79,34.85,0.06,35.88,36.34,0.46,21.1,21.62,0.52,,42.29,,30.75,0.33,1362,2.4,1722,0.75,1191,0.4,1565,0.21,無,0,無,0
SCK-4526,RE,6,N,0.9,34.79,34.9,0.1,35.88,36.35,0.47,21.1,21.61,0.51,,42.29,,30.73,0.33,1362,2.4,1722,0.74,1191,0.4,1565,0.21,無,0,無,0
SCK-4526,GR,1,N,0.9,91.13,90.34,-0.79,-12.14,-12.09,0.05,23.56,23.63,0.07,,26.54,,117.09,0.28,1183,0.092,1534,0.015,1580,0.0028,無,0,無,0,無,0
SW-80218C0,BL,1,Y,1.04,72.92,72.96,0.04,-1.39,-2.03,-0.64,-0.04,0.73,0.77,,2.16,,160.29,1.39,1534,0.1,1451,0.0415,1233,0.03,1183,0.015,無,0,無,0
SW-80218C0,BL,1,Y,1.04,72.92,72.7,-0.22,-1.39,-1.43,-0.04,-0.04,0.48,0.52,,1.51,,161.46,0.73,1534,0.097,1451,0.043,1233,0.03,1183,0.014,無,0,無,0
SW-80218C0,BL,1,Y,1.04,72.92,73.33,0.41,-1.39,-1.44,-0.05,-0.04,0.54,0.58,,1.54,,159.42,0.83,1534,0.092,1451,0.041,1233,0.0285,1183,0.013,無,0,無,0
SW-80218C0,BL,1,Y,1.04,72.92,73.33,0.41,-1.39,-1.46,-0.07,-0.04,0.33,0.37,,1.49,,167.25,0.55,1534,0.09,1451,0.04,1233,0.028,1183,0.012,無,0,無,0
SW-80218C0,BL,1,Y,1.04,72.92,73.19,0.27,-1.39,-1.7,-0.31,-0.04,-0.07,-0.03,,1.7,,182.51,0.44,1534,0.095,1451,0.04,1233,0.028,1183,0.012,無,0,無,0
SW-80218C0,BL,1,Y,1.04,72.92,66.53,-6.39,-1.39,0.06,1.45,-0.04,2.43,2.47,,2.43,,88.49,4.68,1534,0.12,1451,0.069,1233,0.05,1183,0.023,無,0,無,0
SW-80218C0,BL,1,Y,1.04,72.92,65.36,-7.56,-1.39,0,1.39,-0.04,2.25,2.29,,2.25,,89.95,4.72,1534,0.1,1451,0.055,1233,0.042,1183,0.018,無,0,無,0
SW-80218C0,BL,1,Y,1.04,72.92,70.5,-2.42,-1.39,0.01,1.4,-0.04,2.05,2.09,,2.05,,89.82,3.63,1534,0.094,1233,0.017,1451,0.0155,無,0,無,0,無,0
SW-80218C0,BL,1,Y,1.04,72.92,73.7,0.78,-1.39,-2.84,-1.45,-0.04,0.56,0.6,,2.9,,168.86,2.19,1534,0.096,1233,0.047,1451,0.022,無,0,無,0,無,0
SW-80218C0,BL,1,Y,1.04,72.92,73.52,0.6,-1.39,-1.26,0.13,-0.04,1.38,1.42,,1.87,,132.27,2,1534,0.09,1451,0.045,1233,0.03,1183,0.016,無,0,無,0
SW-80218C0,BL,1,Y,1.04,72.92,72.64,-0.28,-1.39,-1.52,-0.13,-0.04,0.89,0.93,,1.76,,149.66,1.31,1534,0.094,1451,0.043,1233,0.03,1183,0.015,無,0,無,0
SW-80218C0,BL,1,Y,1.04,72.92,72.46,-0.46,-1.39,-1.73,-0.34,-0.04,0.9,0.94,,1.95,,152.42,1.4,1534,0.097,1451,0.043,1233,0.03,1183,0.015,無,0,無,0
SW-80218C0,BL,1,Y,1.04,72.92,73.23,0.31,-1.39,-1.7,-0.31,-0.04,-0.1,-0.06,,1.7,,183.38,0.44,1534,0.094,1451,0.04,1233,0.028,1183,0.012,無,0,無,0
SW-80218C0,GR,3,Y,1.04,43.66,44.65,0.99,-3.61,-3.96,-0.34,8.39,8.4,0.01,,9.29,,115.21,0.62,1191,0.3,1565,0.3,1430,0.19,無,0,無,0,無,0
SW-80218C0,GR,3,Y,1.04,43.66,43.33,-0.33,-3.61,-2.99,0.63,8.39,7.86,-0.53,,8.41,,110.8,0.79,1191,0.315,1565,0.31,1430,0.21,無,0,無,0,無,0
SW-80218C0,GR,3,Y,1.04,43.66,44.3,0.64,-3.61,-3.96,-0.34,8.39,8.19,-0.2,,9.1,,115.78,0.56,1191,0.3,1565,0.3,1430,0.19,無,0,無,0,無,0
SW-80218C0,GR,3,Y,1.04,43.66,43.6,-0.06,-3.61,-2.78,0.84,8.39,8.2,-0.19,,8.66,,108.69,0.94,1191,0.31,1565,0.3,1430,0.21,無,0,無,0,無,0
SW-80218C0,GR,3,Y,1.04,43.66,43.6,-0.06,-3.61,-2.24,1.37,8.39,8.36,-0.03,,8.66,,105.02,1.57,1191,0.32,1565,0.3,1430,0.22,無,0,無,0,無,0
SW-80218C0,GR,3,Y,1.04,43.66,44.52,0.86,-3.61,-3.18,0.43,8.39,8.85,0.46,,9.4,,109.78,0.83,1191,0.3,1565,0.3,1430,0.19,無,0,無,0,無,0
SW-80218C0,GR,3,Y,1.04,43.66,44.81,1.15,-3.61,-4.1,-0.49,8.39,8,-0.39,,8.99,,117.17,0.92,1565,0.31,1191,0.3,1430,0.19,無,0,無,0,無,0
SW-80218C0,GR,3,Y,1.04,43.66,43.92,0.26,-3.61,-4.53,-0.92,8.39,8.32,-0.07,,9.47,,118.57,1.05,1565,0.32,1191,0.315,1430,0.195,無,0,無,0,無,0
SW-80218C0,GR,3,Y,1.04,43.66,42.93,-0.73,-3.61,-3.5,0.11,8.39,7.97,-0.42,,8.71,,113.72,0.52,1191,0.315,1565,0.315,1430,0.205,無,0,無,0,無,0
SW-80218C0,GR,3,Y,1.04,43.66,43.87,0.21,-3.61,-3.79,-0.18,8.39,8.57,0.18,,9.37,,113.87,0.25,1191,0.32,1565,0.31,1430,0.2,無,0,無,0,無,0
SCK-4137,GR,4,N,1.39,52.92,50.8,-2.12,-8.84,-8.63,0.21,7.48,6.82,-0.66,,11,,141.66,1.12,1565,0.312,1191,0.238,1724,0.153,1430,0.105,無,0,無,0
SCK-4137,GR,4,N,1.39,52.92,52.59,-0.33,-8.84,-8.76,0.08,7.48,7.14,-0.34,,11.3,,140.84,0.34,1565,0.28,1191,0.22,1430,0.095,1724,0.0138,無,0,無,0
SCK-4137,GR,4,N,1.39,52.92,53.52,0.6,-8.84,-8.8,0.04,7.48,7.63,0.15,,11.65,,139.09,0.31,1565,0.27,1191,0.22,1430,0.09,1724,0.014,無,0,無,0
SCK-4137,GR,4,N,1.39,52.92,52.58,-0.34,-8.84,-8.8,0.04,7.48,7.68,0.2,,11.68,,138.88,0.25,1565,0.28,1191,0.225,1430,0.095,1724,0.0138,無,0,無,0
SCK-4137,GR,4,N,1.39,52.92,52.63,-0.29,-8.84,-8.81,0.03,7.48,7.74,0.26,,11.73,,138.69,0.28,1565,0.28,1191,0.225,1430,0.095,1724,0.0138,無,0,無,0
SCK-3568ST,WH,1,N,0.69,97.3,96.12,-1.17,1.3,1.18,-0.13,-4.3,-1.76,2.55,,2.11,,303.82,2.92,1042,0.03,無,0,無,0,無,0,無,0,無,0
SCK-3568ST,WH,1,N,0.69,97.3,96.21,-1.09,1.3,2.25,0.94,-4.3,-6.61,-2.31,,6.98,,288.75,2.77,1053,0.05,1042,0.03,無,0,無,0,無,0,無,0
SCK-3568ST,WH,1,N,0.69,97.3,95.93,-1.37,1.3,3.02,1.72,-4.3,-9.71,-5.4,,10.17,,287.28,6.25,1053,0.1,1042,0.03,無,0,無,0,無,0,無,0
SCK-3568ST,WH,1,N,0.69,97.3,96.23,-1.06,1.3,1.98,0.68,-4.3,-4.83,-0.52,,5.22,,292.35,1.07,1042,0.03,1053,0.02,無,0,無,0,無,0,無,0
SCK-3568ST,WH,1,N,0.69,97.3,96.3,-1,1.3,1.62,0.32,-4.3,-3.46,0.84,,3.82,,295.09,1.14,1042,0.03,1053,0.01,無,0,無,0,無,0,無,0
SCK-3568ST,WH,1,N,0.69,97.3,96.26,-1.04,1.3,1.65,0.35,-4.3,-3.95,0.35,,4.28,,292.7,0.74,1042,0.03,1053,0.015,無,0,無,0,無,0,無,0
SCK-3568ST,WH,1,N,0.69,97.3,96.32,-0.98,1.3,1.65,0.35,-4.3,-3.83,0.48,,4.17,,293.32,0.82,1042,0.025,1053,0.017,無,0,無,0,無,0,無,0
SCK-3568ST,WH,1,N,0.69,97.3,96.48,-0.82,1.3,1.75,0.45,-4.3,-4.06,0.25,,4.42,,293.35,0.74,1042,0.04,1053,0.01,無,0,無,0,無,0,無,0
SCK-3568ST,WH,1,N,0.69,97.3,97.4,0.1,1.3,1.21,-0.09,-4.3,-3.95,0.36,,4.13,,287.04,0.41,1042,0.03,1053,0.003,無,0,無,0,無,0,無,0
SCK-3568ST,RW,4,N,0.69,34.53,34.25,-0.28,10.75,11.79,1.04,5.34,5.32,-0.02,,12.94,,24.28,0.97,1391,0.9,1576,0.57,1142,0.37,無,0,無,0,無,0
SCK-3568ST,RW,4,N,0.69,34.53,33.87,-0.65,10.75,10.39,-0.36,5.34,5.75,0.4,,11.87,,28.95,0.81,1391,0.86,1576,0.6,1142,0.39,無,0,無,0,無,0
SCK-3568ST,RW,4,N,0.69,34.53,33.44,-1.09,10.75,9.86,-0.89,5.34,5.92,0.58,,11.5,,30.96,1.45,1391,0.86,1576,0.627,1142,0.41,無,0,無,0,無,0
SCK-3568ST,RW,4,N,0.69,34.53,34.54,0.01,10.75,10.65,-0.1,5.34,5.41,0.07,,11.95,,26.93,0.15,1391,0.86,1576,0.6,1142,0.385,無,0,無,0,無,0
SCK-3568ST,RW,4,N,0.69,34.53,34.36,-0.17,10.75,10.68,-0.07,5.34,5.34,0,,11.94,,26.59,0.12,1391,0.87,1576,0.59,1142,0.38,無,0,無,0,無,0
SW-80352C01,GR,2,Y,0.69,55.38,55.8,0.42,-16.88,-16.56,0.31,0.33,-0.21,-0.54,,,,,0.54,1565,0.31,1142,0.066,1722,0.0084,1391,0.0052,無,0,無,0
SW-80352C01,GR,2,Y,0.69,55.38,55.37,-0.01,-16.88,-16.5,0.37,0.33,0.61,0.28,,,,,0.35,1565,0.32,1142,0.07,1722,0.0084,1391,0.005,無,0,無,0
SW-80352C01,GR,2,Y,0.69,55.38,54.73,-0.64,-16.88,-16.58,0.3,0.33,0.28,-0.06,,,,,0.35,1565,0.336,1142,0.073,1722,0.0088,1391,0.0052,無,0,無,0
SW-80352C01,GR,2,Y,0.69,55.38,56.31,0.93,-16.88,-16.29,0.59,0.33,0.27,-0.07,,,,,0.56,1565,0.325,1142,0.07,1722,0.0084,1391,0.0045,無,0,無,0
SW-80352C01,GR,2,Y,0.69,55.38,56.06,0.68,-16.88,-16.1,0.78,0.33,-0.39,-0.72,,,,,0.86,1565,0.33,1142,0.07,1722,0.0084,1391,0.004,無,0,無,0
SW-80352C01,GR,2,Y,0.69,55.38,55.84,0.46,-16.88,-15.89,0.99,0.33,0.33,0,,,,,0.68,1565,0.341,1142,0.0735,1722,0.0084,1391,0.004,無,0,無,0
SW-80352C01,GR,2,Y,0.69,55.38,55.11,-0.27,-16.88,-16.65,0.23,0.33,0.11,-0.23,,,,,0.27,1565,0.35,1142,0.075,1722,0.0084,1391,0.004,無,0,無,0
SW-80352C01,GR,2,Y,0.69,55.38,55.33,-0.04,-16.88,-17.04,-0.17,0.33,0.5,0.17,,,,,0.18,1565,0.35,1142,0.076,1722,0.0084,1391,0.003,無,0,無,0
SW-80352C01,GR,2,Y,0.69,55.38,55.36,-0.02,-16.88,-17.05,-0.18,0.33,0.62,0.28,,,,,0.27,1565,0.35,1142,0.076,1722,0.0084,1391,0.003,無,0,無,0
SW-80352C01,YE,3,Y,0.69,67.68,67.58,-0.09,7.92,8.24,0.32,66.15,66.62,0.46,,,,,0.24,1142,0.705,1722,0.107,1391,0.022,無,0,無,0,無,0
SW-80352C01,GY,2,Y,0.69,66.29,66,-0.29,-0.23,-0.19,0.04,-13.16,-13.07,0.09,,,,,0.14,1510,0.105,1111,0.072,1310,0.065,無,0,無,0,無,0
SW-80352C01,GY,2,Y,0.69,66.29,66.06,-0.23,-0.23,-0.16,0.07,-13.16,-13.09,0.07,,,,,0.14,1510,0.105,1310,0.0645,1111,0.017,無,0,無,0,無,0
SW-80352C01,OL,3,Y,0.69,62.78,62.53,-0.25,-7.28,-6.74,0.54,36.84,36.86,0.01,,,,,0.38,1191,0.41,1565,0.074,1391,0.059,無,0,無,0,無,0
SW-80352C01,OL,3,Y,0.69,62.78,63.24,0.47,-7.28,-7.36,-0.08,36.84,37.47,0.62,,,,,0.34,1191,0.41,1565,0.074,1391,0.056,無,0,無,0,無,0
SW-80352C01,OL,3,Y,0.69,62.78,62.88,0.1,-7.28,-7.67,-0.38,36.84,37.25,0.41,,,,,0.3,1191,0.43,1565,0.0777,1391,0.057,無,0,無,0,無,0
SW-80352C01,OL,3,Y,0.69,62.78,63.02,0.24,-7.28,-7.43,-0.14,36.84,36.84,-0.01,,,,,0.14,1191,0.41,1565,0.075,1391,0.057,無,0,無,0,無,0
SW-80352C01,OL,3,Y,0.69,62.78,63.02,0.25,-7.28,-7.42,-0.14,36.84,36.93,0.09,,,,,0.14,1191,0.41,1565,0.075,1391,0.057,無,0,無,0,無,0
SCK-4403,RE,6,N,1.04,36.01,36.06,0.05,50.74,50.94,0.2,27.48,27.82,0.34,,58.05,,28.64,0.19,1362,1.8,1383,1.8,1191,0.7,1565,0.016,無,0,無,0
SK-1083C0,GR,2,N,1.25,60.06,60.46,0.39,-3.78,-3.31,0.46,30.26,30.44,0.19,,,,,0.42,1191,0.282,1565,0.092,1391,0.068,1201,0.026,無,0,無,0
SK-1083C0,GR,2,N,1.25,60.06,60.02,-0.04,-3.78,-4.37,-0.6,30.26,30.72,0.46,,,,,0.49,1191,0.296,1565,0.0966,1391,0.066,1201,0.026,無,0,無,0
SK-1083C0,GR,2,N,1.25,60.06,59.66,-0.41,-3.78,-3.86,-0.09,30.26,30.34,0.08,,,,,0.19,1191,0.29,1565,0.096,1391,0.068,1201,0.026,無,0,無,0
SK-1083C0,GR,2,N,1.25,60.06,59.6,-0.46,-3.78,-3.92,-0.14,30.26,30.3,0.04,,,,,0.22,1191,0.29,1565,0.096,1391,0.068,1201,0.026,無,0,無,0
SCK-3583,GR,2,N,0.52,60.5,58.85,-1.64,-3.41,-2.65,0.76,29.98,29.92,-0.07,,30.04,,95.06,0.91,1191,0.277,1565,0.082,1391,0.062,1201,0.027,無,0,無,0
SCK-3583,GR,2,N,0.52,60.5,57.67,-2.83,-3.41,-3.3,0.11,29.98,29.52,-0.47,,29.7,,96.38,1.2,1191,0.29,1565,0.086,1391,0.062,1201,0.027,無,0,無,0
SCK-3583,GR,2,N,0.52,60.5,57.71,-2.79,-3.41,-3.28,0.13,29.98,29.71,-0.27,,29.89,,96.3,1.18,1191,0.305,1565,0.09,1391,0.065,1201,0.0283,無,0,無,0
SCK-3583,GR,2,N,0.52,60.5,57.41,-3.09,-3.41,-3.4,0.01,29.98,29.71,-0.27,,29.9,,96.53,1.29,1191,0.305,1565,0.09,1391,0.065,1201,0.0283,無,0,無,0
SCK-3344,CO,5,N,1.04,27.49,27.74,0.25,4.38,4.75,0.37,7.44,7.61,0.17,,8.97,,58.03,0.54,1862,0.72,1191,0.62,1430,0.52,1722,0.098,無,0,無,0
SCK-3344,CO,5,N,1.04,27.49,26.77,-0.73,4.38,6.58,2.2,7.44,6.71,-0.73,,9.4,,45.56,4.15,1576,0.77,1191,0.73,1430,0.68,1722,0.205,無,0,無,0
SCK-3344,CO,5,N,1.04,27.49,26.73,-0.77,4.38,7.56,3.18,7.44,7.27,-0.17,,10.49,,43.88,5.11,1430,0.9,1191,0.86,1565,0.77,1722,0.15,無,0,無,0
SCK-3344,CO,5,N,1.04,27.49,26.01,-1.48,4.38,6.67,2.28,7.44,5.99,-1.45,,8.96,,41.96,5.1,1430,0.81,1191,0.78,1593,0.65,1722,0.16,無,0,無,0
SCK-3344,CO,5,N,1.04,27.49,27.2,-0.29,4.38,5.13,0.74,7.44,8.58,1.14,,10,,59.15,1.22,1191,0.95,1565,0.84,1430,0.8,1722,0.165,無,0,無,0
SCK-3344,CO,5,N,1.04,27.49,27.06,-0.43,4.38,3.99,-0.39,7.44,9.17,1.73,,10,,66.48,2.44,1191,1,1565,0.88,1430,0.75,1722,0.18,無,0,無,0
SCK-3344,CO,5,N,1.04,27.49,27.26,-0.24,4.38,4.1,-0.28,7.44,8.16,0.71,,9.13,,63.32,1.19,1191,0.9,1565,0.88,1430,0.75,1722,0.18,無,0,無,0
SCK-3344,CO,5,N,1.04,27.49,27.45,-0.05,4.38,4.3,-0.08,7.44,7.76,0.32,,8.88,,61,0.47,1565,0.88,1191,0.86,1430,0.75,1722,0.18,無,0,無,0
SCK-3344,CO,5,N,1.04,27.49,27.5,0,4.38,4.29,-0.09,7.44,7.69,0.24,,8.8,,60.84,0.4,1565,0.88,1191,0.85,1430,0.75,1722,0.18,無,0,無,0
SCK-2925,BR,4,Y,1.39,41.23,40.85,-0.38,3.31,4.09,0.78,7.34,7.08,-0.27,,8.17,,60.01,1.4,1576,0.29,1391,0.22,1191,0.19,1201,0.057,無,0,無,0
SCK-2925,BR,4,Y,1.39,41.23,41.14,-0.09,3.31,3.24,-0.07,7.34,7.24,-0.1,,7.93,,65.91,0.13,1576,0.29,1391,0.2,1191,0.19,1201,0.057,無,0,無,0
SCK-2925,BR,4,Y,1.39,41.23,41.08,-0.14,3.31,3.29,-0.02,7.34,7.34,-0.01,,8.04,,65.85,0.08,1576,0.285,1391,0.2,1191,0.19,1201,0.057,無,0,無,0
SCK-2925,BL,3,Y,1.39,63.46,64.17,0.71,-15.22,-14.8,0.42,-4.29,-3.96,0.33,,15.32,,194.99,0.48,1510,0.14,1111,0.06,1310,0.013,無,0,無,0,無,0
SCK-2925,BL,3,Y,1.39,63.46,64.32,0.86,-15.22,-14.75,0.46,-4.29,-4.24,0.05,,15.35,,196.03,0.48,1510,0.14,1111,0.06,1310,0.013,無,0,無,0,無,0
SCK-2925,BL,3,Y,1.39,63.46,63.51,0.05,-15.22,-15.28,-0.06,-4.29,-4.11,0.18,,15.82,,195.05,0.17,1510,0.14,1111,0.063,1310,0.013,無,0,無,0,無,0
SCK-2925,GY,3,Y,1.39,78.22,77.5,-0.72,-1.76,-2.03,-0.27,0.97,0.91,-0.06,,2.23,,155.87,0.46,1310,0.021,1111,0.02,1510,0.018,無,0,無,0,無,0
SCK-2925,GY,3,Y,1.39,78.22,77.34,-0.89,-1.76,-2.23,-0.48,0.97,0.5,-0.47,,2.29,,167.36,0.95,1310,0.021,1111,0.02,1510,0.017,無,0,無,0,無,0
SCK-2925,GY,3,Y,1.39,78.22,77.3,-0.93,-1.76,-1.34,0.42,0.97,0.96,-0.01,,1.64,,144.41,0.66,1310,0.022,1111,0.02,1510,0.016,無,0,無,0,無,0
SCK-2925,GY,3,Y,1.39,78.22,77.57,-0.66,-1.76,-1.53,0.23,0.97,1.03,0.06,,1.84,,146.03,0.4,1310,0.022,1111,0.02,1510,0.0155,無,0,無,0,無,0
SCK-2925,GY,3,Y,1.39,78.22,77.73,-0.49,-1.76,-1.49,0.27,0.97,1.1,0.13,,1.85,,143.53,0.44,1310,0.0215,1111,0.02,1510,0.0155,無,0,無,0,無,0
SCK-2925,GY,3,Y,1.39,78.22,77.85,-0.38,-1.76,-1.65,0.11,0.97,1.23,0.26,,2.06,,143.27,0.4,1310,0.021,1111,0.02,1510,0.0155,無,0,無,0,無,0
SCK-2925,GY,3,Y,1.39,78.22,77.97,-0.26,-1.76,-1.78,-0.02,0.97,1,0.03,,2.04,,150.52,0.11,1310,0.021,1111,0.02,1510,0.0155,無,0,無,0,無,0
SCK-4243ST,BR,4,N,2.5,45.65,45.98,0.33,2.89,3.38,0.49,5.35,4.7,-0.65,,5.79,,54.33,1.28,1576,0.2,1391,0.15,1191,0.11,1201,0.0358,無,0,無,0
SCK-4243ST,BR,4,N,2.5,45.65,45.92,0.27,2.89,3.04,0.15,5.35,4.98,-0.37,,5.83,,58.61,0.59,1576,0.2,1391,0.145,1191,0.115,1201,0.036,無,0,無,0
SCK-4243ST,BR,4,N,2.5,45.65,45.65,-0.01,2.89,2.83,-0.05,5.35,5.25,-0.1,,5.96,,61.63,0.12,1576,0.2,1391,0.145,1191,0.12,1201,0.036,無,0,無,0
SCK-4243ST,BR,4,N,2.5,45.65,45.9,0.25,2.89,2.91,0.02,5.35,5.26,-0.09,,6.01,,61.04,0.17,1576,0.2,1391,0.145,1191,0.12,1201,0.036,無,0,無,0
SCK-4243ST,PU,3,N,2.5,66.99,67.05,0.06,11.42,10.56,-0.85,-23.19,-22.57,0.63,,24.92,,295.08,0.66,1383,0.048,1580,0.045,1681,0.008,無,0,無,0,無,0
SCK-4243ST,PU,3,N,2.5,66.99,66.81,-0.18,11.42,10.8,-0.62,-23.19,-22.86,0.34,,25.28,,295.29,0.48,1383,0.048,1580,0.045,1681,0.008,無,0,無,0,無,0
SCK-4243ST,PU,3,N,2.5,66.99,67,0.01,11.42,11.36,-0.06,-23.19,-22.99,0.2,,25.64,,296.29,0.11,1383,0.048,1580,0.045,1681,0.008,無,0,無,0,無,0
SCK-4243ST,PU,3,N,2.5,66.99,67.11,0.13,11.42,11.25,-0.16,-23.19,-22.82,0.38,,25.44,,296.25,0.22,1383,0.048,1580,0.045,1681,0.008,無,0,無,0,無,0
SCK-4243ST,PU,3,N,2.5,66.99,67.07,0.08,11.42,11.27,-0.14,-23.19,-22.82,0.37,,25.45,,296.29,0.22,1383,0.0456,1580,0.0427,1681,0.0076,無,0,無,0,無,0
SCK-4243ST,PU,3,N,2.5,66.99,66.77,-0.22,11.42,11.75,0.34,-23.19,-22.99,0.21,,25.82,,297.08,0.36,1383,0.0433,1580,0.0405,1681,0.0075,無,0,無,0,無,0
SCK-4243ST,PU,3,N,2.5,66.99,67.09,0.1,11.42,11.44,0.02,-23.19,-23.2,-0.01,,25.87,,296.24,0.04,1383,0.0433,1580,0.0405,1681,0.0075,無,0,無,0,無,0
SK-1216C0,GY,2,N,0.83,71.98,71.49,-0.49,2.34,2.14,-0.2,5,5.37,0.37,,5.78,,68.26,0.6,1534,0.155,1233,0.112,1451,0.08,無,0,無,0,無,0
SK-1216C0,GY,2,N,0.83,71.98,71.06,-0.91,2.34,2.33,-0.01,5,5.33,0.33,,5.82,,66.41,0.52,1534,0.155,1233,0.11,1451,0.082,無,0,無,0,無,0
SK-1216C0,GY,2,N,0.83,71.98,71.65,-0.33,2.34,2.41,0.07,5,5.36,0.37,,5.88,,65.83,0.42,1534,0.147,1233,0.104,1451,0.078,無,0,無,0,無,0
SK-1216C0,GY,2,N,0.83,71.98,72,0.02,2.34,2.49,0.15,5,4.87,-0.13,,5.47,,62.91,0.3,1534,0.147,1233,0.1,1451,0.08,無,0,無,0,無,0
SK-1216C0,GY,2,N,0.83,71.98,72.05,0.08,2.34,2.48,0.15,5,4.86,-0.13,,5.46,,62.93,0.3,1534,0.147,1233,0.1,1451,0.08,無,0,無,0,無,0
SW-8374C0,GR,2,N,1.04,72.82,72.82,0,-9.06,-9.45,-0.39,5.86,5.29,-0.57,,10.83,,150.78,0.72,1534,0.21,1233,0.075,1183,0.043,無,0,無,0,無,0
SW-8374C0,GR,2,N,1.04,72.82,73.14,0.32,-9.06,-9.27,-0.21,5.86,6.34,0.48,,11.24,,145.63,0.48,1534,0.21,1233,0.07,1183,0.045,無,0,無,0,無,0
SW-8374C0,GR,2,N,1.04,72.82,73.36,0.54,-9.06,-9.23,-0.17,5.86,6.88,1.02,,11.51,,143.3,0.99,1534,0.21,1233,0.07,1183,0.045,無,0,無,0,無,0
SW-8374C0,GR,2,N,1.04,72.82,73.21,0.4,-9.06,-9.23,-0.17,5.86,6.32,0.46,,11.19,,145.63,0.46,1534,0.2,1233,0.072,1183,0.047,無,0,無,0,無,0
SW-8374C0,GR,2,N,1.04,72.82,73.29,0.47,-9.06,-9.24,-0.18,5.86,6.28,0.42,,11.17,,145.8,0.44,1534,0.2,1233,0.072,1183,0.046,無,0,無,0,無,0
SW-8374C0,BL,6,N,1.04,42.85,42.57,-0.28,-1.62,-1.68,-0.06,-35.85,-36.28,-0.43,,36.32,,267.35,0.24,1585,1.15,1567,0.56,1430,0.14,無,0,無,0,無,0
SW-8374C0,BL,6,N,1.04,42.85,42.44,-0.41,-1.62,-1.61,0.01,-35.85,-36.3,-0.45,,36.34,,267.45,0.29,1585,1.15,1567,0.56,1430,0.13,無,0,無,0,無,0
SW-8374C0,BL,6,N,1.04,42.85,43.3,0.45,-1.62,-2.05,-0.43,-35.85,-35.96,-0.11,,36.02,,266.73,0.39,1585,1.15,1567,0.56,1430,0.12,無,0,無,0,無,0
SW-8374C0,BL,6,N,1.04,42.85,42.96,0.11,-1.62,-1.87,-0.25,-35.85,-36.14,-0.29,,36.19,,267.03,0.23,1585,1.15,1567,0.56,1430,0.125,無,0,無,0,無,0
SW-8374C0,RE,7,N,1.04,40.39,39,-1.39,55.75,52.6,-3.16,16.58,16.48,-0.1,,55.12,,17.4,1.41,1384,2.6,1362,2.5,1201,0.25,1565,0.017,無,0,無,0
SW-8374C0,RE,7,N,1.04,40.39,40.82,0.44,55.75,56.3,0.54,16.58,16.81,0.23,,58.75,,16.63,0.31,1362,2.5,1384,2.1,1201,0.12,1565,0.0045,無,0,無,0
SW-8374C0,RE,7,N,1.04,40.39,38.86,-1.53,55.75,52.99,-2.77,16.58,17.01,0.42,,55.65,,17.79,1.42,1362,2.5,1384,2.4,1201,0.25,1565,0.015,無,0,無,0
SW-8374C0,RE,7,N,1.04,40.39,39.96,-0.43,55.75,53.33,-2.43,16.58,16.79,0.21,,55.91,,17.48,1.01,1362,3,1384,2,1201,0.23,1565,0.015,無,0,無,0
SW-8374C0,RE,7,N,1.04,40.39,39.85,-0.54,55.75,55.07,-0.68,16.58,17.88,1.3,,57.9,,17.99,0.91,1362,3,1384,2,1201,0.2,1565,0.01,無,0,無,0
SW-8374C0,RE,7,N,1.04,40.39,39.61,-0.78,55.75,55.14,-0.61,16.58,16.96,0.38,,57.69,,17.1,0.55,1362,3,1384,2.6,1201,0.16,1565,0.005,無,0,無,0
SW-8374C0,RE,7,N,1.04,40.39,39.23,-1.16,55.75,55.86,0.1,16.58,17.99,1.41,,58.69,,17.85,1.01,1362,3,1384,2.6,1201,0.14,無,0,無,0,無,0
SW-8374C0,RE,7,N,1.04,40.39,39.05,-1.34,55.75,55.72,-0.03,16.58,18.05,1.46,,58.57,,17.94,1.1,1362,3,1384,2.6,1360,0.25,1201,0.12,無,0,無,0
SW-8374C0,RE,7,N,1.04,40.39,40.41,0.02,55.75,56.45,0.7,16.58,17.93,1.35,,59.23,,17.62,0.75,1362,2.8,1384,2.35,1201,0.14,1565,0.004,無,0,無,0
SW-8374C0,RE,7,N,1.04,40.39,40.82,0.43,55.75,56.28,0.53,16.58,16.7,0.12,,58.71,,16.53,0.3,1362,2.55,1384,2.1,1201,0.125,1565,0.003,無,0,無,0
SW-8374C0,RE,7,N,1.04,40.39,40.76,0.37,55.75,56.25,0.49,16.58,16.84,0.26,,58.72,,16.67,0.28,1362,2.5,1384,2.1,1201,0.12,1565,0.0045,無,0,無,0
SCW-837AM1,PU,5,N,1,31.14,31.98,0.84,26.26,26.95,0.69,-7.39,-7.01,0.38,27.28,27.85,344.27,345.42,0.71,1384,2,1565,0.44,1142,0.075,無,0,無,0,無,0
SCW-837AM1,PU,5,N,1,31.14,32.57,1.43,26.26,27.23,0.97,-7.39,-7.25,0.15,27.28,28.18,344.27,345.1,1.03,1384,1.9,1565,0.42,1142,0.07,無,0,無,0,無,0
SCW-837AM1,PU,5,N,1,31.14,31.74,0.6,26.26,26.13,-0.13,-7.39,-7.51,-0.12,27.28,27.19,344.27,343.96,0.38,1384,2,1565,0.47,1142,0.078,無,0,無,0,無,0
SCW-837AM1,PU,5,N,1,31.14,31.49,0.36,26.26,26.21,-0.05,-7.39,-7.52,-0.13,27.28,27.27,344.27,343.98,0.24,1384,2.05,1565,0.475,1142,0.077,無,0,無,0,無,0
SCW-837AM1,PU,5,N,1,31.14,31.49,0.35,26.26,26.22,-0.04,-7.39,-7.51,-0.12,27.28,27.28,344.27,344.01,0.23,1384,2.05,1565,0.475,1142,0.077,無,0,無,0,無,0
SCK-2265,NB,5,Y,0.69,35.04,34.5,-0.54,-1.91,-1.6,0.31,-5.41,-5.49,-0.08,,5.72,,253.79,0.51,1576,1.35,1191,0.23,1722,0.2,1430,0.193,無,0,無,0
SCK-2265,NB,5,Y,0.69,35.04,34.67,-0.37,-1.91,-1.83,0.08,-5.41,-5.42,-0.01,,5.72,,251.37,0.23,1576,1.35,1191,0.23,1722,0.2,1430,0.188,無,0,無,0
SCK-2265,NB,5,Y,0.69,35.04,34.75,-0.29,-1.91,-2.01,-0.1,-5.41,-5.33,0.08,,5.69,,249.37,0.23,1576,1.35,1191,0.23,1722,0.2,1430,0.18,無,0,無,0
SCK-2265,NB,5,Y,0.69,35.04,34.72,-0.32,-1.91,-1.92,-0.01,-5.41,-5.38,0.03,,5.71,,250.36,0.18,1576,1.35,1191,0.23,1722,0.2,1430,0.18,無,0,無,0
SCK-4186EM,BR,4,N,1.04,36.94,37.57,0.64,2.81,2.45,-0.37,15.98,16.42,0.44,,16.6,,81.52,0.69,1191,0.41,1722,0.405,1578,0.34,1430,0.09,無,0,無,0
SCK-4186EM,BR,4,N,1.04,36.94,37.98,1.04,2.81,2.44,-0.37,15.98,16.21,0.22,,16.39,,81.43,0.77,1191,0.42,1722,0.405,1578,0.34,1430,0.093,無,0,無,0
SCK-4186EM,BR,4,N,1.04,36.94,38.03,1.09,2.81,2.65,-0.16,15.98,16.16,0.18,,16.38,,80.68,0.65,1191,0.42,1722,0.405,1578,0.34,1430,0.097,無,0,無,0
SCK-4186EM,BR,4,N,1.04,36.94,37.93,0.99,2.81,2.69,-0.12,15.98,16.38,0.4,,16.6,,80.68,0.64,1191,0.42,1722,0.405,1578,0.34,1430,0.097,無,0,無,0
SCK-4186EM,BR,4,N,1.04,36.94,37.31,0.38,2.81,2.76,-0.06,15.98,16.2,0.21,,16.43,,80.34,0.27,1191,0.441,1722,0.425,1578,0.357,1430,0.102,無,0,無,0
SCK-4186EM,BR,4,N,1.04,36.94,37.25,0.31,2.81,2.78,-0.03,15.98,16.15,0.16,,16.38,,80.22,0.21,1191,0.441,1722,0.425,1578,0.357,1430,0.102,無,0,無,0
SW-80264C0,BK,7,Y,1.04,16.75,16.25,-0.51,-0.4,0.13,0.53,-1.9,-1.13,0.77,,1.14,,276.43,1.33,1862,3.5,1848,0.4,1142,0.16,1430,0.16,無,0,無,0
SW-80264C0,BK,7,Y,1.04,16.75,17.1,0.35,-0.4,-0.48,-0.08,-1.9,-1.95,-0.05,,2.01,,256.31,0.35,1862,3.5,1848,0.3,1142,0.035,無,0,無,0,無,0
SW-80264C0,BK,7,Y,1.04,16.75,16.5,-0.25,-0.4,0.22,0.62,-1.9,-1.73,0.17,,1.74,,277.27,0.9,1862,3.5,1848,0.3,1430,0.2,1142,0.11,無,0,無,0
SW-80264C0,BK,7,Y,1.04,16.75,17.08,0.33,-0.4,0.18,0.58,-1.9,-1.57,0.34,,1.58,,276.56,0.95,1862,3.5,1848,0.4,1430,0.13,1142,0.11,無,0,無,0
SW-80264C0,BK,7,Y,1.04,16.75,16.91,0.16,-0.4,-0.14,0.26,-1.9,-1.58,0.33,,1.58,,264.99,0.57,1862,3.5,1848,0.4,1142,0.11,1430,0.11,無,0,無,0
SW-80264C0,BK,7,Y,1.04,16.75,15.4,-1.36,-0.4,0.46,0.86,-1.9,-1.12,0.79,,1.21,,292.55,2.02,1862,3.5,1848,0.4,1142,0.1,1430,0.1,無,0,無,0
SW-80264C0,BK,7,Y,1.04,16.75,15.71,-1.04,-0.4,0.26,0.65,-1.9,-1.27,0.63,,1.29,,281.43,1.57,1862,3.5,1848,0.4,1142,0.09,1430,0.09,無,0,無,0
SW-80264C0,BK,7,Y,1.04,16.75,16.85,0.1,-0.4,0.02,0.42,-1.9,-1.45,0.45,,1.45,,270.96,0.83,1862,3.5,1848,0.4,1142,0.08,1430,0.08,無,0,無,0
SW-80264C0,BK,7,Y,1.04,16.75,16.8,0.04,-0.4,-0.03,0.37,-1.9,-1.8,0.1,,1.8,,269.01,0.52,1862,3.5,1848,0.3,1142,0.045,1430,0.045,無,0,無,0
SW-80264C0,BK,7,Y,1.04,16.75,17.51,0.75,-0.4,-0.19,0.2,-1.9,-1.92,-0.01,,1.93,,264.24,0.76,1862,3.5,1848,0.3,1142,0.035,1430,0.01,無,0,無,0
SW-80264C0,BK,7,Y,1.04,16.75,17.09,0.33,-0.4,-0.44,-0.05,-1.9,-1.95,-0.05,,2,,257.19,0.33,1862,3.5,1848,0.3,1142,0.035,無,0,無,0,無,0
SCK-4131,PU,6,N,2.08,23.77,23.31,-0.46,14.04,13.8,-0.25,3.53,3.68,0.15,14.48,14.28,14.09,14.94,0.44,1383,2.24,1576,0.735,1191,0.58,1722,0.2,無,0,無,0
SCK-4131,PU,6,N,2.08,23.77,23.84,0.07,14.04,14.02,-0.02,3.53,3.7,0.17,14.48,14.5,14.09,14.78,0.2,1383,2.13,1576,0.7,1191,0.55,1722,0.19,無,0,無,0
SCK-4131,PU,6,N,2.08,23.77,23.17,-0.6,14.04,14.05,0.01,3.53,3.6,0.08,14.48,14.51,14.09,14.38,0.45,1383,2.3,1576,0.735,1191,0.58,1722,0.2,無,0,無,0
SCK-4131,PU,6,N,2.08,23.77,23.04,-0.73,14.04,14.1,0.05,3.53,3.62,0.1,14.48,14.56,14.09,14.41,0.54,1383,2.3,1576,0.735,1191,0.58,1722,0.2,無,0,無,0
SCK-4298,GY,4,N,1.04,58.48,55.26,-3.22,-2.53,-2.43,0.1,-2.62,-3.17,-0.55,,4,,232.52,1.53,1534,0.16,1381,0.05,1183,0.04,無,0,無,0,無,0
SCK-4298,GY,4,N,1.04,58.48,58.82,0.34,-2.53,-2.4,0.14,-2.62,-3.14,-0.52,,3.95,,232.63,0.68,1534,0.144,1381,0.044,1183,0.037,無,0,無,0,無,0
SCK-4298,GY,4,N,1.04,58.48,58.95,0.47,-2.53,-2.24,0.29,-2.62,-3.16,-0.54,,3.88,,234.62,0.79,1534,0.128,1381,0.039,1183,0.033,無,0,無,0,無,0
SCK-4298,GY,4,N,1.04,58.48,57.97,-0.51,-2.53,-2.42,0.11,-2.62,-2.87,-0.26,,3.76,,229.9,0.41,1534,0.144,1381,0.044,1183,0.0385,無,0,無,0,無,0
SCK-4298,GY,4,N,1.04,58.48,57.76,-0.72,-2.53,-2.48,0.05,-2.62,-2.77,-0.15,,3.72,,228.15,0.36,1534,0.144,1381,0.044,1183,0.04,無,0,無,0,無,0
SCK-4298,GY,4,N,1.04,58.48,57.91,-0.57,-2.53,-2.43,0.1,-2.62,-2.81,-0.19,,3.71,,229.08,0.36,1534,0.144,1381,0.044,1183,0.039,無,0,無,0,無,0
SCK-4298,GY,4,N,1.04,58.48,58.18,-0.29,-2.53,-2.47,0.06,-2.62,-2.8,-0.18,,3.73,,228.52,0.26,1534,0.144,1381,0.042,1183,0.039,無,0,無,0,無,0
SCK-4298,GY,4,N,1.04,58.48,58.62,0.14,-2.53,-2.57,-0.03,-2.62,-2.84,-0.22,,3.83,,227.93,0.28,1534,0.144,1381,0.042,1183,0.039,無,0,無,0,無,0
SCK-4298,GY,4,N,1.04,62.69,59.73,-2.96,-7.37,-7.3,0.07,-5.32,-6.02,-0.7,,9.47,,219.49,1.42,1534,0.15,1381,0.038,1183,0.034,無,0,無,0,無,0
SCK-4298,GY,4,N,1.04,62.69,62.53,-0.16,-7.37,-7.55,-0.18,-5.32,-5.94,-0.62,,9.61,,218.2,0.63,1534,0.135,1381,0.034,1183,0.0315,無,0,無,0,無,0
SCK-4298,GY,4,N,1.04,62.69,63.13,0.44,-7.37,-7.59,-0.21,-5.32,-5.85,-0.53,,9.58,,217.63,0.57,1534,0.128,1381,0.0323,1183,0.03,無,0,無,0,無,0
SCK-4298,GY,4,N,1.04,62.69,62.46,-0.23,-7.37,-7.54,-0.17,-5.32,-5.45,-0.13,,9.31,,215.86,0.21,1534,0.135,1381,0.035,1183,0.033,無,0,無,0,無,0
SCK-4298,GY,4,N,1.04,62.69,62.6,-0.09,-7.37,-7.6,-0.22,-5.32,-5.56,-0.24,,9.41,,216.2,0.29,1534,0.135,1381,0.035,1183,0.033,無,0,無,0,無,0
SCK-4298,NB,5,N,1.04,57.64,55.11,-2.53,-5.77,-4.29,1.48,-6.85,-10.85,-4.01,,11.67,,248.42,4.61,1534,0.2,1381,0.052,1183,0.045,無,0,無,0,無,0
SCK-4298,NB,5,N,1.04,57.64,57.1,-0.55,-5.77,-6.54,-0.77,-6.85,-6.96,-0.11,,9.55,,226.76,0.81,1534,0.19,1183,0.05,1381,0.048,無,0,無,0,無,0
SCK-4298,NB,5,N,1.04,57.64,57.85,0.21,-5.77,-7.01,-1.24,-6.85,-6.28,0.57,,9.41,,221.85,1.54,1534,0.18,1183,0.055,1381,0.045,無,0,無,0,無,0
SCK-4298,NB,5,N,1.04,57.64,57.22,-0.42,-5.77,-6.97,-1.19,-6.85,-6.4,0.45,,9.46,,222.56,1.44,1534,0.18,1183,0.053,1381,0.0475,無,0,無,0,無,0
SCK-4298,NB,5,N,1.04,57.64,57.65,0,-5.77,-6.68,-0.91,-6.85,-6.5,0.34,,9.32,,224.24,1.09,1534,0.18,1183,0.051,1381,0.05,無,0,無,0,無,0
SCK-4298,NB,5,N,1.04,57.64,57.84,0.19,-5.77,-6.36,-0.59,-6.85,-6.62,0.23,,9.18,,226.14,0.71,1534,0.18,1381,0.0525,1183,0.0495,無,0,無,0,無,0
SCK-4298,NB,5,N,1.04,57.64,57.91,0.27,-5.77,-6.27,-0.49,-6.85,-6.6,0.25,,9.1,,226.47,0.64,1534,0.172,1381,0.053,1183,0.048,無,0,無,0,無,0
SCK-4298,NB,5,N,1.04,57.64,57.34,-0.3,-5.77,-6.09,-0.32,-6.85,-6.87,-0.02,,9.18,,228.46,0.35,1534,0.18,1381,0.055,1183,0.0488,無,0,無,0,無,0
SCK-4298,NB,5,N,1.04,57.64,57.53,-0.12,-5.77,-6.32,-0.55,-6.85,-6.6,0.24,,9.14,,226.24,0.68,1534,0.18,1381,0.054,1183,0.048,無,0,無,0,無,0
SCK-4298,NB,5,N,1.04,57.64,57.56,-0.09,-5.77,-6,-0.22,-6.85,-6.88,-0.03,,9.13,,228.93,0.23,1534,0.18,1381,0.06,1183,0.047,無,0,無,0,無,0
SW-8105,GY,2,Y,0.69,52.75,52.74,-0.01,3.09,3.41,0.32,5.78,5.91,0.13,,6.82,,60.07,0.45,1576,0.198,1391,0.145,1191,0.128,1722,0.031,無,0,無,0
SW-8105,GY,2,Y,0.69,52.75,53.27,0.52,3.09,2.99,-0.09,5.78,6.07,0.29,,6.76,,63.74,0.47,1576,0.198,1391,0.14,1191,0.128,1722,0.031,無,0,無,0
SW-8105,GY,2,Y,0.69,52.75,53.2,0.44,3.09,3,-0.08,5.78,6.05,0.27,,6.76,,63.61,0.43,1576,0.198,1391,0.14,1191,0.128,1722,0.031,無,0,無,0
SCK-3778,WH,0,N,1.04,97.01,97.11,0.1,3.71,3.73,0.02,-14.94,-14.65,0.29,,15.12,,284.29,0.22,1042,0.28,1053,0.105,無,0,無,0,無,0,無,0
SCK-3778,WH,0,N,1.04,97.01,97.03,0.02,3.71,3.81,0.1,-14.94,-14.68,0.26,,15.17,,284.53,0.25,1042,0.28,1053,0.1,無,0,無,0,無,0,無,0
SCK-3778,NB,6,N,1.04,19.4,19.05,-0.35,1.27,1.25,-0.02,-7.43,-7.4,0.03,,7.51,,279.6,0.3,1862,1.3,1578,0.95,1430,0.663,1191,0.215,無,0,無,0
SCK-3778,NB,6,N,1.04,19.4,19.11,-0.29,1.27,1.24,-0.03,-7.43,-7.44,-0.01,,7.54,,279.47,0.25,1862,1.2,1578,0.95,1430,0.663,1191,0.215,無,0,無,0
SCK-3778,BK,7,N,1.04,17.68,17.54,-0.14,-0.11,-0.11,0,-2.1,-2.23,-0.13,,2.23,,267.17,0.21,1862,2.5,1391,0.673,1578,0.45,1191,0.41,無,0,無,0
SCK-3778,BK,7,N,1.04,17.68,17.8,0.12,-0.11,-0.09,0.03,-2.1,-2.25,-0.15,,2.25,,267.81,0.23,1862,2.5,1391,0.67,1578,0.45,1191,0.41,無,0,無,0
SW-8064C0,BK,7,Y,1.04,16.97,17.15,0.18,-0.88,-1.05,-0.17,-0.89,-1,-0.11,,1.45,,223.76,0.33,1862,3.5,1142,0.26,1863,0.15,1430,0.12,無,0,無,0
SW-8064C0,GR,5,Y,1.04,25.77,26.2,0.43,-7.77,-8.21,-0.45,10.99,11.36,0.37,,14.02,,125.85,0.53,1142,1.14,1578,1.01,1201,0.232,1430,0.171,無,0,無,0
SW-8064C0,OR,5,Y,1.04,50.76,48.31,-2.45,55.44,53.26,-2.18,41.63,38.51,-3.12,,65.72,,35.87,1.86,1353,1.2,1191,0.46,1391,0.33,無,0,無,0,無,0
SW-8064C0,OR,5,Y,1.04,50.76,48.67,-2.09,55.44,53.93,-1.5,41.63,39.2,-2.43,,66.68,,36.01,1.5,1353,1.15,1191,0.46,1391,0.315,無,0,無,0,無,0
SW-8064C0,OR,5,Y,1.04,50.76,49.89,-0.87,55.44,54.47,-0.97,41.63,39.87,-1.76,,67.5,,36.2,0.94,1353,1.2,1191,0.46,1391,0.27,無,0,無,0,無,0
SW-8064C0,OR,5,Y,1.04,50.76,50.35,-0.4,55.44,53.96,-1.47,41.63,42.65,1.02,,68.78,,38.32,1.22,1353,1.2,1191,0.46,1391,0.24,1201,0.15,無,0,無,0
SW-8064C0,OR,5,Y,1.04,50.76,49.94,-0.82,55.44,54.1,-1.34,41.63,42.82,1.19,,68.99,,38.36,1.29,1353,1.2,1191,0.43,1391,0.2,1201,0.15,無,0,無,0
SW-8064C0,OR,5,Y,1.04,50.76,50.61,-0.14,55.44,54.17,-1.27,41.63,42.86,1.23,,69.07,,38.35,1.23,1353,1.2,1191,0.4,1391,0.16,1201,0.15,無,0,無,0
SW-8064C0,OR,5,Y,1.04,50.76,50.57,-0.19,55.44,56.72,1.28,41.63,42.86,1.23,,71.09,,37.08,0.62,1353,1.55,1191,0.365,1391,0.083,1201,0.05,無,0,無,0
SW-8064C0,OR,5,Y,1.04,50.76,50.64,-0.11,55.44,54.39,-1.05,41.63,41.39,-0.24,,68.35,,37.27,0.46,1353,1.2,1191,0.32,1201,0.18,1391,0.16,無,0,無,0
SW-8064C0,OR,5,Y,1.04,50.76,51.46,0.7,55.44,55.83,0.39,41.63,41.99,0.36,,69.86,,36.95,0.37,1353,1.5,1191,0.36,1391,0.083,1201,0.045,無,0,無,0
SW-8064C0,OR,5,Y,1.04,50.76,51.36,0.61,55.44,55.72,0.28,41.63,42,0.37,,69.77,,37.01,0.33,1353,1.5,1191,0.36,1391,0.083,1201,0.045,無,0,無,0
SCK-3230,GY,2,N,1.67,60.82,58.69,-2.14,-1.96,-1.37,0.58,0.31,-0.71,-1.02,,1.54,,207.36,1.81,1565,0.12,1391,0.063,1142,0.0349,無,0,無,0,無,0
SCK-3230,GY,2,N,1.67,60.82,63.16,2.34,-1.96,-1.34,0.62,0.31,-2.36,-2.67,,2.71,,240.41,3.81,1565,0.091,1391,0.046,1142,0.0236,無,0,無,0,無,0
SCK-3230,GY,2,N,1.67,60.82,61,0.17,-1.96,-1.94,0.02,0.31,0.31,-0.01,,1.96,,171.01,0.08,1565,0.091,1391,0.048,1142,0.0295,無,0,無,0,無,0
SCK-3230,GY,2,N,1.67,60.82,61,0.17,-1.96,-1.94,0.02,0.31,0.31,-0.01,,1.96,,171.01,0.08,1530,0.114,1400,0.057,1181,0.042,無,0,無,0,無,0
SCK-3484,GR,4,N,1.25,42.52,41.92,-0.6,-6.41,-6.33,0.08,0.55,0.57,0.02,,6.36,,174.83,0.31,1565,0.64,1191,0.21,1430,0.11,1722,0.1,無,0,無,0
SCK-3484,GR,4,N,1.25,41.93,41.44,-0.49,-6.59,-6.83,-0.24,0.61,0.36,-0.25,,6.84,,176.98,0.46,1565,0.667,1191,0.214,1430,0.112,1722,0.102,無,0,無,0
SCK-3484,GR,4,N,1.25,41.93,41.68,-0.25,-6.59,-7.05,-0.45,0.61,0.65,0.04,,7.08,,174.7,0.46,1565,0.655,1191,0.215,1430,0.11,1722,0.1,無,0,無,0
SCK-3484,GR,4,N,1.25,41.93,41.79,-0.13,-6.59,-7.01,-0.42,0.61,0.61,0,,7.04,,175.04,0.41,1565,0.645,1191,0.21,1430,0.105,1722,0.1,無,0,無,0
SCK-3484,GR,4,N,1.25,41.93,41.93,0.01,-6.59,-6.52,0.07,0.61,0.7,0.09,,6.56,,173.84,0.13,1565,0.64,1191,0.205,1430,0.105,1722,0.105,無,0,無,0
SCK-3484,GR,4,N,1.25,41.93,41.81,-0.11,-6.59,-6.58,0.02,0.61,0.55,-0.07,,6.6,,175.26,0.1,1565,0.64,1191,0.21,1430,0.11,1722,0.1,無,0,無,0
SCK-3484,GR,4,N,1.25,41.93,41.81,-0.12,-6.59,-6.58,0.02,0.61,0.55,-0.06,,6.6,,175.19,0.09,1565,0.64,1191,0.21,1430,0.11,1722,0.1,無,0,無,0
SCK-3484,OL,4,N,1.25,37.37,36.66,-0.7,2.21,2.44,0.23,8.63,8.57,-0.06,,8.91,,74.1,0.53,1724,0.495,1191,0.28,1391,0.253,1576,0.252,無,0,無,0
SCK-3484,OL,4,N,1.25,37.37,37.37,0,2.21,2.36,0.15,8.63,8.72,0.09,,9.03,,74.83,0.22,1576,0.56,1724,0.47,1191,0.27,1391,0.24,無,0,無,0
SCK-3484,OL,4,N,1.25,37.37,37.41,0.04,2.21,2.36,0.14,8.63,8.77,0.14,,9.08,,74.94,0.22,1576,0.56,1724,0.47,1191,0.27,1391,0.24,無,0,無,0
SW-80427C0,BK,6,Y,1.04,19.82,19.65,-0.17,-0.76,-0.78,-0.02,-5.39,-5.26,0.13,,5.32,,261.59,0.2,1862,1.5,1578,0.75,1724,0.35,1430,0.1,無,0,無,0
SW-80427C0,BL,3,Y,1.04,39.45,38.45,-1,-3.59,-3.17,0.42,-12.56,-13.04,-0.48,13.06,13.42,254.06,256.34,0.83,1576,0.68,1722,0.057,1191,0.032,1391,0.013,無,0,無,0
SW-80427C0,BL,3,Y,1.04,39.45,38.88,-0.57,-3.59,-3.43,0.15,-12.56,-12.84,-0.28,13.06,13.29,254.06,255.03,0.42,1576,0.66,1722,0.057,1191,0.032,1391,0.011,無,0,無,0
SW-80427C0,BL,3,Y,1.04,39.45,39.21,-0.24,-3.59,-3.49,0.1,-12.56,-12.75,-0.19,13.06,13.22,254.06,254.7,0.24,1576,0.64,1722,0.0553,1191,0.031,1391,0.01,無,0,無,0
SW-80427C0,BL,3,Y,1.04,39.45,39.7,0.25,-3.59,-3.49,0.09,-12.56,-12.73,-0.17,13.06,13.2,254.06,254.65,0.23,1576,0.64,1722,0.0553,1191,0.0313,1391,0.0095,無,0,無,0
SW-80427C0,GY,3,Y,1.04,46.13,47.32,1.18,0.18,-0.42,-0.6,2.07,2.73,0.66,2.08,2.76,84.93,98.72,1.32,1565,0.292,1391,0.199,1191,0.147,無,0,無,0,無,0
SW-80427C0,GY,3,Y,1.04,46.13,45.27,-0.87,0.18,0.19,0.01,2.07,1.51,-0.56,2.08,1.52,84.93,82.79,0.84,1565,0.3,1391,0.21,1191,0.147,無,0,無,0,無,0
SW-80427C0,GY,3,Y,1.04,46.13,44.73,-1.4,0.18,1.12,0.93,2.07,1.05,-1.03,2.08,1.53,84.93,43.1,1.99,1565,0.305,1391,0.225,1191,0.147,無,0,無,0,無,0
SW-80427C0,GY,3,Y,1.04,46.13,45.8,-0.33,0.18,-0.08,-0.26,2.07,1.92,-0.15,2.08,1.93,84.93,92.24,0.43,1565,0.29,1391,0.205,1191,0.147,無,0,無,0,無,0
SW-80427C0,GY,3,Y,1.04,46.13,46.75,0.62,0.18,-0.02,-0.2,2.07,2.19,0.12,2.08,2.19,84.93,90.43,0.43,1565,0.275,1391,0.195,1191,0.14,無,0,無,0,無,0
SW-80427C0,GY,3,Y,1.04,46.13,46.43,0.3,0.18,0.29,0.11,2.07,1.71,-0.36,2.08,1.74,84.93,80.23,0.51,1565,0.275,1391,0.2,1191,0.14,無,0,無,0,無,0
SW-80427C0,GY,3,Y,1.04,46.13,46.61,0.47,0.18,0.46,0.28,2.07,1.89,-0.18,2.08,1.95,84.93,76.28,0.5,1565,0.275,1391,0.2,1191,0.14,無,0,無,0,無,0
SCK-3724,BL,1,Y,0.69,70.31,70.42,0.11,1.57,1.76,0.19,-23.36,-25.06,-1.7,,25.12,,274.02,0.97,1568,0.105,1034,0.05,1584,0.001,1690,0.001,無,0,無,0
SCK-3724,BL,1,Y,0.69,70.31,70.41,0.1,1.57,2.61,1.04,-23.36,-24.74,-1.38,,24.87,,276.02,1.2,1568,0.105,1034,0.055,1584,0.001,1690,0.001,無,0,無,0
SCK-3724,BL,1,Y,0.69,70.31,70.27,-0.04,1.57,2.94,1.37,-23.36,-25.51,-2.16,,25.68,,276.58,1.69,1568,0.1,1034,0.055,1690,0.001,無,0,無,0,無,0
SCK-3724,BL,1,Y,0.69,70.31,70.14,-0.17,1.57,1.78,0.21,-23.36,-23.79,-0.44,,23.86,,274.27,0.31,1568,0.105,1034,0.055,1191,0.001,1690,0.001,無,0,無,0
SCK-3724,BL,1,Y,0.69,70.31,70.51,0.2,1.57,1.65,0.08,-23.36,-23.42,-0.07,,23.48,,274.04,0.12,1568,0.105,1034,0.055,1191,0.001,1690,0.001,無,0,無,0
SK-1008C0,BK,5,N,0.83,18.86,17.73,-1.13,-1.21,-0.9,0.31,-3.63,-3.06,0.57,,3.19,,253.69,1.23,1862,2.1,1578,0.7,1430,0.5,1191,0.4,無,0,無,0
SK-1008C0,BK,5,N,0.83,18.86,19.47,0.6,-1.21,-1.33,-0.12,-3.63,-3.91,-0.28,,4.13,,251.22,0.63,1862,1.85,1578,0.54,1430,0.38,1191,0.28,無,0,無,0
SK-1008C0,BK,5,N,0.83,18.86,19.2,0.34,-1.21,-1.1,0.11,-3.63,-3.91,-0.28,,4.06,,254.33,0.47,1862,1.85,1578,0.55,1430,0.4,1191,0.28,無,0,無,0
SK-1008C0,BK,5,N,0.83,18.86,18.6,-0.26,-1.21,-1.08,0.12,-3.63,-3.74,-0.11,,3.89,,253.82,0.3,1862,1.9,1578,0.55,1430,0.4,1191,0.285,無,0,無,0
SK-1008C0,BK,5,N,0.83,18.86,18.75,-0.11,-1.21,-1.11,0.1,-3.63,-3.8,-0.17,,3.95,,253.77,0.26,1862,1.9,1578,0.55,1430,0.4,1191,0.285,無,0,無,0
SK-1008C0,OL,7,N,0.83,30.48,30.37,-0.11,-1.78,-1.94,-0.16,6.82,7.02,0.2,,7.29,,105.45,0.27,1578,0.65,1191,0.43,1722,0.4,1391,0.14,無,0,無,0
SK-1008C0,CO,4,N,0.83,31.1,30.32,-0.79,12.45,12.92,0.47,-0.71,-0.61,0.1,,12.93,,357.31,0.61,1391,0.95,1576,0.7,1142,0.23,1722,0.052,無,0,無,0
SK-1008C0,CO,4,N,0.83,31.1,30.09,-1.02,12.45,12.71,0.26,-0.71,-0.87,-0.16,,12.74,,356.08,0.67,1391,0.95,1576,0.7,1142,0.23,1722,0.05,無,0,無,0
SK-1008C0,CO,4,N,0.83,31.1,30.21,-0.9,12.45,12.57,0.12,-0.71,-0.58,0.13,,12.58,,357.37,0.57,1391,0.93,1576,0.7,1142,0.23,1722,0.05,無,0,無,0
SK-1008C0,CO,4,N,0.83,31.1,30.8,-0.31,12.45,12.85,0.4,-0.71,-0.63,0.07,,12.87,,357.17,0.37,1391,0.9,1576,0.665,1142,0.218,1722,0.0475,無,0,無,0
SK-1008C0,CO,4,N,0.83,31.1,31.41,0.31,12.45,12.87,0.42,-0.71,-0.59,0.12,,12.88,,357.39,0.39,1391,0.85,1576,0.63,1142,0.207,1722,0.045,無,0,無,0
SK-1008C0,CO,4,N,0.83,31.1,31.56,0.46,12.45,12.9,0.45,-0.71,-0.67,0.04,,12.92,,357.03,0.44,1391,0.85,1576,0.64,1142,0.207,1722,0.045,無,0,無,0
SK-1008C0,TQ,4,N,0.83,40.02,39.6,-0.43,10.73,10.66,-0.07,-40.83,-41.43,-0.59,,42.78,,284.43,0.36,1585,1.2,1681,0.4,1565,0.2,1383,0.16,無,0,無,0
SK-1008C0,TQ,4,N,0.83,40.02,39.82,-0.21,10.73,9.8,-0.94,-40.83,-40.93,-0.1,,42.09,,283.46,0.7,1585,1.15,1681,0.4,1565,0.2,1383,0.16,無,0,無,0
SK-1008C0,TQ,4,N,0.83,40.02,39.99,-0.04,10.73,10.11,-0.62,-40.83,-41.01,-0.17,,42.24,,283.85,0.48,1585,1.1,1681,0.38,1565,0.19,1383,0.162,無,0,無,0
SK-1008C0,TQ,4,N,0.83,40.02,40.39,0.36,10.73,10.12,-0.61,-40.83,-40.75,0.08,,41.99,,283.95,0.47,1585,1.06,1681,0.37,1565,0.184,1383,0.157,無,0,無,0
SK-1008C0,TQ,4,N,0.83,40.02,40.3,0.27,10.73,11.15,0.42,-40.83,-41.1,-0.27,,42.59,,285.17,0.32,1585,1.03,1681,0.41,1565,0.184,1383,0.157,無,0,無,0
SK-1008C0,TQ,4,N,0.83,40.02,40.34,0.32,10.73,10.86,0.13,-40.83,-40.95,-0.11,,42.36,,284.86,0.19,1585,1.05,1681,0.4,1565,0.184,1383,0.16,無,0,無,0
SK-1008C0,TQ,4,N,0.83,40.02,40.37,0.34,10.73,10.82,0.09,-40.83,-40.91,-0.07,,42.31,,284.82,0.19,1585,1.05,1681,0.4,1565,0.184,1383,0.16,無,0,無,0
SK-1263C6,BL,6,N,0.69,32.58,35.32,2.75,8.08,6.66,-1.43,-39.26,-37.75,1.51,,38.33,,280,1.98,1565,1,1567,0.73,1374,0.55,1576,0.125,無,0,無,0
SK-1263C6,BL,6,N,0.69,32.58,34.05,1.48,8.08,7.39,-0.69,-39.26,-38.5,0.77,,39.2,,280.87,1.04,1565,1,1567,0.8,1374,0.6,1576,0.125,無,0,無,0
SK-1263C6,BL,6,N,0.69,32.58,32.82,0.24,8.08,8.2,0.11,-39.26,-38.69,0.57,,39.55,,281.96,0.32,1565,1,1567,0.88,1374,0.6,1576,0.125,無,0,無,0
SK-1263C6,BL,6,N,0.69,32.58,33.28,0.71,8.08,7.67,-0.41,-39.26,-39.51,-0.24,,40.25,,280.99,0.55,1565,1,1567,1,1374,0.65,1576,0.12,無,0,無,0
SK-1263C6,BL,6,N,0.69,32.58,32.12,-0.46,8.08,8.22,0.14,-39.26,-38.99,0.28,,39.84,,281.91,0.33,1565,1,1567,0.9,1374,0.68,1568,0.2,1576,0.12,無,0
SK-1263C6,BL,6,N,0.69,32.58,32.02,-0.56,8.08,8.07,-0.02,-39.26,-39.22,0.04,,40.04,,281.62,0.33,1567,1.3,1565,1,1374,0.65,1576,0.12,無,0,無,0
SK-1263C6,BL,6,N,0.69,32.58,32.11,-0.46,8.08,8.15,0.07,-39.26,-39.34,-0.08,,40.18,,281.7,0.28,1567,1.235,1565,0.95,1374,0.617,1576,0.115,無,0,無,0
SW-8374C0,BL,2,N,1.04,64.38,63.51,-0.87,-4.51,-4.51,0,-22.74,-22.7,0.03,,23.15,,258.76,0.35,1530,0.19,1580,0.065,1400,0.02,無,0,無,0,無,0
SCK-4186EM,GR,2,N,1.04,60.84,62,1.16,-8.69,-8.33,0.36,7.6,8.57,0.96,,11.95,,134.19,1.12,1576,0.134,1142,0.052,1724,0.0517,無,0,無,0,無,0
SCK-4186EM,GR,2,N,1.04,60.84,60.02,-0.82,-8.69,-8.74,-0.05,7.6,7.26,-0.35,,11.36,,140.28,0.47,1576,0.16,1142,0.0556,1724,0.054,無,0,無,0,無,0
SCK-4186EM,GR,2,N,1.04,60.84,59.79,-1.05,-8.69,-8.77,-0.08,7.6,7.11,-0.5,,11.29,,140.98,0.65,1576,0.17,1142,0.058,1724,0.056,無,0,無,0,無,0
SCK-4186EM,GR,2,N,1.04,60.84,60.16,-0.68,-8.69,-8.99,-0.3,7.6,7.63,0.03,,11.79,,139.66,0.39,1576,0.16,1142,0.058,1724,0.052,無,0,無,0,無,0
SCK-4186EM,GR,2,N,1.04,60.84,60.29,-0.55,-8.69,-9.02,-0.33,7.6,7.68,0.07,,11.84,,139.59,0.36,1576,0.16,1142,0.058,1724,0.052,無,0,無,0,無,0
SCK-4186EM,BL,3,N,1.04,39.85,41.3,1.45,-2.85,-2.4,0.45,-7.74,-6.72,1.02,,7.13,,250.37,1.26,1724,0.3,1578,0.29,1565,0.21,1391,0.053,無,0,無,0
SCK-4186EM,BL,3,N,1.04,39.85,40.26,0.4,-2.85,-2.53,0.32,-7.74,-6.84,0.9,,7.29,,249.73,0.88,1724,0.33,1578,0.32,1565,0.24,1391,0.057,無,0,無,0
SCK-4186EM,BL,3,N,1.04,39.85,40.17,0.32,-2.85,-2.62,0.23,-7.74,-7.2,0.54,,7.66,,250.02,0.55,1724,0.33,1578,0.32,1565,0.255,1391,0.057,無,0,無,0
SCK-4186EM,BL,3,N,1.04,39.85,39.58,-0.27,-2.85,-2.78,0.07,-7.74,-6.93,0.8,,7.47,,248.17,0.76,1724,0.34,1578,0.32,1565,0.268,1391,0.055,無,0,無,0
SCK-4186EM,BL,3,N,1.04,39.85,39.68,-0.17,-2.85,-2.84,0.01,-7.74,-7.06,0.68,,7.61,,248.12,0.65,1724,0.34,1578,0.32,1565,0.275,1391,0.055,無,0,無,0
SCK-4186EM,BL,3,N,1.04,39.85,39.46,-0.39,-2.85,-2.82,0.03,-7.74,-7.44,0.3,,7.96,,249.26,0.34,1724,0.33,1578,0.32,1565,0.28,1391,0.055,無,0,無,0
SCK-4186EM,BL,3,N,1.04,39.85,39.38,-0.48,-2.85,-2.86,-0.01,-7.74,-7.8,-0.06,,8.31,,249.85,0.26,1578,0.32,1724,0.32,1565,0.28,1391,0.055,無,0,無,0
SCK-4186EM,BL,3,N,1.04,39.85,39.41,-0.44,-2.85,-2.89,-0.04,-7.74,-7.81,-0.07,,8.33,,249.67,0.24,1724,0.32,1578,0.318,1565,0.28,1391,0.054,無,0,無,0
SCK-4100,OR,4,N,1.04,41.05,41.35,0.3,31.04,30.71,-0.34,33.29,34.13,0.85,45.52,45.91,47,48.03,0.83,1391,0.68,1142,0.675,1576,0.051,無,0,無,0,無,0
SCK-4100,OR,4,N,1.04,41.05,41.81,0.77,31.04,30.74,-0.3,33.29,34.14,0.85,45.52,45.94,47,48,0.89,1391,0.646,1142,0.64,1576,0.048,無,0,無,0,無,0
SCK-4100,OR,4,N,1.04,41.05,39.15,-1.9,31.04,31.61,0.56,33.29,32.69,-0.6,45.52,45.47,47,45.96,1.26,1391,0.77,1142,0.71,1576,0.055,無,0,無,0,無,0
SCK-4100,OR,4,N,1.04,41.05,38.71,-2.34,31.04,31.99,0.95,33.29,32.99,-0.3,45.52,45.95,47,45.88,1.49,1391,0.805,1142,0.74,1576,0.0575,無,0,無,0,無,0
SCK-4100,OR,4,N,1.04,41.05,39.71,-1.34,31.04,31.34,0.3,33.29,33.57,0.28,45.52,45.92,47,46.96,0.71,1391,0.74,1142,0.71,1576,0.053,無,0,無,0,無,0
SCK-4100,OR,4,N,1.04,41.05,39.95,-1.09,31.04,31.26,0.21,33.29,33.46,0.18,45.52,45.79,47,46.95,0.57,1391,0.74,1142,0.71,1576,0.053,無,0,無,0,無,0
SCK-4100,BR,4,N,1.04,28.36,28.53,0.17,9.22,8.88,-0.34,5.44,6.13,0.69,10.71,10.79,30.54,34.6,1.11,1391,0.57,1576,0.54,1142,0.275,1722,0.145,無,0,無,0
SCK-4100,BR,4,N,1.04,28.36,29.2,0.84,9.22,8.99,-0.23,5.44,6.19,0.75,10.71,10.92,30.54,34.57,1.24,1391,0.54,1576,0.513,1142,0.261,1722,0.138,無,0,無,0
SCK-4100,BR,4,N,1.04,28.36,27,-1.37,9.22,9.83,0.61,5.44,5.4,-0.04,10.71,11.21,30.54,28.78,1.09,1391,0.65,1576,0.577,1142,0.288,1722,0.152,無,0,無,0
SCK-4100,BR,4,N,1.04,28.36,26.23,-2.14,9.22,9.6,0.38,5.44,5.13,-0.31,10.71,10.88,30.54,28.1,1.54,1391,0.68,1576,0.61,1142,0.3,1722,0.16,無,0,無,0
SCK-4100,BR,4,N,1.04,28.36,27.06,-1.3,9.22,9.32,0.1,5.44,5.73,0.29,10.71,10.95,30.54,31.59,0.91,1391,0.63,1576,0.577,1142,0.29,1722,0.152,無,0,無,0
SCK-4100,BR,4,N,1.04,28.36,27.48,-0.89,9.22,9.38,0.16,5.44,5.68,0.24,10.71,10.97,30.54,31.2,0.64,1391,0.63,1576,0.577,1142,0.29,1722,0.152,無,0,無,0
SCK-4100,OR,1,N,1.04,81.34,78.61,-2.73,21,31.97,10.97,17.01,16.97,-0.04,27.02,36.19,39.01,27.96,8.29,1353,0.075,1142,0.0092,無,0,無,0,無,0,無,0
SCK-4100,OR,1,N,1.04,81.34,79.33,-2.01,21,23.29,2.29,17.01,16.51,-0.5,27.02,28.54,39.01,35.33,2.25,1353,0.055,1142,0.01,1580,0.0026,無,0,無,0,無,0
SCK-4100,OR,1,N,1.04,81.34,79.78,-1.56,21,22.29,1.29,17.01,16.16,-0.85,27.02,27.53,39.01,35.94,1.74,1353,0.06,1142,0.0105,1580,0.0028,無,0,無,0,無,0
SCK-4100,OR,1,N,1.04,81.34,79.62,-1.72,21,22.41,1.42,17.01,16.8,-0.21,27.02,28.01,39.01,36.86,1.41,1353,0.058,1142,0.011,1580,0.0028,無,0,無,0,無,0
SCK-4100,OR,1,N,1.04,81.34,79.83,-1.51,21,21.84,0.84,17.01,16.46,-0.55,27.02,27.35,39.01,37.01,1.2,1353,0.056,1142,0.0115,1580,0.0028,無,0,無,0,無,0
SCK-4100,OR,1,N,1.04,81.34,79.5,-1.84,21,22.68,1.68,17.01,16.94,-0.07,27.02,28.3,39.01,36.76,1.53,1353,0.053,1142,0.0105,1580,0.0027,無,0,無,0,無,0
SCK-4100,OR,1,N,1.04,81.34,79.26,-2.08,21,22.34,1.35,17.01,18.84,1.83,27.02,29.22,39.01,40.13,1.51,1353,0.056,1142,0.013,1580,0.0028,無,0,無,0,無,0
SCK-4100,OR,1,N,1.04,81.34,80.57,-0.77,21,21.41,0.41,17.01,17.4,0.39,27.02,27.58,39.01,39.1,0.41,1353,0.053,1142,0.013,1580,0.0028,無,0,無,0,無,0
SCK-4100,OR,1,N,1.04,81.34,79.47,-1.87,21,22.44,1.44,17.01,17.91,0.91,27.02,28.71,39.01,38.6,1.14,1353,0.055,1142,0.0115,1580,0.0028,無,0,無,0,無,0
SCK-4100,OR,1,N,1.04,81.34,80.15,-1.18,21,21.35,0.36,17.01,17.2,0.2,27.02,27.42,39.01,38.86,0.49,1353,0.054,1142,0.0113,1580,0.0028,無,0,無,0,無,0
SCK-4100,OR,1,N,1.04,81.34,77.52,-3.82,21,31.41,10.41,17.01,16.36,-0.65,27.02,35.41,39.01,27.51,8.28,1353,0.075,1142,0.009,1580,0.001,無,0,無,0,無,0
SCK-4100,OR,1,N,1.04,81.34,79.66,-1.68,21,25.91,4.91,17.01,18.01,1,27.02,31.55,39.01,34.81,3.41,1353,0.06,1142,0.0115,1580,0.0012,無,0,無,0,無,0
SCK-4100,OR,1,N,1.04,81.34,78.87,-2.46,21,25.86,4.86,17.01,20.06,3.05,27.02,32.73,39.01,37.81,3.19,1353,0.06,1142,0.014,1580,0.0014,無,0,無,0,無,0
SCK-4100,OR,1,N,1.04,81.34,80.47,-0.87,21,22.64,1.64,17.01,19.25,2.24,27.02,29.72,39.01,40.37,1.63,1353,0.05,1142,0.012,1580,0.0015,無,0,無,0,無,0
SCK-4100,OR,1,N,1.04,81.34,80.65,-0.69,21,18.24,-2.76,17.01,19.79,2.78,27.02,26.91,39.01,47.34,4.36,1353,0.05,1142,0.014,1580,0.003,無,0,無,0,無,0
SCK-4100,OR,1,N,1.04,81.34,81.5,0.16,21,18.97,-2.03,17.01,19.06,2.06,27.02,26.89,39.01,45.14,3.2,1353,0.048,1142,0.0115,1580,0.002,無,0,無,0,無,0
SCK-4100,OR,1,N,1.04,81.34,80.6,-0.73,21,19.12,-1.88,17.01,17.07,0.06,27.02,25.63,39.01,41.76,1.61,1353,0.048,1142,0.011,1580,0.003,無,0,無,0,無,0
SCK-4100,OR,1,N,1.04,81.34,80.45,-0.88,21,20.05,-0.95,17.01,16.76,-0.24,27.02,26.13,39.01,39.9,0.73,1353,0.0515,1142,0.0105,1580,0.0028,無,0,無,0,無,0
SCK-4100,OR,1,N,1.04,81.34,80.25,-1.09,21,21.29,0.3,17.01,17.2,0.19,27.02,27.37,39.01,38.92,0.44,1353,0.054,1142,0.0113,1580,0.0028,無,0,無,0,無,0
SW-8945C0,OL,6,Y,1.04,27.13,27.55,0.42,-1.42,-2.46,-1.04,7.28,6.64,-0.64,7.42,7.08,101.04,110.3,1.57,1578,1,1191,0.6,1722,0.6,1391,0.18,無,0,無,0
SW-8945C0,OL,6,Y,1.04,27.13,25.85,-1.29,-1.42,-1.81,-0.39,7.28,7.62,0.34,7.42,7.83,101.04,103.34,1.02,1578,0.96,1191,0.625,1722,0.62,1391,0.2,無,0,無,0
SW-8945C0,OL,6,Y,1.04,27.13,26.13,-1,-1.42,-1.68,-0.26,7.28,7.73,0.45,7.42,7.91,101.04,102.24,0.83,1578,0.98,1191,0.65,1722,0.64,1391,0.22,無,0,無,0
SW-8945C0,OL,6,Y,1.04,27.13,26.35,-0.78,-1.42,-1.57,-0.15,7.28,7.11,-0.17,7.42,7.28,101.04,102.47,0.58,1578,0.93,1722,0.61,1191,0.603,1391,0.21,無,0,無,0
SW-8945C0,OL,6,Y,1.04,27.13,27.1,-0.03,-1.42,-1.69,-0.27,7.28,7.69,0.41,7.42,7.87,101.04,102.4,0.49,1578,0.88,1722,0.576,1191,0.57,1391,0.2,無,0,無,0
SW-8945C0,OL,6,Y,1.04,27.13,27.12,-0.01,-1.42,-1.61,-0.19,7.28,7.66,0.38,7.42,7.83,101.04,101.89,0.41,1578,0.88,1722,0.576,1191,0.57,1391,0.2,無,0,無,0
SW-80082C0,OR,4,Y,1.04,56.98,56.29,-0.69,55.01,54.09,-0.92,51.14,49.65,-1.48,75.1,73.42,42.91,42.55,0.71,1360,0.66,1142,0.53,1082,0.15,無,0,無,0,無,0
SW-80082C0,OR,4,Y,1.04,56.98,56.13,-0.86,55.01,54.05,-0.96,51.14,49.68,-1.46,75.1,73.41,42.91,42.59,0.74,1360,0.65,1142,0.5,1082,0.16,無,0,無,0,無,0
SW-80082C0,OR,4,Y,1.04,56.98,56.29,-0.69,55.01,55.4,0.39,51.14,52.87,1.74,75.1,76.58,42.91,43.66,0.93,1142,0.55,1360,0.46,1353,0.2,1082,0.175,無,0,無,0
SW-80082C0,OR,4,Y,1.04,56.98,56.44,-0.55,55.01,55.55,0.55,51.14,51.97,0.84,75.1,76.08,42.91,43.09,0.43,1142,0.55,1360,0.46,1353,0.25,1082,0.2,無,0,無,0
SW-80082C0,OR,4,Y,1.04,56.98,58.2,1.22,55.01,55.14,0.13,51.14,52.85,1.72,75.1,76.38,42.91,43.79,1.09,1142,0.53,1360,0.5,1082,0.15,無,0,無,0,無,0
SW-80082C0,OR,4,Y,1.04,56.98,58.72,1.73,55.01,52.09,-2.92,51.14,51.97,0.83,75.1,73.58,42.91,44.93,2.13,1142,0.53,1360,0.5,1082,0.15,1021,0.1,無,0,無,0
SW-80082C0,OR,4,Y,1.04,56.98,57.41,0.42,55.01,53.98,-1.03,51.14,50.68,-0.45,75.1,74.05,42.91,43.2,0.48,1142,0.53,1360,0.5,1082,0.15,1353,0.15,無,0,無,0
SW-80082C0,OR,4,Y,1.04,56.98,57.11,0.13,55.01,54.62,-0.39,51.14,52.55,1.41,75.1,75.79,42.91,43.89,0.98,1360,0.58,1142,0.53,1082,0.16,無,0,無,0,無,0
SW-80082C0,OR,4,Y,1.04,56.98,57.53,0.54,55.01,53.94,-1.07,51.14,52.48,1.35,75.1,75.26,42.91,44.21,1.28,1360,0.56,1142,0.53,1082,0.16,無,0,無,0,無,0
SW-80082C0,OR,4,Y,1.04,56.98,57.14,0.15,55.01,56.45,1.44,51.14,52.58,1.44,75.1,77.14,42.91,42.97,0.67,1360,0.57,1142,0.49,1082,0.38,無,0,無,0,無,0
SW-80082C0,OR,4,Y,1.04,56.98,56.43,-0.55,55.01,54.28,-0.73,51.14,50.36,-0.77,75.1,74.04,42.91,42.86,0.42,1360,0.6,1142,0.5,1082,0.16,無,0,無,0,無,0
SW-80082C0,OR,4,Y,1.04,56.98,56.21,-0.77,55.01,54.13,-0.88,51.14,49.82,-1.32,75.1,73.56,42.91,42.63,0.66,1360,0.58,1142,0.475,1082,0.152,無,0,無,0,無,0
SW-80082C0,OR,4,Y,1.04,56.98,56.47,-0.51,55.01,55.33,0.32,51.14,51.69,0.55,75.1,75.72,42.91,43.05,0.33,1142,0.53,1360,0.46,1353,0.25,1082,0.2,無,0,無,0
SW-80082C0,GR,2,Y,1.04,65.82,66.17,0.35,-19.55,-20.41,-0.86,-4.97,-6.91,-1.95,20.17,21.55,194.25,198.72,1.54,1585,0.225,1565,0.068,1142,0.0148,無,0,無,0,無,0
SW-80082C0,GR,2,Y,1.04,65.82,65.97,0.16,-19.55,-20.76,-1.21,-4.97,-4.86,0.1,20.17,21.32,194.25,193.19,0.76,1585,0.18,1565,0.06,1142,0.015,無,0,無,0,無,0
SW-80082C0,GR,2,Y,1.04,65.82,64.48,-1.33,-19.55,-19.82,-0.27,-4.97,-5.67,-0.7,20.17,20.62,194.25,195.95,0.77,1585,0.2,1565,0.08,1142,0.017,無,0,無,0,無,0
SW-80082C0,GR,2,Y,1.04,65.82,64.33,-1.49,-19.55,-19.17,0.38,-4.97,-4.85,0.11,20.17,19.77,194.25,194.21,0.64,1585,0.2,1565,0.09,1142,0.019,無,0,無,0,無,0
SW-80082C0,GR,2,Y,1.04,65.82,64.29,-1.53,-19.55,-20.65,-1.1,-4.97,-5.17,-0.21,20.17,21.28,194.25,194.06,0.91,1585,0.198,1565,0.076,1142,0.017,無,0,無,0,無,0
SW-80082C0,GR,2,Y,1.04,65.82,65.27,-0.55,-19.55,-21.09,-1.54,-4.97,-5.54,-0.57,20.17,21.81,194.25,194.72,1.02,1585,0.21,1565,0.06,1142,0.015,無,0,無,0,無,0
SW-80082C0,GR,2,Y,1.04,65.82,65.67,-0.15,-19.55,-20.25,-0.7,-4.97,-5.78,-0.82,20.17,21.06,194.25,195.94,0.72,1585,0.195,1565,0.06,1142,0.014,無,0,無,0,無,0
SW-80082C0,GR,2,Y,1.04,65.82,66,0.18,-19.55,-20.04,-0.49,-4.97,-5.38,-0.41,20.17,20.74,194.25,195.02,0.41,1585,0.18,1565,0.06,1142,0.014,無,0,無,0,無,0
SW-80082C0,GR,2,Y,1.04,65.82,66.21,0.4,-19.55,-19.88,-0.33,-4.97,-6.07,-1.1,20.17,20.79,194.25,196.98,0.87,1585,0.185,1565,0.06,1142,0.013,無,0,無,0,無,0
SW-80082C0,GR,2,Y,1.04,65.82,65.75,-0.07,-19.55,-20.07,-0.52,-4.97,-5.72,-0.75,20.17,20.87,194.25,195.91,0.63,1585,0.18,1565,0.06,1142,0.0145,無,0,無,0,無,0
SW-80082C0,GR,2,Y,1.04,65.82,65.9,0.09,-19.55,-19.94,-0.39,-4.97,-5,-0.04,20.17,20.56,194.25,194.09,0.24,1585,0.171,1565,0.063,1142,0.0147,無,0,無,0,無,0
SW-80082C0,OL,4,Y,1.04,34.69,33.76,-0.94,-2.24,-2.43,-0.19,7.33,6.98,-0.36,7.67,7.39,107,109.19,0.69,1576,0.745,1142,0.26,1722,0.23,1391,0.091,無,0,無,0
SW-80082C0,OL,4,Y,1.04,34.69,34.33,-0.37,-2.24,-2.37,-0.12,7.33,7.59,0.26,7.67,7.95,107,107.31,0.34,1576,0.72,1142,0.26,1722,0.23,1391,0.091,無,0,無,0
SW-80082C0,OL,4,Y,1.04,34.69,34.51,-0.19,-2.24,-2.35,-0.11,7.33,7.43,0.1,7.67,7.79,107,107.58,0.18,1576,0.72,1142,0.26,1722,0.23,1391,0.091,無,0,無,0
SCK-3806S,BL,2,N,1.04,54.65,54.65,-0.01,-2.22,-1.73,0.49,-5.73,-5.54,0.19,6.15,5.8,248.84,252.65,0.61,1534,0.426,1381,0.22,1183,0.1,無,0,無,0,無,0
SCK-3806S,BL,2,N,1.04,54.65,55.45,0.8,-2.22,-1.77,0.45,-5.73,-5.57,0.16,6.15,5.84,248.84,252.39,0.66,1534,0.41,1381,0.21,1183,0.095,無,0,無,0,無,0
SCK-3806S,BL,2,N,1.04,54.65,55.5,0.85,-2.22,-3.01,-0.79,-5.73,-5.41,0.32,6.15,6.19,248.84,240.89,1.15,1534,0.43,1381,0.21,1183,0.1,無,0,無,0,無,0
SCK-3806S,BL,2,N,1.04,54.65,55.32,0.67,-2.22,-3.7,-1.48,-5.73,-5.66,0.08,6.15,6.76,248.84,236.79,1.85,1534,0.44,1381,0.2,1183,0.1,無,0,無,0,無,0
SCK-3806S,BL,2,N,1.04,54.65,54.53,-0.12,-2.22,-2.19,0.03,-5.73,-6.06,-0.32,6.15,6.44,248.84,250.09,0.35,1534,0.43,1381,0.22,1183,0.096,無,0,無,0,無,0
SCK-3806S,BL,2,N,1.04,54.65,54.88,0.23,-2.22,-2.21,0.01,-5.73,-6.06,-0.33,6.15,6.45,248.84,249.99,0.35,1534,0.43,1381,0.22,1183,0.096,無,0,無,0,無,0
SCK-3806S,YE,3,N,1.04,61.08,60.25,-0.83,10.94,12.12,1.18,60.87,60.98,0.11,61.84,62.17,79.81,78.75,0.85,1191,0.95,1142,0.25,1391,0.089,1565,0.0175,無,0,無,0
SCK-3806S,YE,3,N,1.04,61.08,61.8,0.72,10.94,10.55,-0.39,60.87,60.94,0.07,61.84,61.85,79.81,80.18,0.4,1191,0.9,1142,0.238,1391,0.085,1565,0.017,無,0,無,0
SCK-3806S,YE,3,N,1.04,61.08,61.19,0.11,10.94,11.27,0.33,60.87,60.96,0.1,61.84,62,79.81,79.52,0.22,1191,0.92,1142,0.24,1391,0.087,1565,0.017,無,0,無,0
SCK-3806S,YE,3,N,1.04,61.08,61.35,0.27,10.94,11.24,0.3,60.87,61.01,0.14,61.84,62.04,79.81,79.56,0.22,1191,0.92,1142,0.24,1391,0.087,1565,0.017,無,0,無,0
SW-8829C0,GR,4,Y,0.69,32.35,32.33,-0.02,-8.91,-9.1,-0.19,2.74,1.96,-0.78,9.32,9.31,162.93,167.85,0.89,1576,0.95,1567,0.404,1191,0.4,1722,0.24,無,0,無,0
SW-8829C0,GR,4,Y,0.69,32.35,32,-0.35,-8.91,-9.04,-0.12,2.74,3.01,0.27,9.32,9.52,162.93,161.57,0.37,1576,0.94,1191,0.42,1567,0.404,1722,0.25,無,0,無,0
SW-8829C0,GR,4,Y,0.69,32.35,32.45,0.1,-8.91,-9.04,-0.13,2.74,2.87,0.14,9.32,9.49,162.93,162.38,0.18,1576,0.94,1191,0.42,1567,0.404,1722,0.25,無,0,無,0
SW-8829C0,CO,5,Y,0.69,23.87,23.47,-0.4,3.53,2.52,-1.01,5.43,4.36,-1.07,6.48,5.04,56.93,59.94,1.53,1578,0.97,1191,0.762,1430,0.62,1722,0.615,無,0,無,0
SW-8829C0,CO,5,Y,0.69,23.87,23.5,-0.37,3.53,3.3,-0.23,5.43,4.51,-0.91,6.48,5.59,56.93,53.83,1.07,1578,0.94,1191,0.78,1430,0.68,1722,0.63,無,0,無,0
SW-8829C0,CO,5,Y,0.69,23.87,23.93,0.06,3.53,3.49,-0.05,5.43,5.02,-0.4,6.48,6.11,56.93,55.22,0.48,1578,0.9,1191,0.77,1430,0.66,1722,0.62,無,0,無,0
SW-8829C0,CO,5,Y,0.69,23.87,24.01,0.14,3.53,3.53,0,5.43,5.34,-0.09,6.48,6.4,56.93,56.54,0.15,1578,0.89,1191,0.785,1430,0.66,1722,0.63,無,0,無,0
SW-8829C0,CO,5,Y,0.69,23.87,23.81,-0.06,3.53,3.66,0.13,5.43,5.54,0.11,6.48,6.64,56.93,56.56,0.18,1578,0.89,1191,0.79,1430,0.67,1722,0.63,無,0,無,0
SCK-4186EM,TQ,5,N,1.04,44.41,44.22,-0.19,3.21,3.38,0.17,-41.79,-41.78,0.01,,41.91,,274.63,0.16,1585,1.1,1681,0.27,1567,0.26,無,0,無,0,無,0
SCK-4186EM,TQ,5,N,1.04,44.41,44.38,-0.03,3.21,3.27,0.06,-41.79,-41.73,0.06,,41.86,,274.48,0.05,1585,1.05,1681,0.29,1567,0.26,無,0,無,0,無,0
SK-1216C0,GR,4,N,0.83,38.67,37.45,-1.22,-12.72,-12.8,-0.08,-0.4,-1.51,-1.11,,12.88,,186.73,1.26,1567,0.425,1191,0.35,1568,0.305,1391,0.288,無,0,無,0
SK-1216C0,GR,4,N,0.83,38.67,38.78,0.12,-12.72,-12.61,0.1,-0.4,-0.39,0.01,,12.62,,181.76,0.1,1567,0.36,1191,0.34,1568,0.3,1391,0.275,無,0,無,0
SK-1216C0,GR,4,N,0.83,38.67,39.99,1.32,-12.72,-12.83,-0.11,-0.4,-0.18,0.22,,12.83,,180.82,0.74,1567,0.32,1191,0.31,1568,0.27,1391,0.245,無,0,無,0
SK-1216C0,GR,4,N,0.83,38.67,38.81,0.14,-12.72,-12.75,-0.04,-0.4,-0.28,0.12,,12.76,,181.27,0.14,1567,0.36,1191,0.34,1568,0.3,1391,0.27,無,0,無,0
SK-1216C0,GR,4,N,0.83,38.67,38.8,0.14,-12.72,-12.7,0.02,-0.4,-0.34,0.06,,12.7,,181.55,0.09,1567,0.36,1191,0.34,1568,0.3,1391,0.27,無,0,無,0
SK-548C0,BK,7,N,1.25,15.03,14.42,-0.61,0.1,0.13,0.03,-1.95,-1.77,0.18,1.95,1.77,272.93,274.08,0.65,1862,3.4,1863,1.1,1391,0.23,1191,0.04,無,0,無,0
SK-548C0,BK,7,N,1.25,15.03,15.29,0.25,0.1,0.04,-0.06,-1.95,-2.24,-0.29,1.95,2.24,272.93,271,0.46,1862,3.3,1863,0.4,1391,0.3,1191,0.065,無,0,無,0
SK-548C0,BK,7,N,1.25,15.03,15.01,-0.03,0.1,0,-0.1,-1.95,-2.21,-0.26,1.95,2.21,272.93,270.12,0.37,1862,3.3,1391,0.4,1863,0.35,1191,0.13,無,0,無,0
SK-548C0,BK,7,N,1.25,15.03,14.58,-0.45,0.1,0.04,-0.06,-1.95,-2.09,-0.14,1.95,2.09,272.93,271,0.48,1862,3.23,1863,1.045,1391,0.22,1191,0.038,無,0,無,0
SK-548C0,BK,7,N,1.25,15.03,14.49,-0.54,0.1,0.03,-0.07,-1.95,-2.06,-0.11,1.95,2.06,272.93,270.95,0.56,1862,3.3,1863,0.95,1391,0.23,1191,0.038,無,0,無,0
SK-548C0,BK,7,N,1.25,15.03,14.79,-0.24,0.1,-0.02,-0.12,-1.95,-2.24,-0.29,1.95,2.24,272.93,269.53,0.48,1862,3.3,1863,0.8,1391,0.23,1191,0.04,無,0,無,0
SK-548C0,BK,7,N,1.25,15.03,14.93,-0.1,0.1,0.04,-0.06,-1.95,-2.32,-0.37,1.95,2.32,272.93,270.9,0.5,1862,3.3,1863,0.7,1391,0.25,1191,0.043,無,0,無,0
SK-548C0,BK,7,N,1.25,15.03,15.07,0.04,0.1,0.05,-0.05,-1.95,-2.22,-0.27,1.95,2.22,272.93,271.34,0.36,1862,3.3,1863,0.7,1391,0.25,1191,0.046,無,0,無,0
SK-548C0,BK,7,N,1.25,15.03,15.09,0.05,0.1,-0.04,-0.14,-1.95,-2.36,-0.41,1.95,2.36,272.93,268.93,0.58,1862,3.3,1863,0.65,1391,0.26,1191,0.05,無,0,無,0
SK-548C0,BK,7,N,1.25,15.03,15.16,0.12,0.1,-0.12,-0.22,-1.95,-2.31,-0.36,1.95,2.32,272.93,266.99,0.58,1862,3.3,1863,0.6,1391,0.26,1191,0.055,無,0,無,0
SK-548C0,BK,7,N,1.25,15.03,15.12,0.09,0.1,-0.01,-0.11,-1.95,-2.29,-0.34,1.95,2.29,272.93,269.82,0.47,1862,3.3,1863,0.5,1391,0.28,1191,0.06,無,0,無,0
SK-548C0,BK,7,N,1.25,15.03,15.52,0.49,0.1,0.28,0.18,-1.95,-1.94,0.01,1.95,1.96,272.93,278.23,0.54,1862,3.3,1391,0.4,1863,0.35,1191,0.13,無,0,無,0
SK-548C0,RE,7,N,1.25,34.16,33.46,-0.7,49.89,50.06,0.16,25.27,25.74,0.47,55.93,56.28,26.86,27.21,0.48,1384,3,1142,0.63,1430,0.4,1350,0.35,無,0,無,0
SK-548C0,RE,7,N,1.25,34.16,34.13,-0.03,49.89,50.22,0.32,25.27,25.71,0.44,55.93,56.41,26.86,27.11,0.25,1384,2.85,1142,0.6,1430,0.38,1350,0.33,無,0,無,0
SK-548C0,RE,7,N,1.25,34.16,34.45,0.29,49.89,50.26,0.37,25.27,25.24,-0.02,55.93,56.24,26.86,26.67,0.24,1384,2.8,1142,0.57,1430,0.38,1350,0.33,無,0,無,0
SK-548C0,RE,7,N,1.25,34.16,34.42,0.26,49.89,50.3,0.41,25.27,25.29,0.03,55.93,56.3,26.86,26.7,0.23,1384,2.8,1142,0.57,1430,0.38,1350,0.33,無,0,無,0
SK-548C0,RE,7,N,1.25,39.15,37.78,-1.38,56.71,57.14,0.43,28.19,29.32,1.13,63.33,64.22,26.43,27.16,0.94,1384,2.55,1353,2.1,1142,0.21,1430,0.036,無,0,無,0
SK-548C0,RE,7,N,1.25,39.15,38.33,-0.82,56.71,57.15,0.43,28.19,28.86,0.67,63.33,64.02,26.43,26.8,0.56,1384,2.42,1353,2,1142,0.2,1430,0.034,無,0,無,0
SK-548C0,RE,7,N,1.25,39.15,39.42,0.27,56.71,57.48,0.76,28.19,28.59,0.4,63.33,64.2,26.43,26.45,0.33,1384,2.3,1353,1.9,1142,0.19,1430,0.032,無,0,無,0
SK-548C0,RE,7,N,1.25,39.15,39.99,0.84,56.71,57.79,1.07,28.19,27.92,-0.27,63.33,64.18,26.43,25.79,0.7,1384,2.18,1353,1.75,1142,0.17,1430,0.031,無,0,無,0
SK-548C0,RE,7,N,1.25,39.15,39.33,0.18,56.71,57.35,0.63,28.19,28.3,0.11,63.33,63.95,26.43,26.27,0.26,1384,2.3,1353,1.9,1142,0.19,1430,0.035,無,0,無,0
SK-548C0,RE,7,N,1.25,39.15,39.27,0.12,56.71,57.32,0.6,28.19,28.25,0.06,63.33,63.9,26.43,26.24,0.25,1384,2.3,1353,1.9,1142,0.19,1430,0.035,無,0,無,0
SW-8912C0,BR,2,Y,0.69,65.41,65.49,0.07,2.4,2.33,-0.08,11.88,11.93,0.05,,12.16,,78.97,0.13,1391,0.057,1142,0.05,1565,0.05,無,0,無,0,無,0
SW-8912C0,BR,2,Y,0.69,65.41,65.33,-0.08,2.4,2.6,0.2,11.88,11.8,-0.08,,12.08,,77.57,0.3,1391,0.057,1142,0.05,1565,0.05,無,0,無,0,無,0
SCK-3230,GY,2,N,1.67,58.3,58.6,0.29,-2.62,-1.97,0.64,-5.86,-5.49,0.37,,5.83,,250.21,0.82,1510,0.185,1310,0.155,1111,0.11,無,0,無,0,無,0
SCK-3230,GY,2,N,1.67,58.3,58.26,-0.04,-2.62,-2.78,-0.16,-5.86,-5.54,0.32,,6.2,,243.38,0.42,1510,0.195,1310,0.15,1111,0.112,無,0,無,0,無,0
SCK-3230,GY,2,N,1.67,58.3,58.18,-0.13,-2.62,-3.5,-0.89,-5.86,-5.46,0.4,,6.49,,237.34,1.23,1510,0.2,1310,0.145,1111,0.114,無,0,無,0,無,0
SCK-3230,GY,2,N,1.67,58.3,58.74,0.44,-2.62,-2.77,-0.15,-5.86,-5.7,0.16,,6.33,,244.11,0.33,1510,0.195,1310,0.15,1111,0.11,無,0,無,0,無,0
SCK-3230,GY,2,N,1.67,58.3,58.57,0.26,-2.62,-2.63,-0.01,-5.86,-6.26,-0.4,,6.79,,247.25,0.43,1510,0.195,1310,0.15,1111,0.107,無,0,無,0,無,0
SCK-3230,GY,2,N,1.67,58.3,58.38,0.07,-2.62,-2.52,0.1,-5.86,-5.89,-0.03,,6.4,,246.84,0.13,1510,0.195,1310,0.15,1111,0.108,無,0,無,0,無,0
SCK-3230,GY,2,N,1.67,58.3,58.36,0.05,-2.62,-2.54,0.07,-5.86,-5.84,0.02,,6.37,,246.48,0.09,1510,0.195,1310,0.148,1111,0.108,無,0,無,0,無,0
SCK-1002,BK,6,N,0.52,17.65,16.3,-1.35,0.59,-0.25,-0.84,-0.43,-0.5,-0.07,0.73,0.56,323.83,243,1.74,1862,2.1,1391,0.65,1142,0.37,無,0,無,0,無,0
SCK-1002,BK,6,N,0.52,17.65,15.65,-2,0.59,0.82,0.24,-0.43,-0.62,-0.19,0.73,1.03,323.83,322.94,1.86,1862,2,1391,0.8,1142,0.37,無,0,無,0,無,0
SCK-1002,BK,6,N,0.52,17.65,16.2,-1.44,0.59,0.9,0.31,-0.43,0.06,0.49,0.73,0.9,323.83,4.08,1.56,1862,1.9,1391,0.8,1142,0.4,無,0,無,0,無,0
SCK-1002,BK,6,N,0.52,17.65,17.22,-0.43,0.59,0.61,0.02,-0.43,-0.34,0.08,0.73,0.7,323.83,330.38,0.41,1862,1.9,1391,0.75,1142,0.37,無,0,無,0,無,0
SCK-1002,BK,6,N,0.52,17.65,16.93,-0.72,0.59,0.4,-0.19,-0.43,-0.58,-0.15,0.73,0.7,323.83,304.8,0.74,1862,1.9,1391,0.7,1142,0.35,無,0,無,0,無,0
SCK-1002,BK,6,N,0.52,17.65,17.01,-0.64,0.59,0.65,0.06,-0.43,-0.32,0.1,0.73,0.73,323.83,333.53,0.6,1862,2,1391,0.75,1142,0.35,無,0,無,0,無,0
SCK-1002,BK,6,N,0.52,17.65,16.99,-0.66,0.59,0.67,0.08,-0.43,-0.34,0.09,0.73,0.75,323.83,332.98,0.63,1862,2,1391,0.73,1142,0.35,無,0,無,0,無,0
SW-8947C0,WH,0,Y,0.69,95.06,97.11,2.05,3.78,0.7,-3.07,-14.84,-2.02,12.82,,2.14,,289.16,9.12,1042,0.03,無,0,無,0,無,0,無,0,無,0
SW-8947C0,WH,0,Y,0.69,95.06,96.85,1.79,3.78,2.06,-1.72,-14.84,-8.14,6.7,,8.39,,284.19,4.81,1053,0.05,1042,0.03,無,0,無,0,無,0,無,0
SW-8947C0,WH,0,Y,0.69,95.06,96.68,1.62,3.78,2.25,-1.53,-14.84,-8.55,6.3,,8.84,,284.72,4.5,1053,0.065,1042,0.036,無,0,無,0,無,0,無,0
SW-8947C0,WH,0,Y,0.69,95.06,95.11,0.05,3.78,4.14,0.37,-14.84,-17.9,-3.06,,18.37,,283.03,2.15,1053,0.3,1042,0.12,無,0,無,0,無,0,無,0
SW-8947C0,WH,0,Y,0.69,95.06,95.32,0.26,3.78,3.99,0.22,-14.84,-16.7,-1.86,,17.18,,283.44,1.31,1053,0.27,1042,0.11,無,0,無,0,無,0,無,0
SW-8947C0,WH,0,Y,0.69,95.06,95.4,0.34,3.78,3.99,0.22,-14.84,-16.65,-1.81,,17.12,,283.48,1.28,1053,0.25,1042,0.1,無,0,無,0,無,0,無,0
SW-8947C0,WH,0,Y,0.69,95.06,95.73,0.67,3.78,3.54,-0.24,-14.84,-14.75,0.09,,15.17,,283.49,0.35,1053,0.2,1042,0.085,無,0,無,0,無,0,無,0
SW-8947C0,WH,0,Y,0.69,95.06,95.72,0.66,3.78,3.63,-0.15,-14.84,-14.91,-0.07,,15.35,,283.68,0.3,1053,0.2,1042,0.1,無,0,無,0,無,0,無,0
SW-8947C0,WH,0,Y,0.69,95.06,95.72,0.66,3.78,3.63,-0.15,-14.84,-14.91,-0.07,,15.35,,283.68,0.3,1053,0.19,1042,0.1,無,0,無,0,無,0,無,0
SW-8947C0,NB,5,Y,0.69,20.21,20.01,-0.2,-0.06,-0.18,-0.13,-8.11,-7.99,0.12,,7.99,,268.68,0.26,1578,1.1,1862,1.1,1391,0.42,1191,0.13,無,0,無,0
SW-8947C0,NB,5,Y,0.69,20.21,20.13,-0.08,-0.06,-0.19,-0.13,-8.11,-8.08,0.02,,8.09,,268.65,0.19,1578,1.1,1862,1.1,1391,0.42,1191,0.13,無,0,無,0
SCK-3928,WH,0,N,1.04,94.92,94.73,-0.19,3.72,4.03,0.31,-14.57,-15.31,-0.74,,15.83,,284.75,0.57,1053,0.22,1042,0.15,無,0,無,0,無,0,無,0
SCK-3928,WH,0,N,1.04,94.92,95.04,0.12,3.72,4.04,0.32,-14.57,-15.32,-0.75,,15.85,,284.76,0.58,1053,0.21,1042,0.14,無,0,無,0,無,0,無,0
SCK-3928,WH,0,N,1.04,94.92,94.94,0.02,3.72,4.01,0.29,-14.57,-15.1,-0.53,,15.62,,284.86,0.44,1053,0.2,1042,0.14,無,0,無,0,無,0,無,0
SCK-3928,WH,0,N,1.04,94.92,94.86,-0.06,3.72,3.91,0.19,-14.57,-14.73,-0.16,,15.24,,284.87,0.22,1053,0.19,1042,0.14,無,0,無,0,無,0,無,0
SCK-3928,WH,0,N,1.04,94.92,94.9,-0.02,3.72,3.91,0.19,-14.57,-14.74,-0.16,,15.24,,284.86,0.22,1053,0.18,1042,0.14,無,0,無,0,無,0,無,0
SCK-3928,GR,4,N,1.04,43.4,41.96,-1.44,-11.56,-11.8,-0.24,-6.11,-6.03,0.08,,13.25,,207.08,0.75,1565,0.46,1588,0.333,1391,0.157,1142,0.118,無,0,無,0
SCK-3928,GR,4,N,1.04,43.4,42.21,-1.19,-11.56,-11.79,-0.23,-6.11,-5.89,0.22,,13.18,,206.56,0.67,1565,0.437,1588,0.316,1391,0.149,1142,0.112,無,0,無,0
SCK-3928,GR,4,N,1.04,43.4,44.26,0.86,-11.56,-11.49,0.07,-6.11,-6.11,0.01,,13.01,,208,0.43,1565,0.395,1588,0.285,1391,0.136,1142,0.1,無,0,無,0
SCK-3928,GR,4,N,1.04,43.4,44.37,0.96,-11.56,-11.5,0.06,-6.11,-6.11,0,,13.02,,208.01,0.48,1565,0.4,1588,0.285,1391,0.13,1142,0.1,無,0,無,0
SCK-3928,GR,4,N,1.04,43.4,43.1,-0.3,-11.56,-11.92,-0.36,-6.11,-6.28,-0.17,,13.48,,207.8,0.33,1565,0.42,1588,0.3,1391,0.14,1142,0.105,無,0,無,0
SCK-3928,GR,4,N,1.04,43.4,43.35,-0.05,-11.56,-11.7,-0.14,-6.11,-6.29,-0.18,,13.28,,208.27,0.18,1565,0.415,1588,0.3,1391,0.14,1142,0.105,無,0,無,0
SCK-3928,GR,4,N,1.04,43.4,43.35,-0.06,-11.56,-11.66,-0.1,-6.11,-6.33,-0.21,,13.26,,208.5,0.2,1565,0.415,1588,0.3,1391,0.14,1142,0.105,無,0,無,0
SW-8965C6,PU,5,Y,0.69,31.34,31.22,-0.12,37.83,37.72,-0.11,-15.95,-16.37,-0.42,,41.12,,336.53,0.27,1374,2,1430,0.65,1580,0.085,1640,0.07,無,0,無,0
SW-8965C6,PU,5,Y,0.69,31.34,30.9,-0.45,37.83,37.7,-0.14,-15.95,-16.27,-0.32,,41.06,,336.65,0.34,1374,2,1430,0.65,1580,0.08,1640,0.07,無,0,無,0
SW-8965C6,PU,5,Y,0.69,31.34,31.2,-0.15,37.83,38.13,0.3,-15.95,-15.79,0.16,,41.27,,337.5,0.2,1374,2,1430,0.65,1580,0.075,1640,0.075,無,0,無,0
SW-8965C6,PU,5,Y,0.69,31.34,31.16,-0.19,37.83,38.16,0.33,-15.95,-15.95,0,,41.36,,337.32,0.19,1374,2,1430,0.65,1580,0.075,1640,0.075,無,0,無,0
KF-756,PU,4,N,1.04,40.75,40.28,-0.47,20.38,20.48,0.1,-1.22,-0.39,0.83,,20.49,,358.91,0.75,1362,0.93,1565,0.305,1191,0.148,1391,0.001,無,0,無,0
KF-756,PU,4,N,1.04,40.75,40.63,-0.12,20.38,20.33,-0.05,-1.22,-0.9,0.32,,20.35,,357.47,0.28,1362,0.915,1565,0.305,1191,0.14,1391,0.001,無,0,無,0
KF-756,PU,4,N,1.04,40.75,41.04,0.29,20.38,20.35,-0.03,-1.22,-1,0.22,,20.37,,357.17,0.24,1362,0.896,1565,0.3,1191,0.137,1391,0.001,無,0,無,0
KF-756,PU,4,N,1.04,40.75,40.74,-0.01,20.38,20.31,-0.07,-1.22,-0.98,0.24,,20.34,,357.23,0.2,1362,0.915,1565,0.305,1191,0.135,1391,0.001,無,0,無,0
KF-756,PU,4,N,1.04,40.75,40.76,0.01,20.38,20.5,0.12,-1.22,-1.55,-0.33,,20.56,,355.67,0.29,1362,0.915,1565,0.305,1191,0.13,1391,0.001,無,0,無,0
KF-756,PU,4,N,1.04,40.75,40.76,0.01,20.38,20.5,0.12,-1.22,-1.55,-0.33,,20.56,,355.67,0.29,1362,0.915,1565,0.305,1191,0.13,1391,0.001,無,0,無,0
SW-80660C0,RE,7,Y,1.04,31.29,31.61,0.32,40.15,39.51,-0.65,17.53,17.61,0.08,43.81,43.25,23.58,24.03,0.39,1384,2.8,1391,0.9,1191,0.55,1565,0.085,無,0,無,0
SW-80660C0,RE,7,Y,1.04,31.29,31.47,0.18,40.15,39.96,-0.19,17.53,17.4,-0.12,43.81,43.59,23.58,23.53,0.14,1384,2.9,1391,0.9,1191,0.525,1565,0.081,無,0,無,0
SW-80660C0,RE,7,Y,1.04,31.29,31.4,0.11,40.15,40.02,-0.13,17.53,17.63,0.11,43.81,43.74,23.58,23.78,0.13,1384,2.8,1391,0.95,1191,0.53,1565,0.082,無,0,無,0
SW-80660C0,RE,7,Y,1.04,31.29,31.42,0.13,40.15,40.04,-0.12,17.53,17.67,0.15,43.81,43.76,23.58,23.82,0.15,1384,2.8,1391,0.95,1191,0.53,1565,0.082,無,0,無,0
SW-80660C0,RE,6,Y,1.04,29.02,28.7,-0.32,28.18,27.32,-0.86,16.59,17.27,0.69,32.7,32.33,30.48,32.3,0.97,1362,2.1,1384,1.2,1191,1.1,1576,0.32,無,0,無,0
SW-80660C0,RE,6,Y,1.04,29.02,29.01,-0.01,28.18,28.62,0.44,16.59,17.24,0.66,32.7,33.42,30.48,31.06,0.46,1362,2.1,1384,1.2,1191,1,1576,0.29,無,0,無,0
SW-80660C0,RE,6,Y,1.04,29.02,28.81,-0.2,28.18,28.46,0.28,16.59,16.44,-0.14,32.7,32.87,30.48,30.01,0.28,1362,2.1,1384,1.35,1191,0.95,1576,0.3,無,0,無,0
SW-80660C0,RE,6,Y,1.04,29.02,28.81,-0.2,28.18,28.47,0.29,16.59,16.56,-0.02,32.7,32.94,30.48,30.19,0.23,1362,2.1,1384,1.35,1191,0.95,1576,0.3,無,0,無,0
SW-80660C0,GY,5,Y,1.04,33.24,34.1,0.86,-1.21,-4.39,-3.18,-0.33,-5.82,-5.49,1.26,7.29,195.06,232.96,8.88,1576,0.85,1201,0.2,1191,0.19,1391,0.18,無,0,無,0
SW-80660C0,GY,5,Y,1.04,33.24,32.05,-1.19,-1.21,-0.43,0.78,-0.33,-0.12,0.21,1.26,0.45,195.06,194.9,1.32,1576,0.78,1191,0.228,1430,0.2,1201,0.19,無,0,無,0
SW-80660C0,GY,5,Y,1.04,33.24,32.46,-0.78,-1.21,-0.83,0.39,-0.33,0.05,0.37,1.26,0.83,195.06,176.82,0.88,1576,0.78,1191,0.22,1201,0.19,1430,0.18,無,0,無,0
SW-80660C0,GY,5,Y,1.04,33.24,33.42,0.18,-1.21,-1.33,-0.11,-0.33,-0.36,-0.03,1.26,1.37,195.06,195.23,0.19,1576,0.78,1191,0.21,1201,0.18,1430,0.165,無,0,無,0
SW-80660C0,GY,5,Y,1.04,33.24,33.13,-0.11,-1.21,-3.68,-2.47,-0.33,-2.71,-2.38,1.26,4.57,195.06,216.33,4.79,1576,0.85,1191,0.26,1391,0.25,1201,0.21,無,0,無,0
SW-80660C0,GY,5,Y,1.04,33.24,33.71,0.47,-1.21,-2.6,-1.38,-0.33,2.27,2.59,1.26,3.45,195.06,138.9,4.13,1565,0.82,1391,0.35,1142,0.264,1722,0.067,無,0,無,0
SW-80660C0,GY,5,Y,1.04,33.24,31.06,-2.18,-1.21,1.54,2.76,-0.33,2.25,2.58,1.26,2.73,195.06,55.55,5.45,1576,0.75,1191,0.3,1430,0.3,1201,0.21,無,0,無,0
SW-80660C0,GY,5,Y,1.04,33.24,35.58,2.34,-1.21,-4.64,-3.42,-0.33,1.26,1.59,1.26,4.81,195.06,164.79,5.44,1565,0.8,1391,0.265,1142,0.225,1722,0.067,無,0,無,0
SW-80660C0,GY,5,Y,1.04,33.24,30.98,-2.26,-1.21,0.49,1.7,-0.33,0.91,1.24,1.26,1.04,195.06,61.85,3.24,1576,0.82,1191,0.27,1430,0.26,1201,0.21,無,0,無,0
SW-80660C0,GY,5,Y,1.04,33.24,34.17,0.93,-1.21,-2.63,-1.41,-0.33,-1.02,-0.69,1.26,2.82,195.06,201.22,2.26,1565,0.86,1391,0.32,1142,0.21,1722,0.067,無,0,無,0
SW-80660C0,GY,5,Y,1.04,33.24,30.9,-2.34,-1.21,0.03,1.24,-0.33,0.8,1.12,1.26,0.8,195.06,87.92,2.72,1576,0.8,1191,0.255,1430,0.235,1201,0.2,無,0,無,0
SW-80660C0,GY,5,Y,1.04,33.24,31.34,-1.9,-1.21,-0.08,1.14,-0.33,0.38,0.7,1.26,0.38,195.06,101.63,2.18,1576,0.8,1191,0.24,1430,0.22,1201,0.2,無,0,無,0
SW-80660C0,GY,5,Y,1.04,33.24,33.44,0.2,-1.21,-1.29,-0.07,-0.33,-0.42,-0.09,1.26,1.35,195.06,198.09,0.2,1576,0.78,1191,0.21,1201,0.18,1430,0.165,無,0,無,0
KF-756,PU,2,N,1.04,54.81,56.51,1.7,5.61,6.18,0.57,-5.78,-3.21,2.58,,6.96,,332.59,3.26,1362,0.158,1565,0.147,1191,0.0523,無,0,無,0,無,0
KF-756,PU,2,N,1.04,54.81,54.89,0.08,5.61,5.47,-0.14,-5.78,-5.5,0.28,,7.76,,314.84,0.3,1576,0.145,1391,0.115,1191,0.038,1580,0.008,無,0,無,0
KF-756,PU,2,N,1.04,54.81,55.2,0.39,5.61,5.36,-0.25,-5.78,-5.18,0.6,,7.46,,315.97,0.65,1565,0.175,1362,0.17,1191,0.053,無,0,無,0,無,0
KF-756,PU,2,N,1.04,54.81,55.53,0.72,5.61,4.3,-1.31,-5.78,-0.67,5.11,,4.35,,351.08,5.79,1565,0.14,1391,0.13,1191,0.063,無,0,無,0,無,0
KF-756,PU,2,N,1.04,54.81,54.83,0.01,5.61,6.61,1,-5.78,-5.68,0.1,,8.72,,319.32,1.12,1362,0.18,1565,0.175,1191,0.051,無,0,無,0,無,0
KF-756,PU,2,N,1.04,54.81,55.23,0.42,5.61,5.95,0.34,-5.78,-4.17,1.62,,7.27,,325,1.96,1565,0.15,1391,0.14,1191,0.049,無,0,無,0,無,0
KF-756,PU,2,N,1.04,54.81,54.22,-0.59,5.61,5.32,-0.29,-5.78,-6.23,-0.44,,8.19,,310.49,0.71,1565,0.185,1362,0.175,1191,0.052,無,0,無,0,無,0
KF-756,PU,2,N,1.04,54.81,55.71,0.9,5.61,4.15,-1.46,-5.78,-1.74,4.04,,4.5,,337.24,4.44,1576,0.128,1391,0.103,1191,0.053,1580,0.008,無,0,無,0
KF-756,PU,2,N,1.04,54.81,56.12,1.31,5.61,4.51,-1.1,-5.78,-1.18,4.61,,4.66,,345.35,5.19,1391,0.11,1576,0.092,1191,0.056,1565,0.037,無,0,無,0
KF-756,PU,2,N,1.04,54.81,54.76,-0.05,5.61,5.75,0.14,-5.78,-5.81,-0.03,,8.18,,314.71,0.15,1576,0.145,1391,0.115,1191,0.038,1580,0.008,無,0,無,0
KF-756,GR,2,N,1.04,63.61,62.43,-1.18,-6.79,-6.41,0.38,-2.95,-3.83,-0.88,,7.47,,210.84,1.21,1565,0.143,1191,0.0258,1391,0.0168,1722,0.0157,無,0,無,0
KF-756,GR,2,N,1.04,63.61,63.49,-0.12,-6.79,-6.72,0.07,-2.95,-2.92,0.03,,7.33,,203.49,0.09,1565,0.125,1191,0.0245,1391,0.0145,1722,0.0142,無,0,無,0
KF-756,GR,2,N,1.04,63.61,63.56,-0.05,-6.79,-6.66,0.13,-2.95,-3,-0.05,,7.31,,204.27,0.15,1565,0.125,1191,0.0245,1391,0.0145,1722,0.0142,無,0,無,0
SW-80337,NB,6,N,1.04,19.69,19.99,0.3,-0.89,-0.81,0.08,-5.51,-5.35,0.16,,5.41,,261.37,0.31,1862,2.5,1578,0.656,1430,0.171,1191,0.051,無,0,無,0
SW-80087C0,PU,7,Y,1.04,21.23,20.34,-0.89,2.52,1.95,-0.57,-3.65,-3.51,0.14,,4.01,,299,1,1384,1.65,1567,0.8,1578,0.8,1191,0.64,無,0,無,0
SW-80087C0,PU,7,Y,1.04,21.23,21.81,0.58,2.52,2.86,0.34,-3.65,-4.02,-0.38,,4.93,,305.37,0.72,1384,1.62,1567,0.83,1578,0.68,1191,0.58,無,0,無,0
SW-80087C0,PU,7,Y,1.04,21.23,21.54,0.31,2.52,3.45,0.93,-3.65,-4.15,-0.51,,5.4,,309.72,1.23,1384,1.65,1567,0.72,1578,0.72,1191,0.56,無,0,無,0
SW-80087C0,PU,7,Y,1.04,21.23,21.66,0.43,2.52,2.67,0.15,-3.65,-3.61,0.04,,4.49,,306.55,0.4,1384,1.6,1567,0.83,1578,0.68,1191,0.58,無,0,無,0
SW-80087C0,PU,7,Y,1.04,21.23,21.72,0.49,2.52,2.66,0.14,-3.65,-3.64,0.01,,4.51,,306.17,0.43,1384,1.6,1567,0.83,1578,0.68,1191,0.58,無,0,無,0
SCK-3427,WH,3,N,2.08,90.5,90.63,0.14,-0.3,0.24,0.54,5.72,6.2,0.48,,6.2,,87.78,0.88,1111,0.0055,1310,0.0038,1510,0.0025,無,0,無,0,無,0
SCK-3427,WH,3,N,2.08,90.5,90.45,-0.05,-0.3,-0.48,-0.18,5.72,5.91,0.19,,5.93,,94.67,0.31,1111,0.0058,1310,0.0036,1510,0.0027,無,0,無,0,無,0
SCK-3427,WH,3,N,2.08,90.5,90.4,-0.1,-0.3,-0.47,-0.17,5.72,5.9,0.19,,5.92,,94.53,0.29,1111,0.0058,1310,0.0036,1510,0.0027,無,0,無,0,無,0
SCK-3427,PU,1,N,2.08,68.18,67.19,-0.99,14.24,16.37,2.13,-5.06,-5.95,-0.89,,17.42,,340.04,1.64,1391,0.062,1580,0.031,1191,0.0024,無,0,無,0,無,0
SCK-3427,PU,1,N,2.08,68.18,67.47,-0.71,14.24,15.6,1.36,-5.06,-5.45,-0.39,,16.53,,340.76,1.02,1391,0.059,1580,0.031,1191,0.0027,無,0,無,0,無,0
SCK-3427,PU,1,N,2.08,68.18,67.67,-0.51,14.24,15.03,0.78,-5.06,-5.31,-0.25,,15.94,,340.54,0.61,1391,0.0575,1580,0.032,1191,0.003,無,0,無,0,無,0
SCK-3427,PU,1,N,2.08,68.18,68.09,-0.09,14.24,14.6,0.35,-5.06,-5.34,-0.29,,15.54,,339.89,0.33,1391,0.056,1580,0.032,1191,0.003,無,0,無,0,無,0
SCK-3427,PU,1,N,2.08,68.18,68.12,-0.06,14.24,14.57,0.32,-5.06,-5.35,-0.29,,15.52,,339.83,0.32,1391,0.056,1580,0.032,1191,0.0035,無,0,無,0,無,0
SCK-3427,PU,5,N,2.08,21.77,20.85,-0.93,6.76,6.3,-0.46,-6.92,-7.45,-0.53,,9.75,,310.21,1.11,1578,0.69,1430,0.6,1724,0.57,1142,0.014,無,0,無,0
SCK-3427,PU,5,N,2.08,21.77,21.13,-0.64,6.76,6.75,-0.01,-6.92,-6.94,-0.02,,9.68,,314.19,0.5,1578,0.65,1430,0.6,1724,0.57,1142,0.013,無,0,無,0
SCK-3427,PU,5,N,2.08,21.77,21.48,-0.3,6.76,7.05,0.29,-6.92,-7.17,-0.26,,10.06,,314.5,0.4,1578,0.62,1430,0.585,1724,0.541,1142,0.0123,無,0,無,0
SCK-3427,PU,5,N,2.08,21.77,21.46,-0.32,6.76,7.01,0.25,-6.92,-7.17,-0.25,,10.03,,314.34,0.39,1578,0.62,1430,0.58,1724,0.541,1142,0.0123,無,0,無,0
SCK-818WP4,BK,6,N,0.6,19.87,20.06,0.19,-1.44,-1.7,-0.26,-2.65,-2.78,-0.13,,3.26,,238.56,0.39,1862,3,1863,1.2,1391,0.5,1578,0.5,1191,0.35,無,0
SCK-818WP4,BK,6,N,0.6,19.87,20.34,0.48,-1.44,-1.57,-0.13,-2.65,-2.69,-0.04,,3.12,,239.82,0.43,1862,3,1863,1.2,1391,0.52,1578,0.5,1191,0.35,無,0
SCK-818WP4,BK,6,N,0.6,19.87,20.25,0.38,-1.44,-1.51,-0.07,-2.65,-2.72,-0.07,,3.11,,240.87,0.34,1862,3,1863,1.2,1391,0.52,1578,0.5,1191,0.35,無,0
SW-81269C0,BK,7,N,1.04,19.05,20.26,1.21,0.95,0.86,-0.09,-0.49,-1.93,-1.44,1.07,2.11,332.61,294.12,2.29,1862,2,1430,0.9,1588,0.8,1724,0.63,1142,0.184,無,0
SW-81269C0,BK,7,N,1.04,19.05,18.88,-0.17,0.95,0.9,-0.05,-0.49,-0.8,-0.31,1.07,1.2,332.61,318.29,0.47,1862,2.7,1430,0.9,1724,0.7,1142,0.4,1578,0.3,無,0
SW-81269C0,BK,7,N,1.04,19.05,18.77,-0.28,0.95,1.31,0.36,-0.49,-2.55,-2.06,1.07,2.87,332.61,297.28,2.98,1862,2,1430,0.9,1578,0.8,1724,0.63,1142,0.184,無,0
SW-81269C0,BK,7,N,1.04,19.05,19.29,0.23,0.95,0.58,-0.37,-0.49,-1.51,-1.02,1.07,1.62,332.61,291,1.56,1862,2.3,1430,0.9,1588,0.7,1724,0.63,1142,0.22,無,0
SW-81269C0,BK,7,N,1.04,19.05,18.77,-0.28,0.95,0.39,-0.56,-0.49,-1.49,-1,1.07,1.54,332.61,284.53,1.66,1862,2.5,1430,0.9,1588,0.7,1724,0.63,1142,0.25,無,0
SW-81269C0,BK,7,N,1.04,19.05,19.09,0.04,0.95,1.17,0.22,-0.49,-2.24,-1.75,1.07,2.53,332.61,297.62,2.51,1862,2,1430,0.9,1578,0.75,1724,0.63,1142,0.26,無,0
SW-81269C0,BK,7,N,1.04,19.05,18.82,-0.23,0.95,0.79,-0.16,-0.49,-1.4,-0.91,1.07,1.61,332.61,299.35,1.33,1862,2.2,1430,0.85,1724,0.63,1578,0.6,1142,0.33,無,0
SW-81269C0,BK,7,N,1.04,19.05,19.49,0.43,0.95,0.8,-0.15,-0.49,-1.15,-0.66,1.07,1.41,332.61,304.75,1.04,1862,2.2,1430,0.85,1724,0.65,1578,0.5,1142,0.36,無,0
SW-81269C0,BK,7,N,1.04,19.05,19.44,0.39,0.95,0.85,-0.1,-0.49,-0.99,-0.5,1.07,1.3,332.61,310.47,0.8,1862,2.4,1430,0.85,1724,0.65,1578,0.4,1142,0.36,無,0
SW-81269C0,BK,7,N,1.04,19.05,19.17,0.12,0.95,0.99,0.04,-0.49,-0.86,-0.37,1.07,1.31,332.61,318.93,0.54,1862,2.5,1430,0.9,1724,0.7,1142,0.4,1578,0.4,無,0
SW-81269C0,BK,7,N,1.04,19.05,18.8,-0.25,0.95,0.88,-0.07,-0.49,-0.72,-0.23,1.07,1.14,332.61,320.7,0.4,1862,2.7,1430,0.9,1724,0.7,1142,0.4,1578,0.3,無,0
SCK-3843S,BK,7,Y,0.69,19.08,19.31,0.22,1.39,1.8,0.4,-1.06,-1.13,-0.07,1.75,2.12,322.81,327.87,0.58,1862,2.7,1863,1.4,1391,0.8,1191,0.38,無,0,無,0
SCK-3843S,BK,7,Y,0.69,19.08,19.11,0.02,1.39,1.62,0.23,-1.06,-1.09,-0.03,1.75,1.95,322.81,326.01,0.31,1862,2.8,1863,1.4,1391,0.76,1191,0.38,無,0,無,0
SCK-3843S,BK,7,Y,0.69,19.08,19.09,0,1.39,1.41,0.02,-1.06,-1.12,-0.06,1.75,1.8,322.81,321.47,0.09,1862,2.9,1863,1.4,1391,0.73,1191,0.38,無,0,無,0
SCK-3843S,BK,7,Y,0.69,19.08,19.14,0.05,1.39,1.43,0.04,-1.06,-1.16,-0.1,1.75,1.84,322.81,321.01,0.15,1862,2.9,1863,1.4,1391,0.73,1191,0.38,無,0,無,0
SW-81269C0,PU,2,N,1.04,56.73,57.07,0.34,9.66,9.87,0.21,-3.09,-3.06,0.03,,10.33,,342.76,0.24,1430,0.112,1565,0.095,1191,0.034,1722,0.0295,無,0,無,0
SW-81269C0,PU,2,N,1.04,56.73,57.33,0.61,9.66,9.81,0.16,-3.09,-3.11,-0.03,,10.3,,342.4,0.29,1430,0.112,1565,0.095,1191,0.034,1722,0.0295,無,0,無,0
SW-81269C0,BL,2,N,1.04,64.38,62.81,-1.57,-4.51,-4.58,-0.07,-22.74,-23.07,-0.34,,23.52,,258.77,0.67,1530,0.19,1580,0.065,1400,0.02,無,0,無,0,無,0
SW-81269C0,BL,2,N,1.04,64.38,64.59,0.21,-4.51,-4.58,-0.07,-22.74,-22.12,0.62,,22.59,,258.3,0.38,1530,0.17,1580,0.058,1400,0.018,無,0,無,0,無,0
SW-81269C0,BL,2,N,1.04,64.38,63.96,-0.42,-4.51,-4.37,0.14,-22.74,-22.69,0.05,,23.11,,259.1,0.21,1530,0.18,1580,0.05,1400,0.018,無,0,無,0,無,0
SW-81269C0,BL,2,N,1.04,64.38,64.56,0.18,-4.51,-4.53,-0.02,-22.74,-22.83,-0.1,,23.28,,258.77,0.09,1530,0.18,1580,0.05,1400,0.017,無,0,無,0,無,0
SW-81269C0,BL,2,N,1.04,64.38,64.78,0.4,-4.51,-4.54,-0.03,-22.74,-22.71,0.03,,23.16,,258.7,0.17,1530,0.18,1580,0.05,1400,0.017,無,0,無,0,無,0
SW-81269C0,RE,3,N,1.04,53.42,54.06,0.64,46.68,46,-0.69,21,20.88,-0.12,51.19,50.51,24.22,24.41,0.4,1353,1.1,1722,0.068,1565,0.031,1191,0.028,無,0,無,0
SW-81269C0,RE,3,N,1.04,53.42,54.54,1.12,46.68,46.28,-0.41,21,21.02,0.02,51.19,50.83,24.22,24.43,0.53,1353,1.045,1722,0.065,1565,0.029,1191,0.027,無,0,無,0
SW-81269C0,RE,3,N,1.04,53.42,54.11,0.69,46.68,46.82,0.14,21,21.16,0.17,51.19,51.38,24.22,24.32,0.32,1353,1.12,1722,0.065,1565,0.029,1191,0.027,無,0,無,0
SW-81269C0,RE,3,N,1.04,53.42,53.98,0.55,46.68,47.01,0.33,21,21.17,0.18,51.19,51.56,24.22,24.25,0.29,1353,1.12,1722,0.065,1565,0.029,1191,0.027,無,0,無,0
SW-81269C0,BL,2,N,1.04,57.48,57.39,-0.09,-1.66,-1.61,0.05,-5.29,-5.41,-0.12,5.54,5.65,252.59,253.47,0.16,1565,0.22,1391,0.075,1191,0.043,1722,0.018,無,0,無,0
SW-81269C0,BL,2,N,1.04,57.48,57.54,0.06,-1.66,-1.71,-0.06,-5.29,-5.38,-0.09,5.54,5.65,252.59,252.34,0.12,1565,0.21,1391,0.071,1191,0.041,1722,0.017,無,0,無,0
SW-81269C0,BL,2,N,1.04,57.48,57.64,0.16,-1.66,-1.78,-0.12,-5.29,-5.36,-0.07,5.54,5.65,252.59,251.64,0.17,1565,0.21,1391,0.071,1191,0.041,1722,0.017,無,0,無,0
SW-81294C0,RE,1,Y,1.04,81.61,81.96,0.35,6.88,6.99,0.12,-2.35,-2.24,0.11,,7.35,,342.2,0.22,1310,0.022,1510,0.0085,1111,0.006,無,0,無,0,無,0
SW-81294C0,RE,1,Y,1.04,81.61,81.88,0.27,6.88,7,0.12,-2.35,-2.4,-0.05,,7.4,,341.03,0.16,1310,0.022,1510,0.0085,1111,0.006,無,0,無,0,無,0
SCK-2285SAM,NB,5,N,0.69,28.93,28.38,-0.54,-2.86,-2.69,0.17,-16.28,-17.8,-1.52,,18,,261.41,1.13,1576,1.07,1588,0.34,1722,0.15,1191,0.009,無,0,無,0
SCK-2285SAM,NB,5,N,0.69,28.93,28.58,-0.35,-2.86,-2.8,0.07,-16.28,-17.59,-1.32,,17.81,,260.97,0.93,1576,1.02,1588,0.323,1722,0.145,1191,0.012,無,0,無,0
SCK-2285SAM,NB,5,N,0.69,28.93,29.59,0.66,-2.86,-3.17,-0.31,-16.28,-17,-0.72,,17.29,,259.42,0.69,1576,1,1588,0.34,1722,0.145,1191,0.012,無,0,無,0
SCK-2285SAM,NB,5,N,0.69,28.93,28.76,-0.17,-2.86,-2.83,0.04,-16.28,-16.33,-0.05,,16.57,,260.18,0.12,1576,1,1588,0.34,1722,0.16,1191,0.013,無,0,無,0
SCK-2285SAM,NB,5,N,0.69,28.93,28.83,-0.1,-2.86,-2.84,0.02,-16.28,-16.44,-0.17,,16.69,,260.19,0.13,1576,1,1588,0.34,1722,0.16,1191,0.013,無,0,無,0
SCK-2285SAM,OR,4,N,0.69,53.74,54.15,0.41,42.42,42.82,0.4,52.68,53.81,1.13,,68.76,,51.49,0.55,1350,0.65,1142,0.61,1353,0.1,無,0,無,0,無,0
SCK-2285SAM,OR,4,N,0.69,53.74,55.07,1.33,42.42,42.79,0.37,52.68,55.01,2.33,,69.69,,52.12,1.37,1142,0.6,1350,0.6,1353,0.1,無,0,無,0,無,0
SCK-2285SAM,OR,4,N,0.69,53.74,53.56,-0.19,42.42,43.7,1.28,52.68,54.21,1.53,,69.63,,51.13,0.69,1350,0.7,1142,0.6,1353,0.1,無,0,無,0,無,0
SCK-2285SAM,OR,4,N,0.69,53.74,53.38,-0.36,42.42,43.89,1.47,52.68,54.7,2.02,,70.13,,51.25,0.87,1350,0.7,1142,0.63,1353,0.107,無,0,無,0,無,0
SCK-2285SAM,OR,4,N,0.69,53.74,53.94,0.2,42.42,42.79,0.37,52.68,53.36,0.68,,68.4,,51.27,0.3,1350,0.65,1142,0.6,1353,0.11,無,0,無,0,無,0
SCK-2285SAM,OR,4,N,0.69,53.74,53.84,0.1,42.42,42.7,0.28,52.68,53.34,0.66,,68.33,,51.32,0.3,1350,0.65,1142,0.6,1353,0.11,無,0,無,0,無,0
SCK-2285SAM,OR,3,N,0.69,68.38,69,0.63,11.85,11.35,-0.5,74.22,75.16,0.93,,76.01,,81.41,0.54,1142,0.51,1201,0.31,1430,0.02,1580,0.0135,無,0,無,0
SCK-2285SAM,OR,3,N,0.69,68.38,68.16,-0.21,11.85,11.84,-0.01,74.22,74.8,0.57,,75.73,,81.01,0.21,1142,0.51,1201,0.31,1430,0.0215,1580,0.014,無,0,無,0
SCK-2285SAM,OR,3,N,0.69,68.38,68.28,-0.09,11.85,11.94,0.09,74.22,74.67,0.45,,75.62,,80.92,0.15,1142,0.51,1201,0.31,1430,0.0215,1580,0.014,無,0,無,0
SCK-2285SAM,NB,5,N,0.69,19.88,18.13,-1.75,-1.72,-1.25,0.47,-7.1,-8.86,-1.76,,8.95,,261.97,2.35,1578,1.38,1391,0.5,1862,0.41,1191,0.34,無,0,無,0
SCK-2285SAM,NB,5,N,0.69,19.88,18.8,-1.08,-1.72,-1.87,-0.15,-7.1,-7.66,-0.56,,7.89,,256.29,1.05,1578,1.3,1391,0.47,1191,0.4,1862,0.38,無,0,無,0
SCK-2285SAM,NB,5,N,0.69,19.88,19.18,-0.7,-1.72,-2.32,-0.6,-7.1,-6.83,0.27,,7.21,,251.24,1.03,1578,1.3,1391,0.45,1191,0.44,1862,0.36,無,0,無,0
SCK-2285SAM,NB,5,N,0.69,19.88,19.12,-0.76,-1.72,-1.8,-0.09,-7.1,-7.5,-0.4,,7.71,,256.47,0.74,1578,1.3,1391,0.485,1191,0.42,1862,0.3,無,0,無,0
SCK-2285SAM,NB,5,N,0.69,19.88,19.47,-0.4,-1.72,-1.64,0.08,-7.1,-8.21,-1.1,,8.37,,258.7,1.13,1578,1.3,1391,0.5,1191,0.4,1862,0.27,無,0,無,0
SCK-2285SAM,NB,5,N,0.69,19.88,19.65,-0.23,-1.72,-1.96,-0.25,-7.1,-7.13,-0.03,,7.39,,254.59,0.37,1578,1.3,1391,0.5,1191,0.43,1862,0.25,無,0,無,0
SCK-2285SAM,NB,5,N,0.69,19.88,19.64,-0.23,-1.72,-1.92,-0.21,-7.1,-7.12,-0.02,,7.38,,254.88,0.33,1578,1.3,1391,0.5,1191,0.43,1862,0.25,無,0,無,0
SCK-2285SAM,CO,5,N,0.69,27.1,27.33,0.23,6.75,5.74,-1.01,4.01,2.35,-1.65,,6.2,,22.3,2.15,1384,0.89,1576,0.74,1191,0.43,1722,0.1,無,0,無,0
SCK-2285SAM,CO,5,N,0.69,27.1,26.93,-0.17,6.75,6.04,-0.71,4.01,3.08,-0.93,,6.78,,26.98,1.21,1384,0.91,1576,0.73,1191,0.45,1722,0.11,無,0,無,0
SCK-2285SAM,CO,5,N,0.69,27.1,26.76,-0.34,6.75,6.28,-0.47,4.01,3.64,-0.37,,7.25,,30.09,0.6,1384,0.95,1576,0.73,1191,0.47,1722,0.12,無,0,無,0
SCK-2285SAM,CO,5,N,0.69,27.1,26.83,-0.27,6.75,6.74,-0.01,4.01,3.48,-0.52,,7.58,,27.33,0.74,1384,1,1576,0.715,1191,0.47,1722,0.12,無,0,無,0
SCK-2285SAM,CO,5,N,0.69,27.1,26.65,-0.46,6.75,7.25,0.5,4.01,3.7,-0.31,,8.14,,27,0.87,1384,1.05,1576,0.7,1191,0.47,1722,0.12,無,0,無,0
SCK-2285SAM,CO,5,N,0.69,27.1,26.97,-0.13,6.75,7.11,0.36,4.01,4.52,0.51,,8.42,,32.45,0.65,1384,1.02,1576,0.7,1191,0.49,1722,0.12,無,0,無,0
SCK-2285SAM,CO,5,N,0.69,27.1,27.2,0.1,6.75,7.17,0.41,4.01,4.71,0.7,,8.57,,33.3,0.87,1384,1,1576,0.7,1191,0.49,1722,0.12,無,0,無,0
SCK-2285SAM,CO,5,N,0.69,27.1,26.6,-0.5,6.75,6.75,0,4.01,3.86,-0.14,,7.78,,29.78,0.39,1384,1,1576,0.72,1191,0.49,1722,0.12,無,0,無,0
SCK-2285SAM,CO,5,N,0.69,27.1,26.6,-0.5,6.75,6.75,0,4.01,3.86,-0.14,,7.78,,29.78,0.39,1384,1,1576,0.71,1191,0.49,1722,0.12,無,0,無,0
SCK-2285SAM,GR,2,N,0.69,74.11,75.62,1.51,-6.29,-5.88,0.41,-6.6,-5.87,0.73,,8.31,,224.96,0.94,1534,0.1,1233,0.018,1183,0.003,無,0,無,0,無,0
SCK-2285SAM,GR,2,N,0.69,74.11,73.89,-0.23,-6.29,-6.14,0.14,-6.6,-6.94,-0.34,,9.27,,228.5,0.42,1534,0.116,1233,0.018,1183,0.0033,無,0,無,0,無,0
SCK-2285SAM,GR,2,N,0.69,74.11,73.38,-0.73,-6.29,-6.19,0.1,-6.6,-7.55,-0.95,,9.76,,230.65,1.01,1534,0.125,1233,0.018,1183,0.0035,無,0,無,0,無,0
SCK-2285SAM,GR,2,N,0.69,74.11,74.39,0.28,-6.29,-6.06,0.23,-6.6,-7.16,-0.56,,9.38,,229.78,0.67,1534,0.116,1233,0.017,1183,0.0036,無,0,無,0,無,0
SCK-2285SAM,GR,2,N,0.69,74.11,74.44,0.32,-6.29,-6.18,0.11,-6.6,-7.09,-0.49,,9.4,,228.9,0.54,1534,0.116,1233,0.017,1183,0.004,無,0,無,0,無,0
SCK-2285SAM,GR,2,N,0.69,74.11,74.27,0.16,-6.29,-6.19,0.1,-6.6,-6.91,-0.31,,9.27,,228.15,0.36,1534,0.116,1233,0.017,1183,0.004,無,0,無,0,無,0
SCK-2285SAM,YE,2,N,0.69,89.44,89.63,0.2,-1.05,-0.89,0.16,43.61,42.33,-1.28,,42.34,,91.2,0.54,1183,0.1,1233,0.028,1534,0.0035,無,0,無,0,無,0
SCK-2285SAM,YE,2,N,0.69,89.44,89.13,-0.3,-1.05,-0.89,0.16,43.61,44.13,0.52,,44.13,,91.15,0.27,1183,0.113,1233,0.028,1534,0.0035,無,0,無,0,無,0
SCK-2285SAM,YE,2,N,0.69,89.44,88.94,-0.5,-1.05,-0.79,0.26,43.61,44.3,0.69,,44.31,,91.02,0.39,1183,0.118,1233,0.0294,1534,0.0037,無,0,無,0,無,0
SCK-2285SAM,YE,2,N,0.69,89.44,89.1,-0.34,-1.05,-0.83,0.22,43.61,44.49,0.89,,44.5,,91.07,0.42,1183,0.113,1233,0.027,1534,0.0035,無,0,無,0,無,0
SCK-2285SAM,YE,2,N,0.69,89.44,89.37,-0.07,-1.05,-1.21,-0.16,43.61,43.65,0.05,,43.67,,91.59,0.11,1183,0.113,1233,0.027,1534,0.0035,無,0,無,0,無,0
SW-80135C0,BK,7,N,0.93,17.97,18.14,0.17,1.28,1.09,-0.19,-1.8,-2.11,-0.31,,2.38,,297.26,0.51,1862,2.9,1722,0.65,1391,0.3,無,0,無,0,無,0
SW-80135C0,BK,7,N,0.93,17.97,18.16,0.19,1.28,1.15,-0.13,-1.8,-1.82,-0.02,,2.15,,302.27,0.24,1862,2.9,1722,0.67,1391,0.3,無,0,無,0,無,0
SW-80135C0,BK,7,N,0.93,17.97,17.09,-0.88,1.28,0.65,-0.63,-1.8,-2.36,-0.56,,2.44,,285.4,1.38,1862,3.5,1722,0.55,1391,0.3,無,0,無,0,無,0
SW-80135C0,BK,7,N,0.93,17.97,17.29,-0.68,1.28,0.68,-0.6,-1.8,-2.42,-0.62,,2.52,,285.77,1.3,1862,3.3,1722,0.5,1391,0.3,無,0,無,0,無,0
SW-80135C0,BK,7,N,0.93,17.97,17.67,-0.3,1.28,1.03,-0.25,-1.8,-2.02,-0.22,,2.26,,297.13,0.52,1862,3,1722,0.6,1391,0.35,無,0,無,0,無,0
SW-80135C0,BK,7,N,0.93,17.97,17.98,0.01,1.28,1.7,0.42,-1.8,-1.51,0.29,,2.27,,318.44,0.69,1862,2.8,1722,0.65,1391,0.4,無,0,無,0,無,0
SW-80135C0,BK,7,N,0.93,17.97,18.33,0.36,1.28,1.45,0.17,-1.8,-2.01,-0.22,,2.48,,305.76,0.48,1862,2.85,1722,0.61,1391,0.365,無,0,無,0,無,0
SW-80135C0,BK,7,N,0.93,17.97,18.44,0.47,1.28,1.65,0.37,-1.8,-2.13,-0.33,,2.69,,307.85,0.77,1862,2.85,1722,0.61,1391,0.38,無,0,無,0,無,0
SW-80135C0,BK,7,N,0.93,17.97,18.15,0.18,1.28,1.1,-0.18,-1.8,-2.28,-0.48,,2.53,,295.88,0.69,1862,2.9,1722,0.62,1391,0.35,無,0,無,0,無,0
SW-80135C0,BK,7,N,0.93,17.97,18.28,0.3,1.28,1.11,-0.17,-1.8,-2.24,-0.44,,2.5,,296.36,0.68,1862,2.9,1722,0.63,1391,0.32,無,0,無,0,無,0
SW-80135C0,BK,7,N,0.93,17.97,17.97,0,1.28,1.22,-0.06,-1.8,-1.77,0.03,,2.15,,304.46,0.09,1862,2.9,1722,0.67,1391,0.3,無,0,無,0,無,0
SCW-136WP4,GR,0,Y,0.69,83.66,84.19,0.53,-25.36,-25.79,-0.43,80.69,81.04,0.35,,85.05,,107.66,0.28,1191,1,1013,0.04,1580,0.035,無,0,無,0,無,0
SCW-136WP4,GR,0,Y,0.69,83.66,84.13,0.47,-25.36,-25.77,-0.41,80.69,80.98,0.28,,84.98,,107.65,0.25,1191,0.98,1013,0.04,1580,0.035,無,0,無,0,無,0
SCW-136WP4,GR,0,Y,0.69,83.66,84.88,1.22,-25.36,-24.54,0.82,80.69,81.54,0.85,,85.15,,106.75,0.67,1191,0.95,1013,0.04,1580,0.03,無,0,無,0,無,0
SCW-136WP4,GR,0,Y,0.69,83.66,85.05,1.39,-25.36,-25.1,0.27,80.69,80.36,-0.33,,84.19,,107.34,0.52,1191,0.85,1013,0.05,1580,0.03,無,0,無,0,無,0
SCW-136WP4,GR,0,Y,0.69,83.66,85.06,1.41,-25.36,-25.96,-0.59,80.69,81.14,0.45,,85.19,,107.74,0.58,1191,0.95,1013,0.042,1580,0.033,無,0,無,0,無,0
SCW-136WP4,GR,0,Y,0.69,83.66,85.25,1.59,-25.36,-26.37,-1,80.69,81.23,0.54,,85.4,,107.98,0.73,1191,0.93,1013,0.045,1580,0.033,無,0,無,0,無,0
SCW-136WP4,GR,0,Y,0.69,83.66,84.08,0.42,-25.36,-25.93,-0.57,80.69,80.95,0.26,,85,,107.76,0.29,1191,1,1013,0.044,1580,0.035,無,0,無,0,無,0
SCW-136WP4,GR,0,Y,0.69,83.66,83.8,0.15,-25.36,-26.09,-0.73,80.69,81.02,0.33,,85.12,,107.85,0.33,1191,1.02,1013,0.044,1580,0.036,無,0,無,0,無,0
SCW-136WP4,GR,0,Y,0.69,83.66,83.79,0.14,-25.36,-25.27,0.09,80.69,81.93,1.23,,85.74,,107.14,0.42,1191,1.1,1013,0.04,1580,0.036,無,0,無,0,無,0
SCW-136WP4,GR,0,Y,0.69,83.66,84.07,0.42,-25.36,-25.29,0.07,80.69,81.52,0.83,,85.35,,107.24,0.32,1191,1.05,1013,0.04,1580,0.035,無,0,無,0,無,0
SCW-136WP4,GR,0,Y,0.69,83.66,83.98,0.32,-25.36,-25.44,-0.08,80.69,80.55,-0.14,,84.47,,107.53,0.13,1191,0.98,1013,0.04,1580,0.035,無,0,無,0,無,0
SCK-4100,BL,5,N,1.04,37.15,36.89,-0.26,-0.28,-0.6,-0.32,-33.52,-32.67,0.85,33.52,32.67,269.51,268.95,0.49,1565,0.48,1567,0.432,1430,0.072,1191,0.019,無,0,無,0
SCK-4100,BL,5,N,1.04,37.15,37.16,0.01,-0.28,-0.67,-0.38,-33.52,-32.35,1.17,33.52,32.36,269.51,268.82,0.63,1565,0.456,1567,0.41,1430,0.068,1191,0.018,無,0,無,0
SCK-4100,BL,5,N,1.04,37.15,36.46,-0.69,-0.28,0.13,0.41,-33.52,-33.44,0.08,33.52,33.44,269.51,270.22,0.5,1565,0.48,1567,0.46,1430,0.072,1191,0.017,無,0,無,0
SCK-4100,BL,5,N,1.04,37.15,36.32,-0.83,-0.28,0.22,0.51,-33.52,-33.92,-0.4,33.52,33.92,269.51,270.37,0.63,1565,0.5,1567,0.5,1430,0.072,1191,0.017,無,0,無,0
SCK-4100,BL,5,N,1.04,37.15,35.88,-1.27,-0.28,-0.15,0.13,-33.52,-33.85,-0.33,33.52,33.85,269.51,269.74,0.72,1565,0.525,1567,0.525,1430,0.069,1191,0.018,無,0,無,0
SCK-4100,BL,5,N,1.04,37.15,35.9,-1.25,-0.28,-0.25,0.04,-33.52,-33.79,-0.27,33.52,33.8,269.51,269.58,0.69,1565,0.52,1567,0.52,1430,0.067,1191,0.018,無,0,無,0
SW-80379SC0,BR,5,Y,1.04,25.62,25.96,0.34,4.14,3.82,-0.31,6.89,7.22,0.34,8.03,8.17,59,62.11,0.85,1576,1.15,1722,0.6,1191,0.5,1391,0.46,無,0,無,0
SW-80379SC0,BR,5,Y,1.04,25.62,26.76,1.13,4.14,4.1,-0.03,6.89,7.27,0.38,8.03,8.35,59,60.54,0.93,1576,1.083,1722,0.57,1191,0.47,1391,0.456,無,0,無,0
SW-80379SC0,GY,5,Y,1.04,21.74,23.29,1.55,-0.14,1.15,1.29,-1.91,-1.46,0.46,1.92,1.85,265.84,308.27,2.22,1862,1.8,1430,0.31,1191,0.19,無,0,無,0,無,0
SW-80379SC0,GY,5,Y,1.04,21.74,21.25,-0.49,-0.14,0.05,0.19,-1.91,-1.98,-0.07,1.92,1.98,265.84,271.38,0.47,1862,2,1430,0.28,1191,0.19,1578,0.15,無,0,無,0
SW-80379SC0,GY,5,Y,1.04,21.74,22.03,0.29,-0.14,-0.41,-0.27,-1.91,-1.36,0.55,1.92,1.42,265.84,253.07,0.86,1862,2,1430,0.25,1191,0.19,1588,0.15,無,0,無,0
SW-80379SC0,GY,5,Y,1.04,21.74,21.78,0.04,-0.14,-0.1,0.04,-1.91,-1.9,0.01,1.92,1.9,265.84,267.06,0.07,1862,2,1430,0.265,1191,0.17,1588,0.15,無,0,無,0
SW-80379SC0,GY,5,Y,1.04,21.74,21.83,0.09,-0.14,-0.08,0.06,-1.91,-1.89,0.02,1.92,1.89,265.84,267.63,0.11,1862,2,1430,0.265,1191,0.17,1588,0.15,無,0,無,0
SW-80135STC0,GR,5,N,0.93,23.4,23.73,0.34,-1.26,-1.13,0.13,5.48,5.62,0.14,,5.73,,101.38,0.34,1578,1.08,1201,0.81,1191,0.73,1391,0.28,無,0,無,0
SW-80135STC0,GR,5,N,0.93,23.73,23.1,-0.64,-1.32,-1.53,-0.21,5.59,5.25,-0.34,,5.47,,106.19,0.66,1578,1.2,1201,0.87,1191,0.8,1391,0.293,無,0,無,0
SW-80135STC0,GR,5,N,0.93,23.73,23.24,-0.49,-1.32,-1.49,-0.18,5.59,5.06,-0.53,,5.28,,106.43,0.72,1578,1.12,1201,0.83,1191,0.76,1391,0.275,無,0,無,0
SW-80135STC0,GR,5,N,0.93,23.73,23.71,-0.02,-1.32,-1.27,0.04,5.59,5.52,-0.07,,5.66,,102.97,0.09,1578,1.08,1201,0.79,1191,0.7,1391,0.295,無,0,無,0
SW-80135STC0,GR,5,N,0.93,23.73,23.71,-0.02,-1.32,-1.28,0.03,5.59,5.53,-0.06,,5.68,,103.07,0.07,1578,1.08,1201,0.81,1191,0.73,1391,0.28,無,0,無,0
SCK-818WP4,BK,7,N,0.6,18.65,19.68,1.03,0.43,-1.51,-1.94,-1.96,-1.91,0.05,,2.43,,231.67,2.79,1862,3.6,1724,1.5,1578,0.8,1391,0.4,無,0,無,0
SCK-818WP4,BK,7,N,0.6,18.65,20.22,1.57,0.43,-1.89,-2.32,-1.96,-2.42,-0.46,,3.07,,231.94,3.48,1862,3.6,1724,1.5,1578,0.8,1391,0.5,無,0,無,0
SCK-818WP4,BK,7,N,0.6,18.65,19.64,0.99,0.43,-1.03,-1.46,-1.96,-3.38,-1.42,,3.53,,253.02,2.85,1862,3.5,1722,1,1578,0.8,1863,0.8,1191,0.15,1391,0.1
SCK-818WP4,BK,7,N,0.6,18.65,19.15,0.49,0.43,-1.68,-2.11,-1.96,-2.82,-0.86,,3.29,,239.17,3.11,1862,3.7,1722,1,1391,0.8,1578,0.8,無,0,無,0
SCK-818WP4,BK,7,N,0.6,18.65,18.61,-0.05,0.43,0.54,0.12,-1.96,-2.27,-0.31,,2.33,,283.49,0.43,1862,3.7,1724,1.5,1391,0.8,1578,0.8,無,0,無,0
SCK-818WP4,BK,7,N,0.6,18.65,18.61,-0.05,0.43,0.54,0.12,-1.96,-2.27,-0.31,,2.33,,283.49,0.43,1862,3.7,1724,1.5,1391,0.8,1578,0.78,無,0,無,0
SW-80242C0,BK,7,Y,1.04,16.91,16.91,0,0.12,0.5,0.37,-1.52,-1.35,0.17,1.53,1.43,274.63,290.25,0.57,1862,3.5,1863,1,1391,0.15,1191,0.1,無,0,無,0
SW-80242C0,BK,7,Y,1.04,16.91,16.54,-0.37,0.12,0.54,0.42,-1.52,-1.15,0.37,1.53,1.27,274.63,295.22,0.85,1862,3.5,1863,1,1391,0.14,1191,0.095,無,0,無,0
SW-80242C0,BK,7,Y,1.04,16.91,16.32,-0.59,0.12,0.47,0.34,-1.52,-1.31,0.21,1.53,1.39,274.63,289.61,0.79,1862,3.5,1863,1,1391,0.13,1191,0.09,無,0,無,0
SW-80242C0,BK,7,Y,1.04,16.91,16.41,-0.5,0.12,0.2,0.08,-1.52,-1.49,0.03,1.53,1.5,274.63,277.6,0.48,1862,3.5,1863,0.9,1391,0.11,1191,0.07,無,0,無,0
SW-80242C0,BK,7,Y,1.04,16.91,16.89,-0.01,0.12,0.28,0.15,-1.52,-1.63,-0.11,1.53,1.65,274.63,279.66,0.26,1862,3.5,1863,0.8,1391,0.08,1191,0.05,無,0,無,0
SW-80242C0,BK,7,Y,1.04,16.91,16.94,0.03,0.12,0.17,0.04,-1.52,-1.54,-0.02,1.53,1.55,274.63,276.2,0.08,1862,3.5,1863,0.8,1391,0.08,1191,0.05,無,0,無,0
SW-80242C0,BL,6,Y,1.04,24.42,24.4,-0.02,6.42,6.41,0,-25.11,-24.53,0.57,25.91,25.36,284.34,284.65,0.32,1568,1.9,1383,1.65,1567,0.88,1191,0.08,無,0,無,0
SW-80242C0,BL,6,Y,1.04,24.42,24.13,-0.29,6.42,6.54,0.12,-25.11,-25.39,-0.28,25.91,26.21,284.34,284.44,0.27,1568,1.9,1383,1.65,1567,0.88,1191,0.075,無,0,無,0
SW-80242C0,BL,6,Y,1.04,24.42,24.19,-0.23,6.42,6.52,0.11,-25.11,-25.34,-0.23,25.91,26.17,284.34,284.44,0.21,1568,1.9,1383,1.6,1567,0.88,1191,0.075,無,0,無,0
SCK-3484AM,BK,7,N,1.25,17.07,16.42,-0.65,-0.38,-0.36,0.01,-2.88,-3.02,-0.13,,3.04,,263.15,0.63,1862,1.5,1578,1.4,1430,1,1191,0.84,無,0,無,0
SCK-3484AM,BK,7,N,1.25,17.07,17.07,0,-0.38,-0.51,-0.13,-2.88,-2.97,-0.09,,3.02,,260.27,0.2,1862,1.39,1578,1.34,1430,0.96,1191,0.835,無,0,無,0
SCK-3484AM,BK,7,N,1.25,17.07,17.25,0.17,-0.38,-0.53,-0.15,-2.88,-2.92,-0.04,,2.97,,259.71,0.26,1862,1.39,1578,1.34,1430,0.96,1191,0.835,無,0,無,0
SCK-3484AM,GY,2,N,1.25,73.05,72.49,-0.56,-2.45,-2.6,-0.15,0.8,1.28,0.49,,2.9,,153.71,0.69,1510,0.049,1111,0.048,1310,0.044,無,0,無,0,無,0
SCK-3484AM,GY,2,N,1.25,73.05,73.3,0.26,-2.45,-2.38,0.07,0.8,0.73,-0.07,,2.49,,162.91,0.16,1510,0.047,1111,0.044,1310,0.042,無,0,無,0,無,0
SCK-3484AM,GY,2,N,1.25,73.05,73.37,0.32,-2.45,-2.35,0.1,0.8,0.71,-0.09,,2.45,,163.16,0.21,1510,0.047,1111,0.0445,1310,0.042,無,0,無,0,無,0
SCK-3484AM,NB,6,N,1.25,19.47,18.79,-0.68,0.38,0.36,-0.02,-7.48,-7.45,0.03,,7.46,,272.76,0.57,1862,1.5,1578,1,1391,0.6,1191,0.167,無,0,無,0
SCK-3484AM,NB,6,N,1.25,19.47,20.8,1.33,0.38,0.53,0.14,-7.48,-7.78,-0.3,,7.79,,273.87,1.17,1862,1.28,1578,0.8,1391,0.55,1191,0.145,無,0,無,0
SCK-3484AM,NB,6,N,1.25,19.47,19.77,0.3,0.38,0.42,0.03,-7.48,-7.59,-0.11,,7.6,,273.13,0.27,1862,1.4,1578,0.9,1391,0.57,1191,0.15,無,0,無,0
SCK-3484AM,NB,6,N,1.25,19.47,19.76,0.29,0.38,0.42,0.04,-7.48,-7.6,-0.12,,7.61,,273.16,0.27,1862,1.4,1578,0.9,1391,0.57,1191,0.15,無,0,無,0
SCK-479S,NB,6,N,1.04,17.85,17.4,-0.45,0.72,0.92,0.21,-10.8,-10.79,0.01,,10.83,,274.89,0.49,1578,1.6,1862,1.3,1391,0.353,1191,0.0042,無,0,無,0
SCK-479S,NB,6,N,1.04,17.53,17.08,-0.45,0.74,0.73,-0.01,-10.85,-10.76,0.08,10.87,10.79,273.92,273.89,0.41,1578,1.6,1862,1.3,1391,0.353,1191,0.0042,無,0,無,0
SCK-479S,NB,6,N,1.04,17.53,17.16,-0.37,0.74,0.72,-0.02,-10.85,-10.79,0.06,10.87,10.81,273.92,273.83,0.34,1578,1.6,1862,1.3,1391,0.353,1191,0.0042,無,0,無,0
SW-80337,BK,7,N,1.04,18.14,17.4,-0.75,0.45,0.29,-0.17,-1.62,-1.58,0.05,,1.6,,280.27,0.71,1863,0.9,1391,0.55,1862,0.25,1142,0.1,無,0,無,0
SW-80337,BK,7,N,1.04,18.14,17.89,-0.26,0.45,0.1,-0.35,-1.62,-1.96,-0.34,,1.97,,272.91,0.71,1862,1.2,1391,0.5,1142,0.09,無,0,無,0,無,0
SW-80337,BK,7,N,1.04,18.14,17.79,-0.35,0.45,0.67,0.22,-1.62,-1.77,-0.15,,1.89,,290.78,0.48,1862,2.85,1391,0.65,1863,0.5,1142,0.2,無,0,無,0
SW-80337,BK,7,N,1.04,18.14,16.87,-1.27,0.45,0.74,0.29,-1.62,-1.65,-0.03,,1.81,,294.19,1.2,1862,2.85,1863,0.7,1391,0.6,1142,0.15,無,0,無,0
SW-80337,BK,7,N,1.04,18.14,17.69,-0.45,0.45,0.69,0.24,-1.62,-1.83,-0.21,,1.95,,290.7,0.59,1862,2.85,1391,0.65,1863,0.4,1142,0.2,無,0,無,0
SW-80337,BK,7,N,1.04,18.14,18.18,0.04,0.45,0.71,0.26,-1.62,-1.58,0.04,,1.73,,294.23,0.36,1862,2.7,1391,0.65,1863,0.5,1142,0.2,無,0,無,0
SW-80337,BK,7,N,1.04,18.14,17.97,-0.18,0.45,0.72,0.26,-1.62,-1.54,0.08,,1.7,,295,0.41,1862,2.7,1391,0.65,1863,0.5,1142,0.2,無,0,無,0
SW-80135,KH,2,N,0.93,71.01,71.56,0.55,3.75,3.99,0.24,11.09,10.56,-0.53,11.7,11.28,71.3,69.29,0.74,1111,0.127,1310,0.095,1510,0.035,無,0,無,0,無,0
SW-80135,KH,2,N,0.93,71.01,71.38,0.37,3.75,3.9,0.15,11.09,10.99,-0.1,11.7,11.66,71.3,70.45,0.31,1111,0.13,1310,0.095,1510,0.035,無,0,無,0,無,0
SW-80135,KH,2,N,0.93,71.01,71.47,0.46,3.75,3.84,0.08,11.09,10.97,-0.12,11.7,11.62,71.3,70.73,0.26,1111,0.13,1310,0.095,1510,0.035,無,0,無,0,無,0
SW-80216C0,BK,6,Y,1.04,16.82,17.29,0.47,-0.65,-0.76,-0.11,-2.65,-2.91,-0.26,2.73,3.01,256.27,255.41,0.57,1862,2.3,1578,0.8,1391,0.688,1191,0.4,無,0,無,0
SW-80216C0,BK,6,Y,1.04,16.82,17.26,0.45,-0.65,-0.81,-0.16,-2.65,-2.78,-0.12,2.73,2.89,256.27,253.74,0.49,1862,2.3,1578,0.8,1391,0.688,1191,0.4,無,0,無,0
SW-80216C0,GY,1,Y,1.04,85.92,85.99,0.07,-0.1,-0.45,-0.35,-2.75,-2.05,0.7,2.75,2.09,267.92,257.71,0.99,1510,0.0072,1310,0.0056,1111,0.0023,無,0,無,0,無,0
SW-80216C0,GY,1,Y,1.04,85.92,86.32,0.4,-0.1,-0.3,-0.2,-2.75,-3.05,-0.31,2.75,3.07,267.92,264.37,0.48,1510,0.0074,1310,0.006,1111,0.003,無,0,無,0,無,0
SW-80216C0,GY,1,Y,1.04,85.92,86.29,0.37,-0.1,-0.77,-0.67,-2.75,-1.04,1.7,2.75,1.3,267.92,233.7,2.33,1510,0.0072,1310,0.0056,1111,0.0023,無,0,無,0,無,0
SW-80216C0,GY,1,Y,1.04,85.92,86.22,0.3,-0.1,-0.4,-0.3,-2.75,-1.89,0.85,2.75,1.94,267.92,257.96,1.14,1510,0.0072,1310,0.0056,1111,0.0021,無,0,無,0,無,0
SW-80216C0,GY,1,Y,1.04,85.92,86.39,0.47,-0.1,-0.34,-0.24,-2.75,-2.32,0.42,2.75,2.35,267.92,261.57,0.64,1510,0.0072,1310,0.0056,1111,0.0019,無,0,無,0,無,0
SW-80216C0,GY,1,Y,1.04,85.92,85.74,-0.18,-0.1,-0.08,0.02,-2.75,-3.84,-1.09,2.75,3.84,267.92,268.74,1.35,1510,0.0074,1310,0.006,1111,0.0017,無,0,無,0,無,0
SW-80216C0,GY,1,Y,1.04,85.92,85.96,0.04,-0.1,0.09,0.19,-2.75,-3.85,-1.1,2.75,3.85,267.92,271.28,1.38,1510,0.0072,1310,0.006,1111,0.0015,無,0,無,0,無,0
SW-80216C0,GY,1,Y,1.04,85.92,86.34,0.42,-0.1,0.2,0.3,-2.75,-4.3,-1.55,2.75,4.3,267.92,272.73,1.97,1510,0.0072,1310,0.006,1111,0.0018,無,0,無,0,無,0
SW-80216C0,GY,1,Y,1.04,85.92,86.49,0.57,-0.1,-0.05,0.05,-2.75,-3.57,-0.83,2.75,3.57,267.92,269.25,1.05,1510,0.0072,1310,0.006,1111,0.0022,無,0,無,0,無,0
SW-80216C0,GY,1,Y,1.04,85.92,86.45,0.53,-0.1,-0.23,-0.13,-2.75,-3.4,-0.66,2.75,3.41,267.92,266.09,0.85,1510,0.0074,1310,0.006,1111,0.0025,無,0,無,0,無,0
SW-80216C0,GY,1,Y,1.04,85.92,86.38,0.46,-0.1,-0.34,-0.24,-2.75,-2.79,-0.05,2.75,2.81,267.92,263.07,0.36,1510,0.0074,1310,0.006,1111,0.003,無,0,無,0,無,0
SW-80216C0,BL,1,Y,1.04,86.88,86.46,-0.42,-3.29,-3.78,-0.49,-3,-3.24,-0.24,,4.98,,220.58,0.63,1510,0.009,1111,0.0026,1310,0.002,無,0,無,0,無,0
SW-80216C0,BL,1,Y,1.04,86.63,86.49,-0.14,-4.05,-3.93,0.11,-2.87,-2.07,0.8,4.96,4.44,215.36,207.76,0.94,1510,0.0085,1111,0.0025,1310,0.0021,無,0,無,0,無,0
SW-80216C0,BL,1,Y,1.04,86.63,86.49,-0.14,-4.05,-4.24,-0.2,-2.87,-0.89,1.98,4.96,4.33,215.36,191.81,2.41,1510,0.0085,1111,0.0025,1310,0.0021,無,0,無,0,無,0
SW-80216C0,BL,1,Y,1.04,86.63,86.72,0.09,-4.05,-3.9,0.15,-2.87,-2.22,0.65,4.96,4.48,215.36,209.62,0.77,1510,0.0085,1111,0.00225,1310,0.002,無,0,無,0,無,0
SW-80216C0,BL,1,Y,1.04,86.63,86.77,0.14,-4.05,-3.88,0.17,-2.87,-2.59,0.28,4.96,4.67,215.36,213.75,0.36,1510,0.0085,1111,0.002,1310,0.0019,無,0,無,0,無,0
SW-80216C0,BL,1,Y,1.04,86.63,86.24,-0.39,-4.05,-4.22,-0.17,-2.87,-3.56,-0.69,4.96,5.52,215.36,220.22,0.82,1510,0.009,1111,0.002,1310,0.0017,無,0,無,0,無,0
SW-80216C0,BL,1,Y,1.04,86.63,85.91,-0.72,-4.05,-4.62,-0.57,-2.87,-4.13,-1.26,4.96,6.19,215.36,221.81,1.54,1510,0.01,1111,0.002,1310,0.0015,無,0,無,0,無,0
SW-80216C0,BL,1,Y,1.04,86.63,86.59,-0.04,-4.05,-4.07,-0.03,-2.87,-3.17,-0.3,4.96,5.16,215.36,217.9,0.35,1510,0.0085,1111,0.002,1310,0.0017,無,0,無,0,無,0
SW-80216C0,BL,1,Y,1.04,86.63,86.5,-0.13,-4.05,-4.06,-0.02,-2.87,-3.19,-0.31,4.96,5.16,215.36,218.11,0.37,1510,0.009,1111,0.0026,1310,0.002,無,0,無,0,無,0
SCW-136WP4,GR,4,Y,0.69,56.57,56.45,-0.12,-44.16,-43.87,0.29,5.89,4.5,-1.38,44.55,44.1,172.41,174.14,0.76,1585,1.8,1589,0.65,1013,0.105,無,0,無,0,無,0
SCW-136WP4,GR,4,Y,0.69,56.57,56.36,-0.21,-44.16,-43.99,0.17,5.89,5.24,-0.65,44.55,44.3,172.41,173.21,0.37,1585,1.8,1589,0.65,1013,0.112,無,0,無,0,無,0
SCW-136WP4,GR,4,Y,0.69,56.57,56.08,-0.49,-44.16,-44.28,-0.13,5.89,6.01,0.12,44.55,44.69,172.41,172.28,0.22,1585,1.8,1589,0.65,1013,0.118,無,0,無,0,無,0
SCW-136WP4,GR,4,Y,0.69,56.57,56.31,-0.26,-44.16,-44.46,-0.3,5.89,5.93,0.05,44.55,44.85,172.41,172.4,0.17,1585,1.746,1589,0.63,1013,0.115,無,0,無,0,無,0
SCW-136WP4,GR,4,Y,0.69,56.57,56.95,0.38,-44.16,-44.22,-0.06,5.89,5.93,0.04,44.55,44.61,172.41,172.37,0.17,1585,1.674,1589,0.605,1013,0.11,無,0,無,0,無,0
SW-80352C01,GR,4,Y,0.69,54.23,54.01,-0.22,-44.82,-44.54,0.28,6.03,4.74,-1.3,45.22,44.79,172.33,173.93,0.71,1585,1.9,1013,0.09,1191,0.021,無,0,無,0,無,0
SW-80352C01,GR,4,Y,0.69,54.23,54.09,-0.14,-44.82,-45.23,-0.42,6.03,6.56,0.52,45.22,45.71,172.33,171.75,0.32,1585,1.9,1013,0.1,1191,0.021,無,0,無,0,無,0
SW-80352C01,GR,4,Y,0.69,54.23,54.99,0.76,-44.82,-46.84,-2.02,6.03,9.65,3.62,45.22,47.82,172.33,168.36,2.08,1585,1.8,1013,0.11,1191,0.02,無,0,無,0,無,0
SW-80352C01,GR,4,Y,0.69,54.23,54.25,0.02,-44.82,-45.71,-0.9,6.03,5.93,-0.1,45.22,46.1,172.33,172.61,0.38,1585,1.9,1013,0.096,1191,0.021,無,0,無,0,無,0
SW-80352C01,GR,4,Y,0.69,54.23,54.63,0.4,-44.82,-45.44,-0.63,6.03,6.03,-0.01,45.22,45.84,172.33,172.45,0.31,1585,1.9,1013,0.096,1191,0.021,無,0,無,0,無,0
SW-80216C0,YE,2,Y,1.04,79.85,80.34,0.49,-1.72,-2.01,-0.29,36.71,35.62,-1.09,36.75,35.68,92.68,93.23,0.58,1183,0.162,1233,0.088,1534,0.03,無,0,無,0,無,0
SW-80216C0,YE,2,Y,1.04,79.85,79.63,-0.22,-1.72,-1.76,-0.04,36.71,35.96,-0.75,36.75,36,92.68,92.81,0.35,1183,0.165,1233,0.09,1534,0.03,無,0,無,0,無,0
SW-80216C0,YE,2,Y,1.04,79.85,79.95,0.1,-1.72,-1.64,0.08,36.71,36.86,0.15,36.75,36.9,92.68,92.55,0.1,1183,0.175,1233,0.095,1534,0.03,無,0,無,0,無,0
SW-80216C0,YE,2,Y,1.04,79.85,80.16,0.31,-1.72,-1.65,0.07,36.71,36.72,0.01,36.75,36.76,92.68,92.57,0.13,1183,0.175,1233,0.095,1534,0.03,無,0,無,0,無,0
SW-80216C0,RE,7,Y,1.04,23.86,24.41,0.55,16.4,16.29,-0.11,2.98,3.06,0.08,16.67,16.58,10.31,10.64,0.42,1384,2.25,1576,0.72,1430,0.6,1191,0.594,無,0,無,0
SW-80216C0,RE,7,Y,1.04,23.86,24.39,0.53,16.4,16.21,-0.19,2.98,3.06,0.08,16.67,16.5,10.31,10.69,0.42,1384,2.3,1576,0.72,1430,0.6,1191,0.595,無,0,無,0
SW-80216C0,RE,7,Y,1.04,23.86,24.01,0.15,16.4,16.42,0.01,2.98,3.4,0.42,16.67,16.76,10.31,11.71,0.44,1384,2.4,1576,0.72,1191,0.6,1430,0.6,無,0,無,0
SW-80216C0,RE,7,Y,1.04,23.86,24.06,0.2,16.4,16.37,-0.03,2.98,3.35,0.37,16.67,16.71,10.31,11.58,0.4,1384,2.4,1576,0.72,1191,0.6,1430,0.6,無,0,無,0
SW-80216C0,NB,5,Y,1.04,21,21.78,0.78,0.66,0.61,-0.05,-14.08,-13.76,0.32,14.1,13.78,272.7,272.53,0.67,1578,1.2,1391,0.62,1862,0.31,1191,0.137,無,0,無,0
SW-80216C0,NB,5,Y,1.04,21,20.96,-0.04,0.66,0.71,0.04,-14.08,-14.09,-0.01,14.1,14.11,272.7,272.87,0.06,1578,1.3,1391,0.65,1862,0.31,1191,0.137,無,0,無,0
SW-80216C0,NB,5,Y,1.04,21,21.16,0.16,0.66,0.7,0.04,-14.08,-14.04,0.04,14.1,14.06,272.7,272.87,0.14,1578,1.3,1391,0.65,1862,0.31,1191,0.137,無,0,無,0
SW-80216C0,BR,3,Y,1.04,49.06,49.49,0.43,8.72,8.62,-0.1,5.73,5.15,-0.58,10.44,10.05,33.33,30.87,0.76,1391,0.264,1565,0.158,1191,0.125,無,0,無,0,無,0
SW-80216C0,BR,3,Y,1.04,49.06,48.85,-0.21,8.72,9.08,0.36,5.73,5.76,0.02,10.44,10.75,33.33,32.39,0.38,1391,0.27,1565,0.158,1191,0.13,無,0,無,0,無,0
SW-80216C0,BR,3,Y,1.04,49.06,48.83,-0.23,8.72,9.45,0.73,5.73,6.22,0.49,10.44,11.31,33.33,33.38,0.72,1391,0.275,1565,0.158,1191,0.135,無,0,無,0,無,0
SW-80216C0,BR,3,Y,1.04,49.06,48.8,-0.26,8.72,9.09,0.37,5.73,5.78,0.05,10.44,10.77,33.33,32.45,0.39,1391,0.267,1565,0.158,1191,0.13,無,0,無,0,無,0
SW-80216C0,BR,3,Y,1.04,49.06,48.78,-0.28,8.72,9.31,0.59,5.73,5.97,0.23,10.44,11.06,33.33,32.65,0.56,1391,0.265,1565,0.158,1191,0.13,無,0,無,0,無,0
SW-80216C0,BR,3,Y,1.04,49.06,49.23,0.17,8.72,8.86,0.14,5.73,5.97,0.24,10.44,10.69,33.33,33.99,0.29,1391,0.26,1565,0.158,1191,0.13,無,0,無,0,無,0
SW-80216C0,BR,3,Y,1.04,49.06,49.08,0.02,8.72,8.64,-0.08,5.73,5.95,0.22,10.44,10.49,33.33,34.56,0.34,1391,0.255,1565,0.158,1191,0.13,無,0,無,0,無,0
SW-80216C0,BR,3,Y,1.04,49.06,49.18,0.13,8.72,8.89,0.17,5.73,5.92,0.19,10.44,10.68,33.33,33.67,0.23,1391,0.26,1565,0.158,1191,0.13,無,0,無,0,無,0
SW-80216C0,GY,5,Y,1.04,32.06,33.12,1.06,0.03,0.52,0.49,-8.62,-8.05,0.58,8.62,8.06,270.19,273.7,1.06,1588,1.05,1391,0.69,1191,0.145,無,0,無,0,無,0
SW-80216C0,GY,5,Y,1.04,32.06,32.96,0.9,0.03,1.41,1.38,-8.62,-7.64,0.99,8.62,7.76,270.19,280.43,2.18,1588,1.07,1391,0.7,1191,0.14,無,0,無,0,無,0
SW-80216C0,GY,5,Y,1.04,32.06,33.1,1.04,0.03,0.83,0.8,-8.62,-7.44,1.18,8.62,7.49,270.19,276.39,1.66,1588,1.05,1391,0.68,1191,0.145,無,0,無,0,無,0
SCK-2426,BL,5,N,1.04,28.6,27.22,-1.38,-0.17,0.31,0.48,-11.65,-13.05,-1.4,11.65,13.05,269.16,271.38,1.53,1578,0.93,1724,0.36,1391,0.2,無,0,無,0,無,0
SCK-2426,BL,5,N,1.04,28.6,27.04,-1.56,-0.17,0.35,0.52,-11.65,-12.82,-1.18,11.65,12.83,269.16,271.57,1.5,1578,0.93,1724,0.36,1391,0.2,無,0,無,0,無,0
SCK-2426,BL,5,N,1.04,28.6,27.62,-0.98,-0.17,-0.01,0.16,-11.65,-11.68,-0.03,11.65,11.68,269.16,269.95,0.66,1578,0.85,1724,0.36,1391,0.18,無,0,無,0,無,0
SCK-2426,BL,5,N,1.04,28.6,28.19,-0.41,-0.17,-0.18,-0.01,-11.65,-11.2,0.45,11.65,11.2,269.16,269.07,0.44,1578,0.8,1724,0.36,1391,0.16,無,0,無,0,無,0
SCK-2426,BL,5,N,1.04,28.6,28.79,0.19,-0.17,0,0.17,-11.65,-12.34,-0.69,11.65,12.34,269.16,270.01,0.6,1578,0.8,1724,0.34,1391,0.16,無,0,無,0,無,0
SCK-2426,BL,5,N,1.04,28.6,28.9,0.3,-0.17,0.21,0.38,-11.65,-12.63,-0.98,11.65,12.63,269.16,270.96,0.92,1578,0.8,1724,0.32,1391,0.17,無,0,無,0,無,0
SCK-2426,BL,5,N,1.04,28.6,28.26,-0.34,-0.17,-0.19,-0.02,-11.65,-12.04,-0.4,11.65,12.05,269.16,269.11,0.38,1578,0.8,1724,0.34,1391,0.16,無,0,無,0,無,0
SCK-2426,BL,5,N,1.04,28.6,28.4,-0.2,-0.17,-0.21,-0.04,-11.65,-12.03,-0.39,11.65,12.04,269.16,269,0.33,1578,0.8,1724,0.34,1391,0.16,無,0,無,0,無,0
SCK-587,WH,1,Y,1.04,91.17,91.43,0.26,-0.5,-0.61,-0.11,5.13,4.72,-0.41,5.16,4.76,95.61,97.36,0.47,1111,0.0055,1310,0.0032,1510,0.002,無,0,無,0,無,0
SCK-587,WH,1,Y,1.04,91.17,91.12,-0.05,-0.5,-0.68,-0.17,5.13,5.04,-0.09,5.16,5.09,95.61,97.62,0.25,1111,0.006,1310,0.0034,1510,0.002,無,0,無,0,無,0
SCK-587,WH,1,Y,1.04,91.17,91.14,-0.03,-0.5,-0.67,-0.17,5.13,5.07,-0.06,5.16,5.12,95.61,97.52,0.23,1111,0.006,1310,0.0034,1510,0.002,無,0,無,0,無,0
SCK-2129,BK,6,N,1.04,16.43,16.27,-0.16,-0.68,-0.82,-0.14,-1.77,-1.78,-0.01,1.9,1.96,248.89,245.17,0.24,1862,2.6,1391,0.653,1578,0.6,1191,0.505,無,0,無,0
SCK-2129,GY,4,N,1.04,30.96,31.46,0.5,0.03,0.03,0,-1.55,-1.31,0.24,1.55,1.31,271.1,271.1,0.45,1576,0.98,1724,0.717,1391,0.124,1191,0.025,無,0,無,0
SCK-2129,GY,4,N,1.04,30.96,31.52,0.56,0.03,0.01,-0.02,-1.55,-1.28,0.27,1.55,1.28,271.1,270.45,0.5,1576,0.931,1724,0.681,1391,0.118,1191,0.024,無,0,無,0
SCK-2129,GY,4,N,1.04,30.96,30.46,-0.5,0.03,-0.06,-0.09,-1.55,-1.75,-0.19,1.55,1.75,271.1,267.88,0.42,1576,1.02,1724,0.717,1391,0.124,1191,0.025,無,0,無,0
SCK-2129,GY,4,N,1.04,30.96,30.56,-0.4,0.03,-0.05,-0.08,-1.55,-1.75,-0.19,1.55,1.75,271.1,268.43,0.37,1576,1,1724,0.717,1391,0.124,1191,0.025,無,0,無,0
SW-80216C0,PU,2,Y,1.04,72.86,73.45,0.59,3.7,3.06,-0.65,-3.01,-3.13,-0.13,4.77,4.38,320.93,314.32,0.82,1534,0.0815,1381,0.062,1233,0.024,無,0,無,0,無,0
SW-80216C0,PU,2,Y,1.04,72.86,73.01,0.15,3.7,3.87,0.17,-3.01,-2.73,0.27,4.77,4.74,320.93,324.78,0.41,1534,0.083,1381,0.067,1233,0.027,無,0,無,0,無,0
SW-80216C0,PU,2,Y,1.04,72.86,72.99,0.14,3.7,3.9,0.2,-3.01,-2.89,0.11,4.77,4.86,320.93,323.42,0.29,1534,0.085,1381,0.068,1233,0.027,無,0,無,0,無,0
SW-80216C0,PU,2,Y,1.04,72.86,73.73,0.87,3.7,3.25,-0.45,-3.01,-2.75,0.25,4.77,4.26,320.93,319.75,0.65,1534,0.082,1381,0.066,1233,0.024,無,0,無,0,無,0
SW-80216C0,PU,2,Y,1.04,72.86,72.88,0.03,3.7,3.48,-0.22,-3.01,-3.05,-0.04,4.77,4.63,320.93,318.8,0.27,1534,0.0815,1381,0.068,1233,0.0235,無,0,無,0,無,0
SW-80216C0,PU,2,Y,1.04,72.86,72.82,-0.04,3.7,4.03,0.33,-3.01,-3.96,-0.95,4.77,5.65,320.93,315.5,1.14,1534,0.0815,1381,0.071,1233,0.023,無,0,無,0,無,0
SW-80216C0,PU,2,Y,1.04,72.86,72.9,0.04,3.7,4.24,0.54,-3.01,-3.65,-0.65,4.77,5.6,320.93,319.3,0.92,1534,0.0815,1381,0.075,1233,0.0225,無,0,無,0,無,0
SW-80216C0,PU,2,Y,1.04,72.86,72.74,-0.12,3.7,4.17,0.47,-3.01,-4.02,-1.01,4.77,5.79,320.93,316.09,1.24,1534,0.0815,1381,0.07,1233,0.024,無,0,無,0,無,0
SW-80216C0,PU,2,Y,1.04,72.86,72.78,-0.07,3.7,4.06,0.36,-3.01,-3.6,-0.6,4.77,5.43,320.93,318.42,0.77,1534,0.0815,1381,0.07,1233,0.025,無,0,無,0,無,0
SW-80216C0,PU,2,Y,1.04,72.86,73.37,0.51,3.7,3.84,0.13,-3.01,-3.25,-0.25,4.77,5.03,320.93,319.71,0.37,1534,0.0815,1381,0.068,1233,0.0265,無,0,無,0,無,0
SW-80216C0,PU,2,Y,1.04,72.86,73.64,0.78,3.7,3.57,-0.13,-3.01,-3.11,-0.1,4.77,4.73,320.93,318.99,0.36,1534,0.0815,1381,0.066,1233,0.0272,無,0,無,0,無,0
SW-8992C0,BL,5,Y,1.04,27.61,26.36,-1.25,1.48,1.12,-0.36,-7.98,-7.59,0.39,8.12,7.67,280.53,278.42,1,1578,1,1430,0.48,1722,0.46,無,0,無,0,無,0
SW-8992C0,BL,5,Y,1.04,27.61,26.4,-1.21,1.48,1.07,-0.41,-7.98,-8.16,-0.18,8.12,8.23,280.53,277.5,1.01,1578,0.95,1722,0.42,1430,0.046,無,0,無,0,無,0
SW-8992C0,BL,5,Y,1.04,27.61,26.17,-1.44,1.48,1.17,-0.31,-7.98,-8.41,-0.43,8.12,8.49,280.53,277.91,1.14,1578,0.9,1722,0.39,1430,0.045,無,0,無,0,無,0
SW-8992C0,BL,5,Y,1.04,27.61,28.24,0.63,1.48,0.95,-0.53,-7.98,-8.97,-0.99,8.12,9.02,280.53,276.04,1.32,1578,0.84,1722,0.367,1430,0.043,無,0,無,0,無,0
SW-8992C0,BL,5,Y,1.04,27.61,29.46,1.85,1.48,0.96,-0.53,-7.98,-8.48,-0.5,8.12,8.53,280.53,276.45,1.53,1578,0.78,1722,0.351,1430,0.041,無,0,無,0,無,0
SW-8992C0,BL,5,Y,1.04,27.61,28.09,0.48,1.48,1.25,-0.23,-7.98,-8.14,-0.16,8.12,8.23,280.53,278.75,0.49,1578,0.84,1722,0.385,1430,0.045,無,0,無,0,無,0
SW-8992C0,BL,5,Y,1.04,27.61,27.74,0.13,1.48,1.26,-0.22,-7.98,-8.16,-0.18,8.12,8.26,280.53,278.79,0.39,1578,0.84,1722,0.385,1430,0.045,無,0,無,0,無,0
SW-80135,NB,7,N,0.93,17.77,17.99,0.22,-0.38,-1.24,-0.86,-5.22,-5.2,0.01,5.23,5.35,265.78,256.56,1.15,1862,1.8,1578,1.5,1724,0.9,1391,0.03,無,0,無,0
SW-80135,NB,7,N,0.93,17.77,17.67,-0.1,-0.38,-0.69,-0.3,-5.22,-5.16,0.05,5.23,5.21,265.78,262.39,0.42,1578,1.5,1862,1.5,1724,0.96,1391,0.28,無,0,無,0
SW-80135,NB,7,N,0.93,17.77,18.26,0.49,-0.38,-1.4,-1.01,-5.22,-5.43,-0.21,5.23,5.6,265.78,255.57,1.4,1862,1.71,1578,1.425,1724,0.855,1391,0.029,無,0,無,0
SW-80135,NB,7,N,0.93,17.77,17.82,0.04,-0.38,-1.2,-0.82,-5.22,-5.41,-0.19,5.23,5.54,265.78,257.48,1.08,1862,1.7,1578,1.5,1724,0.88,1391,0.06,無,0,無,0
SW-80135,NB,7,N,0.93,17.77,17.88,0.1,-0.38,-1.04,-0.65,-5.22,-5.44,-0.22,5.23,5.54,265.78,259.19,0.88,1862,1.7,1578,1.5,1724,0.88,1391,0.1,無,0,無,0
SW-80135,NB,7,N,0.93,17.77,18.01,0.24,-0.38,-1.03,-0.64,-5.22,-5.5,-0.29,5.23,5.6,265.78,259.4,0.91,1862,1.6,1578,1.5,1724,0.9,1391,0.13,無,0,無,0
SW-80135,NB,7,N,0.93,17.77,18.12,0.35,-0.38,-0.9,-0.52,-5.22,-5.64,-0.42,5.23,5.71,265.78,260.9,0.85,1862,1.55,1578,1.5,1724,0.9,1391,0.16,無,0,無,0
SW-80135,NB,7,N,0.93,17.77,17.65,-0.12,-0.38,-0.69,-0.31,-5.22,-5.2,0.02,5.23,5.24,265.78,262.42,0.42,1862,1.55,1578,1.5,1724,1,1391,0.22,無,0,無,0
SW-80135,NB,7,N,0.93,17.77,17.45,-0.32,-0.38,-0.41,-0.03,-5.22,-5.07,0.15,5.23,5.09,265.78,265.33,0.33,1862,1.6,1578,1.5,1724,1,1391,0.3,無,0,無,0
SW-80135,NB,7,N,0.93,17.77,17.43,-0.34,-0.38,-0.33,0.05,-5.22,-5.05,0.17,5.23,5.06,265.78,266.26,0.36,1578,1.5,1862,1.5,1724,0.96,1391,0.25,無,0,無,0
SW-80135,NB,7,N,0.93,17.77,17.74,-0.04,-0.38,-0.51,-0.12,-5.22,-5.44,-0.22,5.23,5.46,265.78,264.65,0.28,1578,1.5,1862,1.5,1724,0.96,1391,0.28,無,0,無,0
SW-81269C0,YE,2,N,1.04,83.17,83.07,-0.1,3.17,2.94,-0.22,30.61,29.91,-0.7,30.77,30.05,84.09,84.38,0.38,1111,0.16,1310,0.0305,1510,0.0048,無,0,無,0,無,0
SW-81269C0,YE,2,N,1.04,83.17,83.06,-0.11,3.17,3.37,0.2,30.61,30.54,-0.06,30.77,30.73,84.09,83.71,0.19,1111,0.165,1310,0.031,1510,0.0045,無,0,無,0,無,0
SW-81269C0,YE,2,N,1.04,83.17,83.06,-0.11,3.17,3.34,0.17,30.61,30.7,0.09,30.77,30.88,84.09,83.79,0.16,1111,0.165,1310,0.031,1510,0.0045,無,0,無,0,無,0
SW-81269C0,RE,3,N,1.04,45.09,46.13,1.03,14.7,14.43,-0.27,9.55,9.62,0.07,17.53,17.34,33.01,33.69,0.58,1391,0.375,1724,0.31,1565,0.219,1142,0.082,無,0,無,0
SW-81269C0,RE,3,N,1.04,45.09,45.53,0.43,14.7,14.88,0.18,9.55,9.64,0.09,17.53,17.73,33.01,32.94,0.25,1391,0.39,1724,0.31,1565,0.219,1142,0.082,無,0,無,0
SW-81269C0,RE,3,N,1.04,45.09,44.87,-0.22,14.7,14.87,0.17,9.55,9.56,0.01,17.53,17.68,33.01,32.74,0.18,1391,0.405,1724,0.325,1565,0.23,1142,0.086,無,0,無,0
SW-81269C0,RE,3,N,1.04,45.09,44.93,-0.17,14.7,14.88,0.18,9.55,9.54,-0.02,17.53,17.68,33.01,32.65,0.19,1391,0.405,1724,0.325,1565,0.23,1142,0.086,無,0,無,0
SW-80135,GY,5,N,0.93,25.38,25.93,0.54,0.97,1.39,0.42,-3.14,-2.89,0.25,3.28,3.21,287.14,295.62,0.75,1862,1.22,1430,0.51,1142,0.222,1588,0.08,無,0,無,0
SW-80135,GY,5,N,0.93,25.38,25.54,0.16,0.97,1.03,0.06,-3.14,-2.91,0.23,3.28,3.09,287.14,289.54,0.31,1862,1.1,1430,0.52,1142,0.215,1588,0.08,無,0,無,0
SW-80135,GY,5,N,0.93,25.38,25.83,0.45,0.97,1.01,0.05,-3.14,-3,0.14,3.28,3.16,287.14,288.71,0.36,1862,1.1,1430,0.52,1142,0.22,1588,0.09,無,0,無,0
SCK-587,PU,7,Y,1.04,22.78,22.72,-0.06,10.54,10.29,-0.25,1.03,0.71,-0.31,10.59,10.31,5.56,3.96,0.41,1384,2.6,1383,1.7,1191,0.9,1578,0.87,無,0,無,0
SCK-587,PU,7,Y,1.04,22.78,22.61,-0.17,10.54,10.56,0.02,1.03,1.04,0.02,10.59,10.61,5.56,5.64,0.13,1384,2.6,1383,1.8,1191,0.9,1578,0.85,無,0,無,0
SK-548C0,BK,7,N,1.25,16.57,17.23,0.67,-0.77,-0.66,0.11,-2.42,-2.29,0.14,2.54,2.38,252.3,253.78,0.67,1862,1.4,1863,0.91,1430,0.365,1191,0.3,1578,0.3,無,0
SK-548C0,BK,7,N,1.25,16.57,18.08,1.52,-0.77,-0.11,0.66,-2.42,-3.05,-0.63,2.54,3.05,252.3,267.88,1.87,1862,2.3,1430,0.365,1191,0.15,無,0,無,0,無,0
SK-548C0,BK,7,N,1.25,16.57,16.46,-0.11,-0.77,-0.84,-0.07,-2.42,-2.4,0.02,2.54,2.55,252.3,250.73,0.14,1862,2.4,1430,0.36,1578,0.33,1191,0.3,無,0,無,0
SK-548C0,BK,7,N,1.25,16.57,16.68,0.11,-0.77,-0.91,-0.14,-2.42,-2.45,-0.03,2.54,2.61,252.3,249.64,0.21,1862,2.4,1430,0.36,1578,0.33,1191,0.3,無,0,無,0
SW-80337,NB,6,N,1.04,18.83,17.52,-1.3,-0.51,-0.52,-0.02,-5.43,-5.11,0.32,5.46,5.14,264.68,264.17,1.17,1578,1.55,1862,1.5,1391,0.6,1191,0.315,無,0,無,0
SW-80337,NB,6,N,1.04,18.83,17.98,-0.85,-0.51,-0.55,-0.04,-5.43,-5.36,0.07,5.46,5.39,264.68,264.13,0.74,1578,1.473,1862,1.425,1391,0.57,1191,0.299,無,0,無,0
SW-80337,NB,6,N,1.04,18.83,19.33,0.5,-0.51,-0.81,-0.3,-5.43,-6.21,-0.78,5.46,6.27,264.68,262.61,0.99,1578,1.47,1862,1.3,1391,0.57,1191,0.3,無,0,無,0
SW-80337,NB,6,N,1.04,18.83,19.15,0.32,-0.51,-0.74,-0.23,-5.43,-6.15,-0.71,5.46,6.19,264.68,263.14,0.84,1578,1.47,1862,1.2,1391,0.57,1191,0.3,無,0,無,0
SW-80337,NB,6,N,1.04,18.83,18.93,0.1,-0.51,-0.46,0.05,-5.43,-5.82,-0.39,5.46,5.84,264.68,265.53,0.42,1578,1.47,1862,1.3,1391,0.65,1191,0.33,無,0,無,0
SW-80337,NB,6,N,1.04,18.83,19.15,0.32,-0.51,-0.38,0.12,-5.43,-5.63,-0.19,5.46,5.64,264.68,266.08,0.38,1578,1.47,1862,1.3,1391,0.7,1191,0.35,無,0,無,0
SW-80337,NB,6,N,1.04,18.83,18.94,0.12,-0.51,-0.4,0.11,-5.43,-5.52,-0.09,5.46,5.53,264.68,265.86,0.2,1578,1.47,1862,1.3,1391,0.65,1191,0.35,無,0,無,0
SCK-2034,BL,6,N,1.04,38.66,38.47,-0.19,-12.32,-12.06,0.26,-32.44,-32.82,-0.39,34.7,34.97,249.2,249.82,0.31,1585,2,1567,0.72,1588,0.32,1191,0.021,無,0,無,0
SCK-2034,BL,6,N,1.04,38.66,38.97,0.31,-12.32,-12.23,0.09,-32.44,-32.79,-0.35,34.7,34.99,249.2,249.55,0.26,1585,1.9,1567,0.684,1588,0.304,1191,0.02,無,0,無,0
SCK-2034,BL,6,N,1.04,38.66,38.57,-0.09,-12.32,-12.07,0.25,-32.44,-32.6,-0.17,34.7,34.77,249.2,249.69,0.21,1585,1.9,1567,0.69,1588,0.304,1191,0.021,無,0,無,0
SCK-2034,BL,6,N,1.04,38.66,38.73,0.07,-12.32,-12.46,-0.14,-32.44,-32.52,-0.08,34.7,34.82,249.2,249.03,0.1,1585,2,1567,0.69,1588,0.304,1191,0.022,無,0,無,0
SCK-2034,BL,6,N,1.04,38.66,38.79,0.13,-12.32,-12.51,-0.19,-32.44,-32.53,-0.1,34.7,34.85,249.2,248.96,0.14,1585,2,1567,0.69,1588,0.304,1191,0.022,無,0,無,0
SW-81081C0,GY,4,Y,1.04,31.21,31.33,0.13,0.16,0.09,-0.07,-1.05,-0.87,0.18,,0.88,,275.99,0.28,1576,0.92,1191,0.26,1430,0.243,1722,0.186,無,0,無,0
SW-80779C0,PU,2,Y,1.04,45.99,45.92,-0.08,7.55,7.91,0.37,-14.44,-14.18,0.26,,,,,0.48,1565,0.338,1391,0.21,1201,0.041,1142,0.0053,無,0,無,0
SW-8507,BK,7,N,1.04,16.28,16.69,0.4,-0.28,-0.27,0.01,-1.63,-1.61,0.03,,,,,0.39,1862,2.7,1578,0.87,1391,0.85,1191,0.545,無,0,無,0
SW-80352C01,GY,4,Y,0.69,30.86,30.45,-0.41,0.03,0.31,0.28,-7.15,-7.16,-0.01,,7.16,,272.44,0.45,1578,0.7,1391,0.29,1191,0.167,1722,0.105,無,0,無,0
SW-80352C01,GY,4,Y,0.69,30.86,30.98,0.12,0.03,-0.03,-0.06,-7.15,-6.93,0.21,,6.93,,269.75,0.23,1578,0.7,1391,0.285,1191,0.167,1722,0.105,無,0,無,0
SCW-837AM1,PU,4,N,1,40.65,40.5,-0.15,22.93,22.83,-0.1,6.24,6.38,0.14,,,,,0.17,1384,0.935,1191,0.245,1565,0.213,無,0,無,0,無,0
SCW-837AM1,PU,4,N,1,40.65,40.47,-0.18,22.93,23.01,0.08,6.24,6.69,0.45,,,,,0.39,1384,0.935,1191,0.245,1565,0.21,無,0,無,0,無,0
SW-81138C0,BL,6,Y,1.04,21.98,20.78,-1.2,-4.89,-4.38,0.51,-19.27,-18.7,0.56,,,,,1.06,1588,1.7,1578,1.3,1191,0.13,無,0,無,0,無,0
SW-81138C0,BL,6,Y,1.04,21.98,21.61,-0.37,-4.89,-4.97,-0.07,-19.27,-19.33,-0.06,,,,,0.3,1588,1.7,1578,1.2,1191,0.12,無,0,無,0,無,0
SW-81138C0,BL,6,Y,1.04,21.98,21.95,-0.03,-4.89,-4.96,-0.07,-19.27,-19.94,-0.67,,,,,0.42,1588,1.6,1578,1.15,1191,0.11,無,0,無,0,無,0
SW-80928C0,PU,5,Y,1.04,31.88,33.37,1.49,28.59,27.14,-1.45,-22.15,-20.92,1.22,,,,,1.24,1374,2.4,1681,0.45,1565,0.045,1191,0.03,無,0,無,0
SW-80928C0,PU,5,Y,1.04,31.88,33.11,1.23,28.59,27.17,-1.42,-22.15,-20.22,1.93,,,,,1.35,1374,2.5,1681,0.45,1565,0.045,1191,0.035,無,0,無,0
SW-80928C0,PU,5,Y,1.04,31.88,32.66,0.78,28.59,26.43,-2.16,-22.15,-21.82,0.33,,,,,1.21,1374,2.5,1681,0.5,1565,0.05,1191,0.028,無,0,無,0
SW-80928C0,PU,5,Y,1.04,31.88,31.83,-0.05,28.59,26.5,-2.08,-22.15,-21.57,0.58,,,,,1.06,1374,2.6,1681,0.5,1565,0.055,1191,0.028,無,0,無,0
SW-80928C0,OL,6,Y,1.04,22.71,22.64,-0.07,-0.06,0.7,0.76,0.73,-0.88,-1.61,,,,,2.61,1593,1.5,1724,0.8,1430,0.63,1191,0.45,無,0,無,0
SW-80928C0,OL,6,Y,1.04,22.71,22.6,-0.11,-0.06,0.77,0.84,0.73,-0.17,-0.9,,,,,1.8,1593,1.5,1724,0.8,1430,0.65,1191,0.5,無,0,無,0
SW-80928C0,OL,6,Y,1.04,22.71,23.2,0.49,-0.06,0.81,0.88,0.73,0.77,0.04,,,,,1.34,1593,1.4,1724,0.8,1430,0.6,1191,0.5,無,0,無,0
SW-80928C0,OL,6,Y,1.04,22.71,23.52,0.81,-0.06,0.83,0.89,0.73,1.46,0.73,,,,,1.79,1593,1.4,1724,0.82,1430,0.6,1191,0.55,無,0,無,0
SW-80928C0,KH,4,Y,1.04,47.55,47.34,-0.2,1.51,0.8,-0.71,9.86,9.56,-0.3,,,,,1.03,1724,0.42,1565,0.26,1430,0.055,1191,0.045,無,0,無,0
SW-80928C0,KH,4,Y,1.04,47.55,46.7,-0.84,1.51,0.63,-0.88,9.86,8.92,-0.94,,,,,1.46,1724,0.42,1565,0.27,1430,0.058,1191,0.045,無,0,無,0
SW-80928C0,KH,4,Y,1.04,47.55,47.78,0.23,1.51,1.41,-0.11,9.86,10.32,0.47,,,,,0.46,1724,0.43,1565,0.25,1430,0.06,1191,0.047,無,0,無,0
SW-80928C0,KH,4,Y,1.04,47.55,47.91,0.36,1.51,1.47,-0.04,9.86,10.49,0.63,,,,,0.58,1724,0.44,1565,0.25,1430,0.06,1191,0.048,無,0,無,0
SW-80928C0,PI,5,Y,1.04,46.1,46.69,0.59,35.8,33.36,-2.44,-13.29,-11.29,1.99,,,,,1.49,1374,0.4,1430,0.3,1640,0.045,無,0,無,0,無,0
SW-80928C0,PI,5,Y,1.04,46.1,46.59,0.49,35.8,33.82,-1.97,-13.29,-11.64,1.65,,,,,1.22,1374,0.5,1430,0.27,1640,0.05,無,0,無,0,無,0
SW-80928C0,PI,5,Y,1.04,46.1,46.18,0.08,35.8,33.75,-2.04,-13.29,-12.6,0.68,,,,,0.95,1374,0.6,1430,0.25,1640,0.06,無,0,無,0,無,0
SW-80928C0,PI,5,Y,1.04,46.1,44.78,-1.32,35.8,34.16,-1.63,-13.29,-12.72,0.56,,,,,0.99,1374,0.7,1430,0.25,1640,0.07,無,0,無,0,無,0
SW-80216C0,NB,5,Y,1.04,20.89,21.13,-0.43,1.04,3.41,1.03,-13.67,-13.22,-1.22,,,,,1.49,1578,1.15,1862,0.65,1391,0.6,1142,0.01,無,0,無,0
SW-80216C0,NB,5,Y,1.04,20.89,21.13,-0.44,1.04,2.15,-0.23,-13.67,-12.17,-0.18,,,,,0.49,1578,1.15,1862,0.68,1391,0.5,1142,0.03,無,0,無,0
SW-80216C0,NB,5,Y,1.04,20.89,21.56,0,1.04,1.3,-1.08,-13.67,-12.03,-0.04,,,,,1.42,1578,1.15,1862,0.68,1391,0.4,1142,0.035,無,0,無,0
SW-80216C0,NB,5,Y,1.04,20.89,22.01,0.45,1.04,2.46,0.08,-13.67,-12.08,-0.08,,,,,0.37,1578,1.05,1862,0.7,1391,0.53,1142,0.03,無,0,無,0
SW-80216C0,NB,5,Y,1.04,20.89,21.62,0.05,1.04,2.27,-0.11,-13.67,-12.11,-0.12,,,,,0.19,1578,1.08,1862,0.72,1391,0.5,1142,0.03,無,0,無,0
SCK-4154AM,GY,2,N,1.25,77.24,80.13,2.89,-1.63,-1.96,-0.33,0.7,1.25,0.55,,,,,1.38,1510,0.0235,1310,0.0225,1111,0.022,無,0,無,0,無,0
SCK-4154AM,GY,2,N,1.25,77.24,78.78,1.54,-1.63,-1.93,-0.3,0.7,1.61,0.91,,,,,1.41,1510,0.0284,1310,0.0275,1111,0.0266,無,0,無,0,無,0
SCK-4154AM,GY,2,N,1.25,77.24,77.99,0.75,-1.63,-2.08,-0.45,0.7,1.21,0.51,,,,,0.95,1510,0.032,1310,0.031,1111,0.0293,無,0,無,0,無,0
SCK-4154AM,GY,2,N,1.25,77.24,77.25,0.01,-1.63,-2.26,-0.63,0.7,1.15,0.45,,,,,1.03,1510,0.035,1310,0.0332,1111,0.032,無,0,無,0,無,0
SCK-4154AM,GY,2,N,1.25,77.24,77.02,-0.22,-1.63,-1.68,-0.05,0.7,0.98,0.28,,,,,0.39,1510,0.0355,1310,0.035,1111,0.032,無,0,無,0,無,0
SCK-4154AM,GY,2,N,1.25,77.24,76.98,-0.27,-1.63,-1.73,-0.1,0.7,0.8,0.1,,,,,0.21,1510,0.0355,1310,0.0345,1111,0.0315,無,0,無,0,無,0
SCK-4154AM,GY,2,N,1.25,77.24,76.96,-0.28,-1.63,-1.75,-0.12,0.7,0.72,0.02,,,,,0.19,1510,0.036,1310,0.0345,1111,0.0318,無,0,無,0,無,0
SCK-4154AM,GY,2,N,1.25,77.24,77.08,-0.16,-1.63,-1.85,-0.22,0.7,0.67,-0.03,,,,,0.3,1510,0.036,1310,0.0347,1111,0.0318,無,0,無,0,無,0
SCK-4154AM,RE,2,N,1.25,61.3,58.43,-2.87,12.03,12.2,0.17,3.44,5.05,1.61,,,,,2.2,1391,0.14,1565,0.065,1191,0.06,無,0,無,0,無,0
SCK-4154AM,RE,2,N,1.25,61.3,61.26,-0.03,12.03,12.01,-0.02,3.44,3.84,0.4,,,,,0.47,1391,0.114,1565,0.053,1191,0.043,無,0,無,0,無,0
SCK-4154AM,RE,2,N,1.25,61.3,61.49,0.19,12.03,11.9,-0.13,3.44,3.24,-0.2,,,,,0.25,1391,0.116,1565,0.055,1191,0.044,無,0,無,0,無,0
SCK-4154AM,RE,2,N,1.25,61.3,61.79,0.49,12.03,11.71,-0.32,3.44,3.02,-0.42,,,,,0.54,1391,0.115,1565,0.055,1191,0.043,無,0,無,0,無,0
SCK-4154AM,RE,2,N,1.25,61.3,61.74,0.44,12.03,11.97,-0.07,3.44,3.56,0.12,,,,,0.24,1391,0.117,1565,0.054,1191,0.0442,無,0,無,0,無,0
SCK-4154AM,RE,2,N,1.25,61.3,61.62,0.32,12.03,11.95,-0.08,3.44,3.68,0.24,,,,,0.34,1391,0.117,1565,0.054,1191,0.0445,無,0,無,0,無,0
SCK-4154AM,WH,1,N,1.25,93.96,93.6,-0.36,-1.09,-2.34,-1.25,5.04,10.47,5.43,,,,,5.89,1111,0.0067,1510,0.0004,1310,0.0003,無,0,無,0,無,0
SCK-4154AM,WH,1,N,1.25,93.96,94.33,0.38,-1.09,-1.93,-0.84,5.04,7.95,2.91,,,,,3.2,1111,0.0035,1510,0.0004,1310,0.0003,無,0,無,0,無,0
SCK-4154AM,WH,1,N,1.25,93.96,94.38,0.42,-1.09,-1.68,-0.59,5.04,7.1,2.06,,,,,2.27,1111,0.0028,1510,0.0005,1310,0.0004,無,0,無,0,無,0
SCK-4154AM,WH,1,N,1.25,93.96,94.67,0.71,-1.09,-1.64,-0.54,5.04,6.91,1.87,,,,,2.07,1111,0.0025,1510,0.0006,1310,0.0004,無,0,無,0,無,0
SCK-4154AM,WH,1,N,1.25,93.96,94.39,0.43,-1.09,-1.49,-0.4,5.04,5.97,0.92,,,,,1.08,1111,0.002,1510,0.0007,1310,0.0005,無,0,無,0,無,0
SCK-4154AM,WH,1,N,1.25,93.96,94.33,0.37,-1.09,-1.37,-0.28,5.04,5.39,0.35,,,,,0.51,1111,0.0018,1510,0.0007,1310,0.0005,無,0,無,0,無,0
SCK-4154AM,WH,1,N,1.25,93.96,94.26,0.3,-1.09,-1.22,-0.13,5.04,5.4,0.35,,,,,0.41,1111,0.0018,1510,0.0009,1310,0.0007,無,0,無,0,無,0
SCK-4154AM,WH,1,N,1.25,93.96,94.04,0.08,-1.09,-1.39,-0.29,5.04,5.02,-0.02,,,,,0.38,1111,0.0018,1510,0.001,1310,0.0007,無,0,無,0,無,0
SCK-4154AM,WH,1,N,1.25,93.96,94.18,0.22,-1.09,-1.25,-0.16,5.04,5.23,0.19,,,,,0.28,1111,0.0018,1510,0.001,1310,0.0008,無,0,無,0,無,0
SCK-4154AM,GY,4,N,1.25,28.87,24.35,-4.52,0.12,0.76,0.63,-2.14,-2.95,-0.82,,,,,3.19,1724,0.89,1578,0.88,1391,0.23,1191,0.0195,無,0,無,0
SCK-4154AM,GY,4,N,1.25,28.87,30.62,1.75,0.12,0.52,0.4,-2.14,-3.65,-1.51,,,,,2.31,1578,0.63,1724,0.63,1391,0.165,1191,0.0172,無,0,無,0
SCK-4154AM,GY,4,N,1.25,28.87,30.27,1.4,0.12,0.47,0.35,-2.14,-3.8,-1.66,,,,,2.37,1578,0.643,1724,0.63,1391,0.165,1191,0.0175,無,0,無,0
SCK-4154AM,GY,4,N,1.25,28.87,30.34,1.47,0.12,0.44,0.31,-2.14,-3.79,-1.66,,,,,2.38,1578,0.68,1724,0.65,1391,0.173,1191,0.053,無,0,無,0
SCK-4154AM,GY,4,N,1.25,28.87,35.32,6.45,0.12,-0.99,-1.11,-2.14,2.37,4.51,,,,,7.51,1576,0.63,1724,0.59,1391,0.0153,1191,0.013,無,0,無,0
SCK-4154AM,GY,4,N,1.25,28.87,30.37,1.5,0.12,2.72,2.59,-2.14,-0.59,1.55,,,,,4.2,1576,0.88,1724,0.76,1391,0.205,1191,0.014,無,0,無,0
SCK-4154AM,GY,4,N,1.25,28.87,29.81,0.94,0.12,0.37,0.24,-2.14,-3.89,-1.76,,,,,2.38,1578,0.66,1724,0.625,1391,0.161,1191,0.0136,無,0,無,0
SCK-4154AM,GY,4,N,1.25,28.87,28.98,0.11,0.12,0.29,0.16,-2.14,-4.08,-1.94,,,,,2.53,1578,0.7,1724,0.65,1391,0.167,1191,0.0145,無,0,無,0
SCK-4154AM,GY,4,N,1.25,28.87,30.24,1.36,0.12,0.58,0.46,-2.14,-3.45,-1.31,,,,,2.01,1724,0.625,1578,0.62,1391,0.165,1191,0.0153,無,0,無,0
SCK-4154AM,GY,4,N,1.25,28.87,30.83,1.96,0.12,0.74,0.62,-2.14,-3.39,-1.25,,,,,2.21,1724,0.625,1578,0.61,1391,0.166,1191,0.0152,無,0,無,0
SCK-4154AM,GY,4,N,1.25,28.87,29.36,0.49,0.12,-0.03,-0.15,-2.14,-1.94,0.19,,,,,0.45,1578,0.68,1724,0.65,1391,0.188,1191,0.069,無,0,無,0
SCK-4154AM,GY,4,N,1.25,28.87,29.58,0.71,0.12,-0.04,-0.16,-2.14,-2.07,0.06,,,,,0.51,1578,0.68,1724,0.65,1391,0.187,1191,0.07,無,0,無,0
SW-81081C0,RE,2,Y,1.04,61.3,58.15,-3.14,12.03,11.53,-0.5,3.44,2.68,-0.76,,,,,1.58,1391,0.12,1565,0.056,1191,0.046,無,0,無,0,無,0
SW-81081C0,RE,2,Y,1.04,61.3,59.8,-1.5,12.03,10.93,-1.11,3.44,3.41,-0.03,,,,,1.08,1391,0.126,1565,0.059,1191,0.0483,無,0,無,0,無,0
SW-81081C0,RE,2,Y,1.04,61.3,61.41,0.11,12.03,10.4,-1.64,3.44,3.99,0.55,,,,,1.63,1391,0.088,1565,0.042,1191,0.035,無,0,無,0,無,0
SW-81081C0,RE,2,Y,1.04,61.3,60.79,-0.51,12.03,11.53,-0.51,3.44,2.83,-0.61,,,,,0.77,1391,0.085,1565,0.04,1191,0.033,無,0,無,0,無,0
SW-81081C0,RE,2,Y,1.04,61.3,61.28,-0.01,12.03,12.26,0.22,3.44,3.06,-0.38,,,,,0.52,1391,0.095,1565,0.037,1191,0.031,無,0,無,0,無,0
SW-81081C0,RE,2,Y,1.04,61.3,61.05,-0.24,12.03,11.96,-0.07,3.44,3.59,0.15,,,,,0.22,1391,0.095,1565,0.036,1191,0.032,無,0,無,0,無,0
SW-81081C0,RE,2,Y,1.04,61.3,61.34,0.04,12.03,12.17,0.13,3.44,3.59,0.15,,,,,0.18,1391,0.094,1565,0.036,1191,0.0315,無,0,無,0,無,0
SW-80781,NB,6,N,1,18.94,20.05,1.11,0.54,0.63,0.09,-9.75,-10.38,-0.63,,,,,1.09,1578,1.3,1576,0.85,1724,0.77,1391,0.36,無,0,無,0
SW-80781,NB,6,N,1,18.94,19.06,0.11,0.54,0.51,-0.03,-9.75,-9.46,0.29,,,,,0.26,1578,1.5,1576,0.95,1724,0.9,1391,0.385,無,0,無,0
SW-80781,NB,6,N,1,18.94,18.86,-0.08,0.54,0.56,0.02,-9.75,-9.74,0,,,,,0.08,1578,1.5,1576,0.95,1724,0.87,1391,0.388,無,0,無,0
SW-80781,NB,6,N,1,18.94,19,0.05,0.54,0.61,0.07,-9.75,-9.85,-0.11,,,,,0.14,1578,1.5,1576,0.95,1724,0.85,1391,0.39,無,0,無,0
SW-80781,NB,6,N,1,18.94,18.86,-0.08,0.54,0.56,0.02,-9.75,-9.74,0,,,,,0.08,1578,1.5,1576,0.95,1724,0.87,1391,0.388,無,0,無,0
SW-80781,NB,6,N,1,18.94,19,0.05,0.54,0.61,0.07,-9.75,-9.85,-0.11,,,,,0.14,1578,1.5,1576,0.95,1724,0.85,1391,0.39,無,0,無,0
SW-80781,RE,2,N,1,61.3,64.33,3.04,12.03,12.5,0.47,3.44,2.34,-1.1,,,,,1.9,1391,0.095,1565,0.036,1191,0.032,無,0,無,0,無,0
SW-80781,RE,2,N,1,61.3,61.37,0.07,12.03,12.36,0.33,3.44,3.54,0.1,,,,,0.26,1391,0.121,1565,0.0472,1191,0.0453,無,0,無,0,無,0
SW-80781,RE,2,N,1,61.3,61.39,0.09,12.03,13.02,0.99,3.44,3.03,-0.41,,,,,1.01,1391,0.125,1565,0.046,1191,0.045,無,0,無,0,無,0
SW-80781,RE,2,N,1,61.3,61.54,0.24,12.03,12.73,0.7,3.44,3.75,0.31,,,,,0.59,1391,0.123,1565,0.047,1191,0.045,無,0,無,0,無,0
SW-80781,RE,2,N,1,61.3,61.03,-0.27,12.03,12.92,0.88,3.44,3.5,0.06,,,,,0.7,1391,0.122,1565,0.0472,1191,0.045,無,0,無,0,無,0
SW-80781,RE,2,N,1,61.3,61.73,0.43,12.03,11.94,-0.09,3.44,3.31,-0.13,,,,,0.23,1391,0.118,1565,0.0472,1191,0.0452,無,0,無,0,無,0
SW-80781,RE,2,N,1,61.3,61.78,0.48,12.03,11.83,-0.21,3.44,3.4,-0.04,,,,,0.26,1391,0.116,1565,0.0472,1191,0.0452,無,0,無,0,無,0
SW-80781,RE,2,N,1,61.3,61.72,0.42,12.03,11.96,-0.08,3.44,3.41,-0.04,,,,,0.19,1391,0.117,1565,0.0473,1191,0.0453,無,0,無,0,無,0
SW-80781,RE,2,N,1,61.3,61.39,0.1,12.03,12.35,0.32,3.44,3.51,0.07,,,,,0.25,1391,0.122,1565,0.0473,1191,0.0453,無,0,無,0,無,0
SW-80781,RE,2,N,1,61.3,61.67,0.38,12.03,11.96,-0.07,3.44,3.41,-0.03,,,,,0.17,1391,0.12,1565,0.0472,1191,0.0453,無,0,無,0,無,0
SW-80781,RE,2,N,1,61.3,61.67,0.38,12.03,11.96,-0.07,3.44,3.41,-0.03,,,,,0.17,1391,0.118,1565,0.0472,1191,0.0452,無,0,無,0,無,0
SW-80781,RE,2,N,1,61.3,61.37,0.07,12.03,12.36,0.33,3.44,3.54,0.1,,,,,0.26,1391,0.12,1565,0.0472,1191,0.0453,無,0,無,0,無,0
SW-80781,GY,1,N,1,77.24,76.23,-1.02,-1.63,-2.48,-0.85,0.7,0.71,0.01,,,,,1.19,1510,0.036,1310,0.0345,1111,0.0318,無,0,無,0,無,0
SW-80781,GY,1,N,1,77.24,76.48,-0.77,-1.63,-1.9,-0.27,0.7,0.56,-0.14,,,,,0.5,1310,0.0345,1510,0.032,1111,0.03,無,0,無,0,無,0
SW-80781,GY,1,N,1,77.24,76.87,-0.37,-1.63,-1.78,-0.15,0.7,0.69,-0.01,,,,,0.25,1310,0.0345,1510,0.033,1111,0.03,無,0,無,0,無,0
SW-80781,GY,1,N,1,77.24,76.8,-0.44,-1.63,-1.78,-0.15,0.7,0.7,0,,,,,0.26,1310,0.0345,1510,0.0325,1111,0.03,無,0,無,0,無,0
SW-80781,GY,1,N,1,77.24,76.87,-0.37,-1.63,-1.78,-0.15,0.7,0.69,-0.01,,,,,0.25,1310,0.0345,1510,0.033,1111,0.03,無,0,無,0,無,0
SW-80781,GY,1,N,1,77.24,76.8,-0.44,-1.63,-1.78,-0.15,0.7,0.7,0,,,,,0.26,1310,0.0345,1510,0.0325,1111,0.03,無,0,無,0,無,0
SW-80781,GY,5,N,1,28.87,29.29,0.42,0.12,-0.07,-0.2,-2.14,-2.63,-0.5,,,,,0.75,1578,0.68,1724,0.65,1391,0.188,1191,0.07,無,0,無,0
SW-80781,GY,5,N,1,28.87,29.33,0.46,0.12,-0.08,-0.2,-2.14,-2.3,-0.17,,,,,0.45,1578,0.68,1724,0.66,1391,0.195,1191,0.0745,無,0,無,0
SW-80781,GY,5,N,1,28.87,29.12,0.25,0.12,0.02,-0.1,-2.14,-2.28,-0.15,,,,,0.28,1578,0.68,1724,0.66,1391,0.198,1191,0.0745,無,0,無,0
SW-80781,GY,5,N,1,28.87,29.17,0.3,0.12,0.04,-0.09,-2.14,-2.3,-0.16,,,,,0.31,1578,0.68,1724,0.66,1391,0.2,1191,0.0746,無,0,無,0
SW-80781,GY,5,N,1,28.87,29.12,0.25,0.12,0.02,-0.1,-2.14,-2.28,-0.15,,,,,0.28,1578,0.68,1724,0.66,1391,0.198,1191,0.0745,無,0,無,0
SW-80781,GY,5,N,1,28.87,29.17,0.3,0.12,0.04,-0.09,-2.14,-2.3,-0.16,,,,,0.31,1578,0.68,1724,0.66,1391,0.2,1191,0.0746,無,0,無,0
SW-80779C0,BL,1,Y,1.04,82.7,83.16,0.46,-11.37,-11.41,-0.03,-6.79,-6.04,0.75,,,,,0.72,1510,0.02,1580,0.0078,1111,0.0043,無,0,無,0,無,0
SW-80779C0,BL,1,Y,1.04,82.7,83.01,0.31,-11.37,-11.68,-0.3,-6.79,-5.86,0.93,,,,,0.95,1510,0.021,1580,0.0076,1111,0.0042,無,0,無,0,無,0
SW-80779C0,BL,1,Y,1.04,82.7,82.49,-0.21,-11.37,-11.49,-0.12,-6.79,-6.12,0.67,,,,,0.65,1510,0.0206,1580,0.0076,1111,0.0041,無,0,無,0,無,0
SW-80779C0,BL,1,Y,1.04,82.7,82.94,0.24,-11.37,-11.41,-0.04,-6.79,-6.13,0.66,,,,,0.62,1510,0.0205,1580,0.0075,1111,0.004,無,0,無,0,無,0
SW-80779C0,BL,1,Y,1.04,82.7,82.43,-0.27,-11.37,-11.41,-0.04,-6.79,-6.51,0.28,,,,,0.28,1510,0.021,1580,0.0074,1111,0.004,無,0,無,0,無,0
SW-80779C0,BL,1,Y,1.04,82.7,82.67,-0.03,-11.37,-11.41,-0.04,-6.79,-6.52,0.27,,,,,0.25,1510,0.0212,1580,0.0073,1111,0.004,無,0,無,0,無,0
SW-80779C0,BL,1,Y,1.04,82.7,82.67,-0.03,-11.37,-11.41,-0.04,-6.79,-6.52,0.27,,,,,0.25,1510,0.0212,1580,0.0073,1111,0.004,無,0,無,0,無,0
SW-80779C0,GR,1,Y,1.04,86.65,86.93,0.29,-11.5,-11.18,0.31,16.91,16.86,-0.05,,,,,0.25,1111,0.033,1510,0.0073,1681,0.0011,無,0,無,0,無,0
SW-80779C0,GR,1,Y,1.04,86.65,86.85,0.21,-11.5,-11.48,0.02,16.91,16.44,-0.47,,,,,0.32,1111,0.034,1510,0.0073,1681,0.001,無,0,無,0,無,0
SW-80779C0,GR,1,Y,1.04,86.65,86.78,0.13,-11.5,-11.38,0.12,16.91,17.09,0.17,,,,,0.17,1111,0.0342,1510,0.0073,1681,0.0011,無,0,無,0,無,0
SW-80779C0,GR,1,Y,1.04,86.65,86.81,0.17,-11.5,-11.42,0.08,16.91,17.01,0.09,,,,,0.11,1111,0.0343,1510,0.0073,1681,0.0011,無,0,無,0,無,0
SW-80779C0,GR,1,Y,1.04,86.65,86.81,0.17,-11.5,-11.42,0.08,16.91,17.01,0.09,,,,,0.11,1111,0.0342,1510,0.0073,1681,0.0011,無,0,無,0,無,0
SW-80779C0,GR,4,Y,1.04,65.32,66.65,1.33,-23.76,-22.38,1.38,63.39,62.39,-1,,,,,0.86,1142,0.585,1191,0.53,1580,0.148,1430,0.0188,無,0,無,0
SW-80779C0,GR,4,Y,1.04,65.32,68.04,2.72,-23.76,-24.54,-0.78,63.39,49.94,-13.45,,,,,5.2,1191,0.535,1580,0.15,1142,0.0585,1430,0.0188,無,0,無,0
SW-80779C0,GR,4,Y,1.04,65.32,66.04,0.72,-23.76,-23.2,0.56,63.39,63.69,0.3,,,,,0.42,1142,0.63,1191,0.611,1580,0.158,1430,0.019,無,0,無,0
SW-80779C0,GR,4,Y,1.04,65.32,66.01,0.69,-23.76,-23.25,0.51,63.39,63.69,0.3,,,,,0.4,1142,0.63,1191,0.612,1430,0.0188,1580,0.0159,無,0,無,0
SW-80779C0,GR,4,Y,1.04,65.32,65.38,0.05,-23.76,-25.07,-1.31,63.39,62.97,-0.42,,,,,0.68,1142,0.63,1191,0.62,1580,0.159,1430,0.0198,無,0,無,0
SW-80779C0,GR,4,Y,1.04,65.32,65.36,0.04,-23.76,-24.97,-1.21,63.39,62.99,-0.4,,,,,0.63,1191,0.632,1142,0.63,1580,0.159,1430,0.02,無,0,無,0
SW-80779C0,GR,4,Y,1.04,65.32,65.47,0.14,-23.76,-25.01,-1.25,63.39,62.92,-0.47,,,,,0.67,1191,0.638,1142,0.632,1580,0.16,1430,0.0196,無,0,無,0
SW-80779C0,GR,4,Y,1.04,65.32,65.43,0.11,-23.76,-24.94,-1.18,63.39,62.66,-0.74,,,,,0.68,1191,0.64,1142,0.63,1580,0.16,1430,0.0195,無,0,無,0
SW-80779C0,GR,4,Y,1.04,65.32,65.01,-0.31,-23.76,-23.6,0.16,63.39,63.73,0.34,,,,,0.2,1191,0.66,1142,0.64,1580,0.161,1430,0.02,無,0,無,0
SW-80779C0,GR,4,Y,1.04,65.32,65.01,-0.31,-23.76,-23.6,0.16,63.39,63.73,0.34,,,,,0.2,1191,0.66,1142,0.623,1580,0.171,1430,0.019,無,0,無,0
SW-80779C0,PU,3,Y,1.04,45.99,46.08,0.09,7.55,8.08,0.53,-14.44,-14.53,-0.09,,,,,0.51,1565,0.338,1391,0.206,1201,0.041,1142,0.0054,無,0,無,0
SW-80779C0,PU,3,Y,1.04,45.99,45.94,-0.05,7.55,7.86,0.32,-14.44,-14.81,-0.37,,,,,0.34,1567,0.37,1391,0.202,1201,0.041,1142,0.006,無,0,無,0
SW-80779C0,PU,3,Y,1.04,45.99,45.94,-0.05,7.55,8.37,0.82,-14.44,-14.14,0.29,,,,,0.93,1565,0.339,1391,0.205,1201,0.041,1142,0.0055,無,0,無,0
SW-80779C0,PU,3,Y,1.04,45.99,46.47,0.48,7.55,8.61,1.07,-14.44,-13.54,0.9,,,,,1.51,1391,0.357,1568,0.217,1191,0.042,1576,0.024,無,0,無,0
SW-80779C0,PU,3,Y,1.04,45.99,45.93,-0.06,7.55,7.76,0.21,-14.44,-15.21,-0.78,,,,,0.56,1391,0.34,1568,0.207,1191,0.04,1576,0.023,無,0,無,0
SW-80779C0,PU,3,Y,1.04,45.99,46.03,0.04,7.55,7.68,0.14,-14.44,-15.39,-0.95,,,,,0.7,1567,0.345,1391,0.205,1201,0.041,1142,0.0056,無,0,無,0
SW-80779C0,PU,3,Y,1.04,45.99,49.44,3.45,7.55,8.73,1.18,-14.44,-12.61,1.83,,,,,2.76,1567,0.343,1391,0.207,1201,0.041,1142,0.0056,無,0,無,0
SW-80779C0,PU,3,Y,1.04,45.99,49.47,3.48,7.55,8.61,1.06,-14.44,-12.95,1.49,,,,,2.51,1567,0.362,1391,0.203,1201,0.041,1142,0.0057,無,0,無,0
SW-80779C0,PU,3,Y,1.04,45.99,45.94,-0.05,7.55,7.85,0.31,-14.44,-14.8,-0.36,,,,,0.33,1567,0.36,1391,0.202,1201,0.041,1142,0.0056,無,0,無,0
SW-80779C0,PU,3,Y,1.04,45.99,45.94,-0.05,7.55,7.85,0.31,-14.44,-14.79,-0.35,,,,,0.33,1567,0.368,1391,0.202,1201,0.041,1142,0.0059,無,0,無,0
SW-80779C0,PU,3,Y,1.04,45.99,45.94,-0.05,7.55,7.86,0.32,-14.44,-14.81,-0.37,,,,,0.34,1567,0.34,1391,0.192,1201,0.041,1142,0.006,無,0,無,0
SW-80779C0,BL,5,Y,1.04,23.24,22.4,-0.85,8.13,7.75,-0.38,-26.66,-26.56,0.1,,,,,0.7,1588,1.3,1578,0.9,1640,0.58,1722,0.0068,無,0,無,0
SW-80779C0,BL,5,Y,1.04,23.24,22.7,-0.54,8.13,8.11,-0.02,-26.66,-26.08,0.59,,,,,0.51,1578,1.05,1588,1.05,1640,0.551,1722,0.0058,無,0,無,0
SW-80779C0,BL,5,Y,1.04,23.24,22.73,-0.51,8.13,8.17,0.03,-26.66,-26.75,-0.09,,,,,0.38,1578,1.05,1588,1.05,1640,0.553,1722,0.004,無,0,無,0
SW-80779C0,BL,5,Y,1.04,23.24,24.28,1.03,8.13,9.95,1.82,-26.66,-25.89,0.77,,,,,1.92,1588,1.3,1578,0.88,1640,0.58,1722,0.0067,無,0,無,0
SW-80779C0,BL,5,Y,1.04,23.24,23.17,-0.07,8.13,7.62,-0.51,-26.66,-26.77,-0.11,,,,,0.47,1588,1.15,1578,0.87,1640,0.53,1722,0.006,無,0,無,0
SW-80779C0,BL,5,Y,1.04,23.24,22.58,-0.66,8.13,8.12,-0.01,-26.66,-26.23,0.44,,,,,0.55,1588,1.15,1578,0.88,1640,0.54,1722,0.0061,無,0,無,0
SW-80779C0,BL,5,Y,1.04,23.24,21.93,-1.31,8.13,8,-0.13,-26.66,-26.05,0.61,,,,,1.03,1588,1.1,1578,0.95,1640,0.545,1722,0.0068,無,0,無,0
SW-80779C0,BL,5,Y,1.04,23.24,22.55,-0.69,8.13,8.06,-0.07,-26.66,-26.49,0.18,,,,,0.52,1588,1.15,1578,0.97,1640,0.55,1722,0.0068,無,0,無,0
SW-80779C0,BL,5,Y,1.04,23.24,23.08,-0.16,8.13,7.79,-0.34,-26.66,-25.93,0.73,,,,,0.44,1588,1.1,1578,1,1640,0.55,1722,0.0064,無,0,無,0
SW-80779C0,BL,5,Y,1.04,23.24,22.54,-0.7,8.13,8.11,-0.03,-26.66,-26.23,0.43,,,,,0.57,1588,1.05,1578,1,1640,0.55,1722,0.0063,無,0,無,0
SW-80779C0,BL,5,Y,1.04,23.24,22.66,-0.58,8.13,8.15,0.02,-26.66,-26.21,0.45,,,,,0.5,1578,1.05,1588,1.05,1640,0.55,1722,0.0058,無,0,無,0
SW-80779C0,BL,5,Y,1.04,23.24,22.73,-0.51,8.13,8.17,0.03,-26.66,-26.75,-0.09,,,,,0.38,1578,1.02,1588,1,1640,0.53,1722,0.0026,無,0,無,0
SCK-2285,BK,7,N,0.69,15.26,13.97,-1.3,0.48,0.79,0.31,-1.17,-0.93,0.25,,,,,1.39,1862,3.3,1863,1,1430,0.65,1142,0.42,無,0,無,0
SCK-2285,BK,7,N,0.69,15.26,14.17,-1.1,0.48,0.68,0.2,-1.17,-0.93,0.24,,,,,1.16,1862,3.2,1863,1,1430,0.6,1142,0.4,無,0,無,0
SCK-2285,BK,7,N,0.69,15.26,15.85,0.59,0.48,0.31,-0.18,-1.17,-0.96,0.21,,,,,0.69,1862,3.2,1863,0.8,1430,0.55,1142,0.37,無,0,無,0
SCK-2285,BK,7,N,0.69,15.26,16.51,1.25,0.48,0.48,0,-1.17,-1.27,-0.1,,,,,1.23,1862,3.5,1863,0.8,1430,0.55,1142,0.35,無,0,無,0
SCK-2285,BK,7,N,0.69,15.26,15.8,0.54,0.48,0.49,0,-1.17,-1.05,0.13,,,,,0.56,1862,3.5,1863,0.8,1430,0.55,1142,0.35,無,0,無,0
SW-80352C01,KH,2,Y,0.69,67.42,71.76,4.34,1.82,-5.83,-7.65,8.1,10.54,2.44,,,,,11.47,1350,0.053,1181,0.05,1530,0.027,無,0,無,0,無,0
SW-80352C01,KH,2,Y,0.69,67.42,69.87,2.45,1.82,-0.85,-2.66,8.1,9.09,0.98,,,,,4.32,1350,0.106,1181,0.1,1530,0.055,無,0,無,0,無,0
SW-80352C01,KH,2,Y,0.69,67.42,67.34,-0.07,1.82,1.7,-0.11,8.1,6.82,-1.28,,,,,1.17,1111,0.1,1310,0.1,1510,0.055,無,0,無,0,無,0
SW-80352C01,KH,2,Y,0.69,67.42,67.55,0.13,1.82,-0.26,-2.07,8.1,7.86,-0.24,,,,,3.13,1111,0.11,1310,0.09,1510,0.058,無,0,無,0,無,0
SW-80352C01,KH,2,Y,0.69,67.42,67.76,0.34,1.82,0.92,-0.9,8.1,9.09,0.98,,,,,1.76,1111,0.115,1310,0.1,1510,0.055,無,0,無,0,無,0
SW-80352C01,KH,2,Y,0.69,67.42,67.79,0.37,1.82,1.16,-0.66,8.1,8.97,0.86,,,,,1.39,1111,0.115,1310,0.102,1510,0.055,無,0,無,0,無,0
SW-80352C01,KH,2,Y,0.69,67.42,67.34,-0.07,1.82,1.61,-0.21,8.1,8.7,0.59,,,,,0.69,1111,0.1085,1310,0.105,1510,0.055,無,0,無,0,無,0
SW-80352C01,KH,2,Y,0.69,67.42,67.33,-0.09,1.82,1.72,-0.09,8.1,8.31,0.21,,,,,0.26,1111,0.106,1310,0.106,1510,0.055,無,0,無,0,無,0
SW-80352C01,BR,3,Y,0.69,43.37,45.73,2.35,4.8,2.1,-2.69,3.94,7.82,3.88,,,,,7.02,1576,0.3,1391,0.15,1142,0.145,1722,0.07,無,0,無,0
SW-80352C01,BR,3,Y,0.69,43.37,44.49,1.12,4.8,3.42,-1.38,3.94,3.17,-0.78,,,,,1.71,1576,0.32,1391,0.18,1142,0.11,1722,0.055,無,0,無,0
SW-80352C01,BR,3,Y,0.69,43.37,43.35,-0.02,4.8,4.45,-0.34,3.94,3.58,-0.37,,,,,0.51,1576,0.33,1391,0.21,1142,0.12,1722,0.06,無,0,無,0
SW-80352C01,BR,3,Y,0.69,43.37,43.47,0.1,4.8,4.68,-0.12,3.94,4.32,0.37,,,,,0.58,1576,0.32,1391,0.215,1142,0.125,1722,0.06,無,0,無,0
SW-80352C01,BR,3,Y,0.69,43.37,43.06,-0.31,4.8,4.98,0.18,3.94,3.47,-0.47,,,,,0.78,1576,0.325,1391,0.22,1142,0.12,1722,0.06,無,0,無,0
SW-80352C01,BL,3,Y,0.69,42.77,45.44,2.67,-3.9,-6.1,-2.2,-12.69,-8.95,3.74,,,,,4.54,1565,0.58,1391,0.085,1191,0.075,1722,0.035,無,0,無,0
SW-80352C01,BL,3,Y,0.69,42.77,44.27,1.5,-3.9,-5.07,-1.18,-12.69,-11.86,0.83,,,,,1.73,1565,0.63,1391,0.1,1191,0.065,1722,0.03,無,0,無,0
SW-80352C01,BL,3,Y,0.69,42.77,42.89,0.12,-3.9,-4.19,-0.29,-12.69,-13.45,-0.76,,,,,0.6,1565,0.68,1391,0.115,1191,0.062,1722,0.028,無,0,無,0
SW-80352C01,BL,3,Y,0.69,42.77,43.25,0.49,-3.9,-4.34,-0.45,-12.69,-12.8,-0.11,,,,,0.53,1565,0.68,1391,0.118,1191,0.065,1722,0.029,無,0,無,0
SW-80352C01,BL,3,Y,0.69,42.77,43.28,0.51,-3.9,-4.11,-0.22,-12.69,-12.82,-0.13,,,,,0.34,1565,0.68,1391,0.122,1191,0.065,1722,0.0295,無,0,無,0
SW-80352C01,OL,2,Y,0.69,55.46,57.72,2.26,-8.49,-7.72,0.77,12.14,14.57,2.43,,,,,2.37,1565,0.175,1191,0.16,1391,0.044,1722,0.03,無,0,無,0
SW-80352C01,OL,2,Y,0.69,55.46,54.81,-0.66,-8.49,-8.45,0.04,12.14,12.13,-0.02,,,,,0.29,1565,0.21,1191,0.16,1391,0.05,1722,0.03,無,0,無,0
SW-80352C01,OL,2,Y,0.69,55.46,55.43,-0.03,-8.49,-8.42,0.06,12.14,12.1,-0.04,,,,,0.06,1565,0.208,1191,0.16,1391,0.05,1722,0.03,無,0,無,0
SW-80352C01,PU,3,Y,0.69,43.52,46.07,2.55,5.83,3.67,-2.16,-10.88,-6.67,4.2,,,,,3.81,1565,0.36,1391,0.24,1142,0.065,無,0,無,0,無,0
SW-80352C01,PU,3,Y,0.69,43.52,45.03,1.51,5.83,4.64,-1.19,-10.88,-8.59,2.29,,,,,2.1,1565,0.395,1391,0.27,1142,0.058,無,0,無,0,無,0
SW-80352C01,PU,3,Y,0.69,43.52,42.56,-0.96,5.83,5.85,0.02,-10.88,-10.98,-0.1,,,,,0.48,1565,0.44,1391,0.3,1142,0.05,無,0,無,0,無,0
SW-80352C01,PU,3,Y,0.69,43.52,43.49,-0.02,5.83,5.91,0.08,-10.88,-10.72,0.16,,,,,0.19,1565,0.43,1391,0.3,1142,0.05,無,0,無,0,無,0
SW-80352C01,PU,3,Y,0.69,43.52,43.23,-0.29,5.83,5.61,-0.22,-10.88,-11.26,-0.38,,,,,0.5,1565,0.43,1391,0.29,1142,0.047,無,0,無,0,無,0
SW-80352C01,BL,6,Y,0.69,22.71,25.38,2.68,-0.04,-0.34,-0.29,-26.21,-24.07,2.14,,,,,2.33,1578,1.8,1568,0.53,無,0,無,0,無,0,無,0
SW-80352C01,BL,6,Y,0.69,22.71,22.73,0.02,-0.04,0.56,0.6,-26.21,-23.39,2.81,,,,,1.59,1578,2,1568,0.85,1681,0.1,無,0,無,0,無,0
SW-80352C01,BL,6,Y,0.69,22.71,22.96,0.25,-0.04,0.6,0.64,-26.21,-25.06,1.15,,,,,0.86,1578,1.8,1568,1.3,1681,0.1,無,0,無,0,無,0
SW-80352C01,BL,6,Y,0.69,22.71,23.38,0.68,-0.04,0.24,0.29,-26.21,-26.25,-0.04,,,,,0.57,1568,1.7,1578,1.7,1681,0.1,無,0,無,0,無,0
SW-80352C01,BL,6,Y,0.69,22.71,26.98,4.27,-0.04,-1.32,-1.28,-26.21,-27.43,-1.22,,,,,3.46,1568,1.2,1578,1.2,1681,0.07,無,0,無,0,無,0
SW-80352C01,BL,6,Y,0.69,22.71,27.23,4.52,-0.04,-1.08,-1.04,-26.21,-27.01,-0.8,,,,,3.55,1578,1.3,1568,1,1681,0.08,無,0,無,0,無,0
SW-80352C01,BL,6,Y,0.69,22.71,23.27,0.56,-0.04,0.27,0.32,-26.21,-25.76,0.45,,,,,0.56,1578,1.73,1568,1.68,1681,0.1,無,0,無,0,無,0
SW-80352C01,BL,6,Y,0.69,22.71,22.87,0.17,-0.04,0.38,0.42,-26.21,-25.57,0.64,,,,,0.52,1578,1.76,1568,1.72,1681,0.1,無,0,無,0,無,0
SW-80352C01,BL,6,Y,0.69,22.71,25.74,3.03,-0.04,0.05,0.09,-26.21,-25.54,0.67,,,,,2.31,1578,1.5,1568,0.6,1681,0.09,無,0,無,0,無,0
SW-80352C01,YE,2,Y,0.69,75.25,75.43,0.18,5.51,5.37,-0.14,45.62,44.87,-0.76,,,,,0.32,1142,0.12,1722,0.048,1565,0.012,無,0,無,0,無,0
SW-80352C01,YE,2,Y,0.69,75.25,74.8,-0.46,5.51,5.55,0.04,45.62,45.37,-0.26,,,,,0.21,1142,0.125,1722,0.049,1565,0.012,無,0,無,0,無,0
SW-80352C01,YE,2,Y,0.69,75.25,74.98,-0.28,5.51,5.7,0.19,45.62,46.4,0.77,,,,,0.34,1142,0.125,1722,0.049,1565,0.0115,無,0,無,0,無,0
SCK-4023AM6,BR,3,N,1.25,43.37,40.38,-3,4.8,3.36,-1.43,3.94,1.53,-2.41,,,,,3.48,1576,0.384,1430,0.164,1191,0.145,1201,0.142,無,0,無,0
SCK-4023AM6,BR,3,N,1.25,43.37,42.19,-1.18,4.8,5.29,0.49,3.94,4.41,0.47,,,,,0.9,1576,0.29,1430,0.165,1191,0.145,1201,0.142,無,0,無,0
SCK-4023AM6,BR,3,N,1.25,43.37,42.62,-0.76,4.8,5.52,0.72,3.94,4.54,0.59,,,,,1.01,1576,0.28,1430,0.163,1201,0.145,1191,0.142,無,0,無,0
SCK-4023AM6,BR,3,N,1.25,43.37,43.18,-0.19,4.8,5.47,0.67,3.94,4.81,0.87,,,,,1.13,1576,0.28,1430,0.154,1201,0.145,1191,0.135,無,0,無,0
SCK-4023AM6,BR,3,N,1.25,43.37,43.48,0.11,4.8,5.3,0.5,3.94,4.44,0.5,,,,,0.71,1576,0.28,1430,0.152,1201,0.145,1191,0.134,無,0,無,0
SCK-4023AM6,BR,3,N,1.25,43.37,43.29,-0.08,4.8,4.92,0.12,3.94,4.04,0.1,,,,,0.16,1576,0.29,1430,0.149,1201,0.145,1191,0.131,無,0,無,0
SCK-4023AM6,BR,3,N,1.25,43.37,43.24,-0.14,4.8,4.88,0.09,3.94,4.12,0.17,,,,,0.22,1576,0.29,1430,0.148,1201,0.145,1191,0.132,無,0,無,0
SCK-4023AM6,BL,2,N,1.25,65.79,62.3,-3.49,-0.05,-0.59,-0.54,-13.45,-11,2.45,,,,,2.38,1565,0.113,1391,0.042,1191,0.0142,無,0,無,0,無,0
SCK-4023AM6,BL,2,N,1.25,65.79,63.39,-2.4,-0.05,0.21,0.26,-13.45,-11.83,1.62,,,,,1.56,1565,0.102,1391,0.04,1191,0.0105,無,0,無,0,無,0
SCK-4023AM6,BL,2,N,1.25,65.79,64.05,-1.74,-0.05,-0.69,-0.64,-13.45,-12.22,1.23,,,,,1.39,1565,0.103,1391,0.035,1191,0.0102,無,0,無,0,無,0
SCK-4023AM6,BL,2,N,1.25,65.79,64.2,-1.59,-0.05,-0.53,-0.48,-13.45,-13.09,0.36,,,,,0.9,1565,0.105,1391,0.035,1191,0.0092,無,0,無,0,無,0
SCK-4023AM6,BL,2,N,1.25,65.79,64.07,-1.73,-0.05,-0.61,-0.56,-13.45,-13.13,0.32,,,,,1,1565,0.107,1391,0.035,1191,0.0091,無,0,無,0,無,0
SCK-4023AM6,BL,2,N,1.25,65.79,64.84,-0.96,-0.05,0.78,0.83,-13.45,-13.11,0.34,,,,,1.1,1565,0.096,1391,0.032,1191,0.0082,無,0,無,0,無,0
SCK-4023AM6,BL,2,N,1.25,65.79,65.08,-0.72,-0.05,0.77,0.82,-13.45,-13.41,0.04,,,,,1.02,1510,0.12,1310,0.087,1111,0.031,無,0,無,0,無,0
SCK-4023AM6,BL,2,N,1.25,65.79,65.37,-0.42,-0.05,-0.07,-0.02,-13.45,-13.68,-0.23,,,,,0.24,1510,0.126,1310,0.073,1111,0.022,無,0,無,0,無,0
SCK-4023AM6,BL,2,N,1.25,65.79,65.57,-0.23,-0.05,-0.1,-0.05,-13.45,-13.53,-0.08,,,,,0.12,1510,0.12,1310,0.074,1111,0.0194,無,0,無,0,無,0
SCK-4023AM6,BL,2,N,1.25,65.79,65.53,-0.27,-0.05,-0.11,-0.06,-13.45,-13.52,-0.07,,,,,0.14,1510,0.121,1310,0.074,1111,0.0194,無,0,無,0,無,0
SCK-4023AM6,PU,2,N,1.25,43.52,41.52,-1.99,5.83,5.07,-0.76,-10.88,-10.72,0.16,,,,,1.28,1565,0.46,1391,0.315,1191,0.083,無,0,無,0,無,0
SCK-4023AM6,PU,2,N,1.25,43.52,42.43,-1.08,5.83,5.04,-0.79,-10.88,-10.54,0.34,,,,,0.99,1565,0.44,1391,0.299,1191,0.079,無,0,無,0,無,0
SCK-4023AM6,PU,2,N,1.25,43.52,43.58,0.06,5.83,4.3,-1.52,-10.88,-10.22,0.66,,,,,1.62,1565,0.41,1391,0.265,1191,0.075,無,0,無,0,無,0
SCK-4023AM6,PU,2,N,1.25,43.52,42.49,-1.03,5.83,6.29,0.47,-10.88,-10.85,0.03,,,,,0.74,1565,0.41,1391,0.305,1191,0.072,無,0,無,0,無,0
SCK-4023AM6,PU,2,N,1.25,43.52,42.63,-0.89,5.83,6.1,0.27,-10.88,-10.75,0.13,,,,,0.57,1565,0.41,1391,0.31,1191,0.072,無,0,無,0,無,0
SCK-4023AM6,PU,2,N,1.25,43.52,42.91,-0.6,5.83,5.89,0.06,-10.88,-10.82,0.05,,,,,0.31,1565,0.403,1391,0.288,1191,0.07,無,0,無,0,無,0
SCK-4023AM6,PU,2,N,1.25,43.52,43.24,-0.27,5.83,5.79,-0.04,-10.88,-10.82,0.05,,,,,0.15,1565,0.4,1391,0.285,1191,0.07,無,0,無,0,無,0
SCK-4023AM6,GR,3,N,1.25,62.82,59.7,-3.12,-7.16,-6.71,0.45,36.66,34.77,-1.89,,,,,1.55,1191,0.44,1565,0.088,1391,0.065,1201,0.0105,無,0,無,0
SCK-4023AM6,GR,3,N,1.25,62.82,60.93,-1.89,-7.16,-5.13,2.02,36.66,36.39,-0.28,,,,,1.57,1191,0.43,1565,0.0705,1391,0.062,1201,0.0105,無,0,無,0
SCK-4023AM6,GR,3,N,1.25,62.82,63.79,0.97,-7.16,-7.59,-0.43,36.66,38.89,2.23,,,,,1.09,1191,0.42,1565,0.065,1391,0.0465,1201,0.0105,無,0,無,0
SCK-4023AM6,GR,3,N,1.25,62.82,63.22,0.4,-7.16,-7.58,-0.43,36.66,38.69,2.03,,,,,0.94,1191,0.4,1565,0.062,1391,0.044,1201,0.01,無,0,無,0
SCK-4023AM6,GR,3,N,1.25,62.82,63.15,0.33,-7.16,-6.75,0.41,36.66,34.66,-2,,,,,0.92,1191,0.34,1565,0.064,1391,0.0463,1201,0.01,無,0,無,0
SCK-4023AM6,GR,3,N,1.25,62.82,62.63,-0.19,-7.16,-7.91,-0.75,36.66,36.08,-0.59,,,,,0.62,1191,0.335,1565,0.063,1391,0.0465,1201,0.01,無,0,無,0
SCK-4023AM6,GR,3,N,1.25,62.82,62.77,-0.05,-7.16,-7.72,-0.57,36.66,35.93,-0.73,,,,,0.55,1191,0.415,1565,0.063,1391,0.046,1201,0.01,無,0,無,0
SCK-4023AM6,GR,3,N,1.25,62.82,62.84,0.02,-7.16,-7.22,-0.06,36.66,37.22,0.55,,,,,0.25,1191,0.435,1565,0.066,1391,0.046,1201,0.01,無,0,無,0
SCK-4023AM6,GR,3,N,1.25,62.82,62.8,-0.02,-7.16,-7.05,0.1,36.66,36.64,-0.03,,,,,0.07,1191,0.389,1565,0.063,1391,0.0478,1201,0.01,無,0,無,0
SCK-4023AM6,GR,3,N,1.25,62.82,63.1,0.28,-7.16,-7.16,-0.01,36.66,36.99,0.33,,,,,0.19,1191,0.39,1565,0.0632,1391,0.0478,1201,0.01,無,0,無,0
SW-8374C6,NB,6,N,1.04,20.64,20.81,0.17,0.12,0.55,0.43,-11.74,-13.13,-1.39,,,,,1.2,1578,1.9,1724,0.65,1391,0.4,無,0,無,0,無,0
SW-8374C6,NB,6,N,1.04,20.64,20.74,0.1,0.12,0.38,0.26,-11.74,-13.32,-1.58,,,,,1.26,1578,1.9,1724,0.65,1391,0.36,無,0,無,0,無,0
SW-8374C6,NB,6,N,1.04,20.64,21.14,0.5,0.12,0.55,0.43,-11.74,-13.52,-1.78,,,,,1.52,1578,1.9,1724,0.65,1391,0.4,無,0,無,0,無,0
SW-8374C6,NB,6,N,1.04,20.64,22.6,0.87,0.12,0.43,0.08,-11.74,-11.02,-1.35,,,,,1.32,1578,1.8,1724,0.65,1391,0.31,無,0,無,0,無,0
SW-8374C6,NB,6,N,1.04,20.64,22.39,0.67,0.12,0.35,0,-11.74,-11.02,-1.35,,,,,1.25,1578,1.8,1724,0.66,1391,0.3,無,0,無,0,無,0
SW-8374C6,NB,6,N,1.04,20.64,22.53,0.8,0.12,0.15,-0.2,-11.74,-10.49,-0.83,,,,,0.97,1578,1.7,1724,0.7,1391,0.27,無,0,無,0,無,0
SW-8374C6,NB,6,N,1.04,20.64,22.61,0.89,0.12,0.11,-0.24,-11.74,-10.2,-0.53,,,,,0.88,1578,1.8,1724,0.7,1391,0.28,無,0,無,0,無,0
SCK-4173,KH,3,N,0.83,52.76,46.16,-6.6,0.05,0.47,0.42,12.47,13.8,1.32,,,,,3.16,1576,0.28,1191,0.2,1201,0.16,1391,0.089,無,0,無,0
SCK-4173,KH,3,N,0.83,51.36,50.05,-1.31,-0.31,-0.55,-0.24,12.33,10.09,-2.24,,,,,1.84,1576,0.25,1142,0.11,1722,0.079,1391,0.06,無,0,無,0
SCK-4173,KH,3,N,0.83,51.36,50.6,-0.76,-0.31,-0.32,-0.01,12.33,9.12,-3.21,,,,,2.47,1576,0.224,1191,0.14,1201,0.112,1391,0.062,無,0,無,0
SCK-4173,KH,3,N,0.83,51.36,51.21,-0.15,-0.31,-0.13,0.19,12.33,8.43,-3.9,,,,,2.97,1576,0.22,1191,0.12,1201,0.1,1391,0.058,無,0,無,0
SCK-4173,KH,3,N,0.83,51.36,52.61,1.25,-0.31,-0.09,0.23,12.33,10.49,-1.85,,,,,1.54,1576,0.21,1191,0.11,1201,0.09,1391,0.06,無,0,無,0
SCK-4173,KH,3,N,0.83,51.36,52.22,0.86,-0.31,0.01,0.33,12.33,12.01,-0.32,,,,,0.61,1576,0.2,1191,0.1,1201,0.085,1391,0.058,無,0,無,0
SCK-4173,KH,3,N,0.83,51.36,52.6,1.24,-0.31,0.15,0.46,12.33,13.52,1.19,,,,,1.21,1576,0.19,1191,0.11,1201,0.09,1391,0.057,無,0,無,0
SCW-837AM1,RE,3,N,1,44.76,42.92,-1.84,22.93,23.47,0.54,6.54,6.6,0.06,,,,,0.95,1391,0.56,1580,0.465,1191,0.156,1565,0.084,無,0,無,0
SCW-837AM1,RE,3,N,1,44.76,42.95,-1.81,22.93,22.76,-0.17,6.54,6.49,-0.06,,,,,0.89,1391,0.66,1191,0.175,1565,0.11,1580,0.02,無,0,無,0
SCW-837AM1,RE,3,N,1,44.76,44.64,-0.12,22.93,22.88,-0.05,6.54,6.24,-0.3,,,,,0.27,1391,0.643,1191,0.178,1565,0.133,無,0,無,0,無,0
SCW-837AM1,RE,3,N,1,44.76,44.39,-0.38,22.93,22.76,-0.17,6.54,6.23,-0.31,,,,,0.32,1391,0.58,1191,0.16,1565,0.113,無,0,無,0,無,0
SCW-837AM1,RE,3,N,1,44.76,44.41,-0.35,22.93,23.3,0.37,6.54,6.55,0,,,,,0.27,1391,0.582,1191,0.16,1565,0.113,無,0,無,0,無,0
SCW-837AM1,RE,3,N,1,44.76,44.27,-0.49,22.93,23.34,0.41,6.54,6.35,-0.19,,,,,0.41,1391,0.583,1191,0.16,1565,0.113,無,0,無,0,無,0
SCW-837AM1,RE,3,N,1,44.76,44.73,-0.03,22.93,22.94,0.01,6.54,6.88,0.34,,,,,0.3,1391,0.58,1191,0.163,1565,0.113,無,0,無,0,無,0
SCW-837AM1,RE,3,N,1,44.76,44.41,-0.36,22.93,23.08,0.15,6.54,6.95,0.41,,,,,0.39,1391,0.581,1191,0.162,1565,0.113,無,0,無,0,無,0
SCW-837AM1,RE,3,N,1,44.76,44.73,-0.03,22.93,22.94,0.01,6.54,6.88,0.34,,,,,0.3,1391,0.58,1191,0.16,1565,0.113,無,0,無,0,無,0
SCW-837AM1,RE,3,N,1,44.76,44.41,-0.36,22.93,23.08,0.15,6.54,6.95,0.41,,,,,0.39,1391,0.58,1191,0.163,1565,0.113,無,0,無,0,無,0
SCK-4160,WH,2,N,1.04,89.42,90.11,0.69,-0.85,-0.74,0.11,4.59,5.04,0.45,,,,,0.58,1111,0.00654,1310,0.0042,1510,0.0024,無,0,無,0,無,0
SCK-4160,WH,2,N,1.04,89.42,89.77,0.35,-0.85,-0.61,0.25,4.59,4.8,0.21,,,,,0.42,1111,0.00654,1310,0.0042,1510,0.0025,無,0,無,0,無,0
SCK-4160,WH,2,N,1.04,89.42,89.81,0.39,-0.85,-0.78,0.07,4.59,4.89,0.3,,,,,0.37,1111,0.00654,1310,0.0042,1510,0.0026,無,0,無,0,無,0
SCK-4160,WH,2,N,1.04,89.42,89.89,0.47,-0.85,-0.86,-0.01,4.59,4.63,0.04,,,,,0.17,1111,0.00654,1310,0.0043,1510,0.0027,無,0,無,0,無,0
SW-80928C0,PU,6,Y,1.04,24.49,26.1,1.61,6.7,8.28,1.58,-1.43,-1.12,0.31,,,,,1.97,1576,1,1430,0.75,1201,0.43,1724,0.41,無,0,無,0
SW-80928C0,PU,6,Y,1.04,24.49,25.32,0.83,6.7,7.95,1.25,-1.43,-0.78,0.64,,,,,1.59,1576,1,1430,0.75,1201,0.45,1724,0.43,無,0,無,0
SW-80928C0,PU,6,Y,1.04,24.49,24.85,0.36,6.7,7.77,1.07,-1.43,-1.47,-0.05,,,,,1.07,1576,1.1,1430,0.8,1201,0.45,1724,0.43,無,0,無,0
SW-80928C0,PU,6,Y,1.04,24.49,24.71,0.23,6.7,7.99,1.29,-1.43,-1.79,-0.36,,,,,1.3,1576,1.1,1430,0.85,1201,0.45,1724,0.43,無,0,無,0
SCK-4609,BL,1,N,1.04,18.36,16.02,-2.34,-1,-0.68,0.32,-2.55,-4.54,-1.99,,,,,3.26,1510,0.03,1310,0.019,1111,0.007,無,0,無,0,無,0
SCK-4609,BL,1,N,1.04,18.36,18.35,-0.01,-1,-1.18,-0.17,-2.55,-5.07,-2.52,,,,,3.14,1510,0.0205,1310,0.0135,1111,0.0054,無,0,無,0,無,0
SCK-4609,BL,1,N,1.04,18.36,18.41,0.06,-1,-1.15,-0.15,-2.55,-5.18,-2.63,,,,,3.28,1510,0.0195,1310,0.013,1111,0.0059,無,0,無,0,無,0
SCK-4609,BL,1,N,1.04,18.36,18.46,0.1,-1,-1.25,-0.25,-2.55,-3.99,-1.44,,,,,1.82,1510,0.0193,1310,0.0125,1111,0.006,無,0,無,0,無,0
SCK-4609,BL,1,N,1.04,18.36,18.29,-0.07,-1,-0.96,0.04,-2.55,-2.99,-0.44,,,,,0.56,1510,0.0193,1310,0.0125,1111,0.0065,無,0,無,0,無,0
SCK-4609,BL,1,N,1.04,18.36,18.28,-0.08,-1,-1.01,-0.01,-2.55,-2.95,-0.4,,,,,0.5,1510,0.0193,1310,0.0125,1111,0.007,無,0,無,0,無,0
SCK-4609,BL,1,N,1.04,18.36,18.36,0,-1,-0.91,0.09,-2.55,-2.83,-0.29,,,,,0.38,1510,0.0193,1310,0.0127,1111,0.0072,無,0,無,0,無,0
SCK-4609,BL,1,N,1.04,18.36,18.27,-0.09,-1,-0.84,0.16,-2.55,-2.95,-0.4,,,,,0.55,1510,0.0193,1310,0.0128,1111,0.0072,無,0,無,0,無,0
SCK-4609,BL,1,N,1.04,18.36,18.36,0,-1,-0.91,0.09,-2.55,-2.83,-0.29,,,,,0.38,1510,0.0194,1310,0.0131,1111,0.0072,無,0,無,0,無,0
SCK-4609,BL,1,N,1.04,18.36,18.27,-0.09,-1,-0.84,0.16,-2.55,-2.95,-0.4,,,,,0.55,1510,0.0194,1310,0.0132,1111,0.0072,無,0,無,0,無,0
SCK-4609,BK,5,N,1.04,18.36,16.67,-2.32,-1,-0.4,-0.14,-2.55,-3.46,-1.86,,,,,3.21,1862,2.5,1578,0.78,1430,0.52,1191,0.412,無,0,無,0
SCK-4609,BK,5,N,1.04,18.36,19.17,0.18,-1,-0.99,-0.73,-2.55,-3.78,-2.18,,,,,3.11,1862,2,1578,0.5,1430,0.418,1191,0.33,無,0,無,0
SCK-4609,BK,5,N,1.04,18.36,19.23,0.24,-1,-0.96,-0.7,-2.55,-3.88,-2.28,,,,,3.23,1862,1.9,1578,0.5,1430,0.45,1191,0.43,無,0,無,0
SCK-4609,BK,5,N,1.04,18.36,19.24,0.25,-1,-1.12,-0.86,-2.55,-2.84,-1.23,,,,,2.05,1862,1.8,1578,0.5,1430,0.453,1191,0.45,無,0,無,0
SCK-4609,BK,5,N,1.04,18.36,18.99,0,-1,-0.77,-0.51,-2.55,-2.03,-0.42,,,,,0.91,1862,1.9,1430,0.55,1578,0.5,1191,0.48,無,0,無,0
SCK-4609,BK,5,N,1.04,18.36,18.99,0,-1,-0.85,-0.59,-2.55,-1.97,-0.37,,,,,0.95,1862,1.9,1430,0.58,1578,0.5,1191,0.485,無,0,無,0
SCK-4609,BK,5,N,1.04,18.36,19.06,0.07,-1,-0.65,-0.39,-2.55,-1.9,-0.29,,,,,0.67,1862,1.9,1430,0.6,1191,0.56,1578,0.5,無,0,無,0
SCK-4609,BK,5,N,1.04,18.36,18.98,-0.01,-1,-0.54,-0.29,-2.55,-1.97,-0.37,,,,,0.63,1862,1.9,1430,0.6,1191,0.58,1578,0.5,無,0,無,0
SCK-4609,BK,5,N,1.04,18.36,19.06,0.07,-1,-0.65,-0.39,-2.55,-1.9,-0.29,,,,,0.67,1862,1.9,1430,0.63,1191,0.6,1578,0.5,無,0,無,0
SCK-4186,GY,1,N,1.04,67.23,68.21,0.98,-2.5,-3.38,-0.88,-6.05,-4.79,1.26,,,,,1.91,1510,0.095,1310,0.065,1111,0.05,無,0,無,0,無,0
SCK-4186,GY,1,N,1.04,67.23,67.72,0.49,-2.5,-3.47,-0.96,-6.05,-3.18,2.87,,,,,3.54,1510,0.095,1310,0.07,1111,0.06,無,0,無,0,無,0
SCK-4186,GY,1,N,1.04,67.23,66.81,-0.43,-2.5,-3.06,-0.56,-6.05,-6.3,-0.25,,,,,0.7,1510,0.11,1310,0.07,1111,0.05,無,0,無,0,無,0
SCK-4186,GY,1,N,1.04,67.23,66.74,-0.49,-2.5,-2.9,-0.39,-6.05,-7.23,-1.18,,,,,1.23,1510,0.12,1310,0.075,1111,0.05,無,0,無,0,無,0
SCK-4186,GY,1,N,1.04,67.23,67.1,-0.13,-2.5,-2.5,0.01,-6.05,-6.31,-0.25,,,,,0.26,1510,0.11,1310,0.075,1111,0.051,無,0,無,0,無,0
SCK-4186,GY,1,N,1.04,67.23,66.96,-0.28,-2.5,-2.61,-0.1,-6.05,-6.07,-0.02,,,,,0.17,1510,0.11,1310,0.075,1111,0.052,無,0,無,0,無,0
SCK-4186,GY,2,N,1.04,57.65,58.23,0.58,-1.75,-1.63,0.12,-1.13,-1.31,-0.18,,,,,0.38,1576,0.165,1724,0.044,1391,0.042,1191,0.039,無,0,無,0
SCK-4186,GY,2,N,1.04,57.65,58.14,0.49,-1.75,-1.49,0.27,-1.13,-1.09,0.04,,,,,0.41,1576,0.16,1724,0.044,1391,0.043,1191,0.039,無,0,無,0
SCK-4186,GY,2,N,1.04,57.65,57.74,0.09,-1.75,-3.43,-1.68,-1.13,-1,0.12,,,,,2.21,1576,0.165,1724,0.044,1391,0.043,1191,0.039,無,0,無,0
SCK-4186,GY,2,N,1.04,57.65,57.53,-0.12,-1.75,-3.55,-1.8,-1.13,-1.08,0.05,,,,,2.36,1576,0.17,1724,0.044,1391,0.043,1191,0.039,無,0,無,0
SCK-4186,GY,2,N,1.04,57.65,56.61,-1.04,-1.75,-2.12,-0.37,-1.13,-1.43,-0.3,,,,,0.76,1576,0.17,1724,0.045,1391,0.042,1191,0.04,無,0,無,0
SCK-4186,GY,2,N,1.04,57.65,56.14,-1.51,-1.75,-2.31,-0.56,-1.13,-1.86,-0.74,,,,,1.37,1576,0.175,1724,0.045,1391,0.042,1191,0.041,無,0,無,0
SCK-3562,OL,1,N,0.69,59.44,62.71,3.27,-5.2,-3.98,1.22,23.73,24.15,0.42,,,,,1.75,1142,0.19,1565,0.11,1391,0.08,無,0,無,0,無,0
SCK-3562,OL,1,N,0.69,59.44,60.91,1.47,-5.2,-3.33,1.87,23.73,24.83,1.1,,,,,1.87,1142,0.2,1565,0.12,1391,0.08,無,0,無,0,無,0
SCK-3562,BL,2,N,0.69,50.35,50.13,-0.22,5.38,6.11,0.72,-33.2,-34.88,-1.67,,,,,0.91,1567,0.24,1580,0.08,1640,0.065,無,0,無,0,無,0
SCK-3562,BL,2,N,0.69,50.35,48.28,-2.06,5.38,7.47,2.09,-33.2,-35.57,-2.37,,,,,2.07,1567,0.23,1580,0.078,1640,0.063,無,0,無,0,無,0
SCK-3562,GY,3,N,0.69,57.4,59.73,2.33,-0.74,0.05,0.79,-0.83,-0.18,0.64,,,,,1.75,1565,0.15,1724,0.13,1391,0.032,無,0,無,0,無,0
SCK-3562,GY,3,N,0.69,57.4,59.2,1.8,-0.74,-0.04,0.7,-0.83,0.22,1.05,,,,,1.95,1565,0.17,1724,0.15,1391,0.035,無,0,無,0,無,0
SCK-3562,GY,3,N,0.69,57.4,57.21,-0.19,-0.74,-2.21,-1.47,-0.83,-1.09,-0.26,,,,,2.11,1565,0.2,1724,0.15,1391,0.035,無,0,無,0,無,0
SCK-3562,GY,3,N,0.69,57.4,56.44,-0.96,-0.74,-2.78,-2.04,-0.83,-2.06,-1.24,,,,,3.4,1565,0.22,1724,0.15,1391,0.035,無,0,無,0,無,0
SCK-3562,GY,3,N,0.69,57.4,56.55,-0.86,-0.74,-0.35,0.39,-0.83,-0.2,0.63,,,,,1.11,1565,0.19,1724,0.16,1391,0.038,無,0,無,0,無,0
SCK-3562,GY,3,N,0.69,57.4,55.99,-1.41,-0.74,-0.05,0.69,-0.83,0.43,1.26,,,,,2.13,1565,0.19,1724,0.17,1391,0.04,無,0,無,0,無,0
SCK-3562,BL,6,N,0.69,31.21,32.25,1.03,12,16.09,4.09,-44.3,-49.76,-5.46,,,,,3.15,1589,1.5,1034,0.8,1565,0.8,1567,0.7,無,0,無,0
SCK-3562,BL,6,N,0.69,31.21,32.45,1.23,12,14.83,2.82,-44.3,-48.68,-4.38,,,,,2.41,1589,1.5,1034,0.75,1565,0.75,1567,0.7,無,0,無,0
SCK-3562,BL,6,N,0.69,31.21,32.96,1.75,12,14.81,2.81,-44.3,-49.01,-4.71,,,,,2.59,1589,1.4,1034,0.7,1565,0.7,1567,0.65,無,0,無,0
SCK-3562,BL,6,N,0.69,31.21,33.59,2.38,12,14.28,2.28,-44.3,-49.01,-4.71,,,,,2.62,1589,1.4,1034,0.65,1565,0.65,1567,0.6,無,0,無,0
SCK-3562,BL,6,N,0.69,31.21,31.61,0.4,12,10.62,-1.38,-44.3,-40.32,3.98,,,,,1.73,1589,1.5,1034,0.7,1565,0.6,1567,0.5,無,0,無,0
SCK-3562,BR,4,N,0.69,48.43,50.06,1.63,21.39,23.67,2.27,28.43,28.6,0.17,,,,,2.3,1142,0.42,1350,0.18,1430,0.13,1565,0.065,無,0,無,0
SCK-3562,BR,4,N,0.69,48.43,50.33,1.9,21.39,21.85,0.46,28.43,27.85,-0.58,,,,,1.25,1142,0.45,1350,0.2,1430,0.14,1565,0.06,無,0,無,0
SCK-3562,BR,4,N,0.69,48.43,49.92,1.49,21.39,21.58,0.18,28.43,29.38,0.95,,,,,0.95,1142,0.45,1350,0.18,1430,0.13,1565,0.065,無,0,無,0
SCK-3562,BR,4,N,0.69,48.43,48.83,0.4,21.39,22.16,0.76,28.43,30.01,1.58,,,,,0.91,1142,0.5,1350,0.2,1430,0.14,1565,0.07,無,0,無,0
SCK-3562,BR,4,N,0.69,48.43,48.89,0.46,21.39,21.04,-0.36,28.43,29.14,0.71,,,,,0.91,1142,0.48,1350,0.19,1430,0.13,1565,0.075,無,0,無,0
SCK-3562,BR,4,N,0.69,48.43,48.72,0.29,21.39,20.43,-0.97,28.43,28.93,0.5,,,,,1.32,1142,0.49,1350,0.19,1430,0.13,1565,0.08,無,0,無,0
SCK-2285S,NB,5,N,0.69,29.02,28.85,-0.17,-3.14,-3.84,-0.7,-15.77,-14.54,1.23,,15.04,,255.22,1.22,1576,1.05,1588,0.37,1722,0.14,1191,0.029,無,0,無,0
SCK-2285S,NB,5,N,0.69,29.02,29.56,0.54,-3.14,-3.35,-0.2,-15.77,-14.68,1.09,,15.06,,257.16,0.89,1576,1.05,1588,0.32,1722,0.15,1191,0.02,無,0,無,0
SCK-2285S,NB,5,N,0.69,29.02,29.08,0.06,-3.14,-2.82,0.32,-15.77,-16.25,-0.49,,16.5,,260.16,0.51,1576,1.07,1588,0.34,1722,0.15,1191,0.006,無,0,無,0
SCK-2285S,NB,5,N,0.69,29.02,28.79,-0.23,-3.14,-2.79,0.35,-15.77,-16.29,-0.52,,16.53,,260.28,0.57,1576,1.07,1588,0.34,1722,0.15,1191,0.009,無,0,無,0
SCK-2285S,OR,4,N,0.69,54.22,46.79,-7.42,43.85,39.02,-4.84,54,47.32,-6.68,,61.33,,50.5,4.31,1142,0.86,1350,0.67,1391,0.28,無,0,無,0,無,0
SCK-2285S,OR,4,N,0.69,54.22,50.08,-4.13,43.85,40.37,-3.48,54,51.27,-2.73,,65.25,,51.78,2.49,1142,0.8,1350,0.65,1391,0.14,無,0,無,0,無,0
SCK-2285S,OR,4,N,0.69,54.22,53.05,-1.16,43.85,42.31,-1.54,54,54.22,0.22,,68.77,,52.03,1.3,1142,0.7,1350,0.7,1391,0.01,無,0,無,0,無,0
SCK-2285S,OR,4,N,0.69,54.22,54.51,0.3,43.85,41.7,-2.15,54,54.25,0.25,,68.43,,52.45,1.65,1350,0.68,1142,0.59,無,0,無,0,無,0,無,0
SCK-2285S,OR,4,N,0.69,54.22,53.2,-1.01,43.85,42.29,-1.56,54,52.58,-1.41,,67.48,,51.19,0.88,1350,0.72,1142,0.61,無,0,無,0,無,0,無,0
SCK-2285S,OR,4,N,0.69,54.22,53.12,-1.1,43.85,43.1,-0.76,54,53.64,-0.36,,68.8,,51.22,0.63,1350,0.7,1142,0.61,無,0,無,0,無,0,無,0
SCK-2285S,OR,4,N,0.69,54.22,53.4,-0.81,43.85,42.41,-1.44,54,52.6,-1.4,,67.57,,51.12,0.79,1350,0.65,1142,0.61,1353,0.1,無,0,無,0,無,0
SCK-2285S,OR,3,N,0.69,67.92,87.89,19.97,11.84,2.88,-8.96,74.46,59.77,-14.69,,59.84,,87.24,10.41,1142,0.56,1201,0.47,1430,0.056,1580,0.031,無,0,無,0
SCK-2285S,OR,3,N,0.69,67.92,58.34,-9.57,11.84,13.16,1.32,74.46,63.71,-10.76,,65.05,,78.33,5.44,1142,0.7,1201,0.39,1430,0.03,1580,0.015,無,0,無,0
SCK-2285S,OR,3,N,0.69,67.92,65.38,-2.54,11.84,13.31,1.47,74.46,75.15,0.69,,76.32,,79.95,1.33,1142,0.56,1201,0.33,1430,0.022,1580,0.0135,無,0,無,0
SCK-2285S,OR,3,N,0.69,67.92,67.11,-0.81,11.84,12.27,0.43,74.46,74.88,0.42,,75.88,,80.69,0.42,1142,0.53,1201,0.33,1430,0.022,1580,0.0135,無,0,無,0
SCK-2285S,OR,3,N,0.69,67.92,66.92,-1,11.84,12.59,0.75,74.46,74.14,-0.33,,75.2,,80.36,0.63,1142,0.54,1201,0.32,1430,0.02,1580,0.0135,無,0,無,0
SCK-2285S,OR,3,N,0.69,67.92,68.16,0.24,11.84,11.74,-0.1,74.46,73.14,-1.32,,74.08,,80.88,0.45,1142,0.49,1201,0.31,1430,0.02,1580,0.0135,無,0,無,0
SCK-2285S,OR,3,N,0.69,67.92,68.1,0.18,11.84,11.98,0.14,74.46,74.45,-0.02,,75.4,,80.86,0.11,1142,0.51,1201,0.31,1430,0.02,1580,0.0135,無,0,無,0
SCK-2285S,NB,5,N,0.69,19.32,19.17,-0.16,-1.55,-1.52,0.02,-7.19,-4.63,2.57,,4.87,,251.77,2.48,1578,1.28,1391,0.6,1191,0.45,1862,0.4,無,0,無,0
SCK-2285S,NB,5,N,0.69,19.32,19.23,-0.09,-1.55,-0.61,0.94,-7.19,-9.09,-1.89,,9.11,,266.16,2.25,1578,1.3,1391,0.53,1862,0.4,1191,0.25,無,0,無,0
SCK-2285S,NB,5,N,0.69,19.32,20.03,0.7,-1.55,-1.84,-0.29,-7.19,-7.35,-0.15,,7.57,,255.94,0.71,1578,1.35,1391,0.47,1862,0.4,1191,0.32,無,0,無,0
SCK-2285S,NB,5,N,0.69,19.32,18.59,-0.73,-1.55,-1.22,0.33,-7.19,-7.97,-0.78,,8.06,,261.31,1.09,1578,1.4,1391,0.5,1862,0.42,1191,0.31,無,0,無,0
SCK-2285S,NB,5,N,0.69,19.32,19.08,-0.24,-1.55,-1.66,-0.11,-7.19,-7.25,-0.06,,7.44,,257.12,0.25,1578,1.38,1391,0.49,1862,0.41,1191,0.34,無,0,無,0
SCK-2285S,NB,5,N,0.69,19.32,19.42,0.1,-1.55,-1.64,-0.1,-7.19,-7.08,0.11,,7.27,,256.94,0.19,1578,1.38,1391,0.5,1862,0.41,1191,0.34,無,0,無,0
SCK-2285S,CO,5,N,0.69,27.64,25.16,-2.48,6.58,8.52,1.94,4.8,6.97,2.16,,11,,39.27,3.16,1384,1.34,1576,0.78,1191,0.59,1722,0.14,無,0,無,0
SCK-2285S,CO,5,N,0.69,27.64,26.6,-1.04,6.58,8.38,1.8,4.8,4.97,0.17,,9.74,,30.65,2.08,1384,1.1,1576,0.71,1191,0.45,1722,0.1,無,0,無,0
SCK-2285S,CO,5,N,0.69,27.64,27.33,-0.3,6.58,7.57,0.99,4.8,5.57,0.77,,9.4,,36.32,1.15,1384,0.95,1576,0.71,1191,0.45,1722,0.1,無,0,無,0
SCK-2285S,CO,5,N,0.69,27.64,27.14,-0.5,6.58,7.15,0.57,4.8,4.61,-0.19,,8.51,,32.8,0.89,1384,0.93,1576,0.74,1191,0.43,1722,0.1,無,0,無,0
SCK-2285S,CO,5,N,0.69,27.64,26.61,-1.03,6.58,6.64,0.06,4.8,4.06,-0.75,,7.78,,31.43,1.27,1384,0.89,1576,0.74,1191,0.43,1722,0.1,無,0,無,0
SCK-2285S,CO,5,N,0.69,27.64,26.82,-0.82,6.58,6.72,0.15,4.8,4.11,-0.69,,7.88,,31.44,1.19,1384,0.88,1576,0.74,1191,0.44,1722,0.105,無,0,無,0
SCK-2285S,CO,5,N,0.69,27.64,26.97,-0.67,6.58,6.66,0.08,4.8,4.23,-0.57,,7.89,,32.43,0.95,1384,0.89,1576,0.74,1191,0.43,1722,0.1,無,0,無,0
SCK-2285S,CO,5,N,0.69,27.64,27.72,0.09,6.58,6.88,0.3,4.8,4.8,-0.01,,8.39,,34.89,0.36,1384,0.885,1576,0.74,1191,0.435,1722,0.102,無,0,無,0
SCK-2285S,GR,2,N,0.69,73.86,65.29,-8.57,-6.47,-8.68,-2.21,-7.15,-3.84,3.31,,9.49,,203.88,5.55,1534,0.25,1233,0.036,1183,0.03,無,0,無,0,無,0
SCK-2285S,GR,2,N,0.69,73.86,70.97,-2.89,-6.47,-7.08,-0.61,-7.15,-2.05,5.1,,7.37,,196.14,5.65,1534,0.15,1233,0.028,1183,0.015,無,0,無,0,無,0
SCK-2285S,GR,2,N,0.69,73.86,72.31,-1.55,-6.47,-9.99,-3.52,-7.15,8.25,15.4,,12.96,,140.44,17.67,1534,0.12,1233,0.022,1183,0.005,無,0,無,0,無,0
SCK-2285S,GR,2,N,0.69,73.86,72.4,-1.46,-6.47,-6.57,-0.1,-7.15,-6.3,0.85,,9.1,,223.8,1.04,1534,0.11,1233,0.02,1183,0.004,無,0,無,0,無,0
SCK-2285S,GR,2,N,0.69,73.86,73.62,-0.24,-6.47,-6.24,0.22,-7.15,-6.64,0.51,,9.11,,226.75,0.5,1534,0.1,1233,0.018,1183,0.003,無,0,無,0,無,0
SCK-2285S,GR,2,N,0.69,73.86,74.12,0.26,-6.47,-6.2,0.26,-7.15,-6.55,0.6,,9.02,,226.55,0.58,1534,0.095,1233,0.0172,1183,0.0025,無,0,無,0,無,0
SCK-2285S,YE,2,N,0.69,89.68,88.08,-1.6,-1.16,2.99,4.15,45.05,59.02,13.97,,59.1,,87.1,6.37,1183,0.26,1233,0.055,無,0,無,0,無,0,無,0
SCK-2285S,YE,2,N,0.69,89.68,86.89,-2.79,-1.16,-0.23,0.94,45.05,54.43,9.38,,54.43,,90.24,4.02,1183,0.22,1233,0.044,1534,0.005,無,0,無,0,無,0
SCK-2285S,YE,2,N,0.69,89.68,87.93,-1.75,-1.16,0.33,1.49,45.05,45.36,0.31,,45.36,,89.58,1.2,1183,0.11,1233,0.036,1534,0.003,無,0,無,0,無,0
SCK-2285S,YE,2,N,0.69,89.68,89.9,0.22,-1.16,-0.54,0.63,45.05,45.56,0.51,,45.57,,90.67,0.49,1183,0.1,1233,0.028,1534,0.003,無,0,無,0,無,0
SCK-2285S,YE,2,N,0.69,89.68,89.39,-0.29,-1.16,-1.03,0.13,45.05,44.22,-0.83,,44.24,,91.34,0.36,1183,0.1,1233,0.028,1534,0.004,無,0,無,0,無,0
SCK-2285S,YE,2,N,0.69,89.68,89.61,-0.08,-1.16,-0.89,0.28,45.05,44.86,-0.19,,44.87,,91.13,0.21,1183,0.1,1233,0.028,1534,0.0035,無,0,無,0,無,0
SCK-3714A,GY,5,N,0.9,34.7,34.7,0,1.34,1.31,-0.03,-5.92,-5.89,0.04,,6.03,,282.51,0.06,1576,0.902,1724,0.545,1391,0.162,無,0,無,0,無,0
SCK-3714A,GY,5,N,0.9,34.7,34.5,-0.2,1.34,1.22,-0.12,-5.92,-5.86,0.06,,5.99,,281.75,0.2,1576,0.902,1724,0.545,1391,0.157,無,0,無,0,無,0
SCK-3344,CO,4,N,1.04,41.94,42.43,0.49,21.8,21.4,-0.4,27.4,27.68,0.28,,34.99,,52.29,0.64,1142,0.63,1430,0.467,1565,0.054,1201,0.047,無,0,無,0
SCK-3344,CO,4,N,1.04,41.94,41.94,0,21.8,21.8,0,27.4,27.45,0.05,,35.06,,51.54,0.04,1142,0.65,1430,0.485,1565,0.054,1201,0.045,無,0,無,0
SW-80661C0,BK,6,Y,1.04,18.09,18.56,0.48,1.19,1.05,-0.14,-0.41,-0.92,-0.51,,1.39,,318.74,0.85,1862,2.7,1391,0.57,1191,0.32,無,0,無,0,無,0
SW-80661C0,BK,6,Y,1.04,18.09,18.23,0.14,1.19,0.89,-0.3,-0.41,-1,-0.59,,1.34,,311.6,0.94,1862,2.8,1391,0.57,1191,0.32,無,0,無,0,無,0
SW-80661C0,GR,6,Y,1.04,55.63,54.7,-0.92,-13.01,-9.92,3.09,9.97,8.57,-1.4,,13.11,,139.16,2.35,1576,0.18,1191,0.13,1430,0.03,無,0,無,0,無,0
SW-80661C0,GR,6,Y,1.04,76.18,78.28,2.1,1.04,-2.63,-3.67,8.01,7.67,-0.34,,8.11,,108.92,5.43,1576,0.15,1191,0.11,1430,0.023,無,0,無,0,無,0
SW-80661C0,BR,6,Y,1.04,69.13,67.89,-1.24,1.93,1.01,-0.93,10.15,11.6,1.45,,11.64,,85.03,2.01,1233,0.15,1534,0.115,1381,0.04,1183,0.011,無,0,無,0
SW-80661C0,BR,6,Y,1.04,69.13,67.63,-1.5,1.93,0.73,-1.2,10.15,11.05,0.89,,11.07,,86.2,2.09,1233,0.15,1534,0.12,1381,0.041,1183,0.011,無,0,無,0
SW-80661C0,YE,6,Y,1.04,65.12,63.45,-1.67,2.94,4.11,1.18,62.85,61.96,-0.89,,62.1,,86.2,1.05,1191,0.9,1724,0.12,1201,0.1,1565,0.037,無,0,無,0
SW-80661C0,YE,6,Y,1.04,65.12,63.51,-1.61,2.94,4.65,1.71,62.85,62.61,-0.25,,62.78,,85.75,1.24,1191,0.9,1724,0.12,1201,0.1,1565,0.035,無,0,無,0
SW-80661C0,NB,7,Y,1.04,25.28,25.03,-0.25,-4.34,-3.47,0.87,-11.16,-9.35,1.81,,9.97,,249.61,1.56,1578,1.3,1722,0.19,1191,0.13,1391,0.023,無,0,無,0
SW-80661C0,NB,7,Y,1.04,25.28,25.25,-0.03,-4.34,-3.45,0.89,-11.16,-9.7,1.46,,10.3,,250.42,1.34,1578,1.3,1722,0.18,1191,0.12,1391,0.022,無,0,無,0
SW-80661C0,OL,3,Y,1.04,56.98,55.75,-1.23,-4.19,-3.69,0.5,31.07,24.32,-6.75,,24.59,,98.63,3.35,1191,0.19,1565,0.12,1201,0.09,1430,0.03,無,0,無,0
SW-80661C0,OL,3,Y,1.04,56.98,56.74,-0.23,-4.19,-3.33,0.86,31.07,24.7,-6.36,,24.93,,97.68,3.13,1191,0.18,1565,0.11,1201,0.087,1430,0.028,無,0,無,0
SW-80661C0,GR,1,Y,1.04,76.18,79.2,3.02,1.04,-2.65,-3.69,8.01,7.98,-0.03,,8.41,,108.37,5.48,1111,0.028,1310,0.016,1510,0.014,無,0,無,0,無,0
SW-80661C0,PU,3,Y,1.04,28.52,27.94,-0.58,19.68,18.1,-1.57,-3.11,-1.18,1.92,,18.14,,356.26,1.86,1391,0.85,1384,0.75,1576,0.57,1142,0.2,無,0,無,0
SW-80661C0,PU,3,Y,1.04,28.52,27.9,-0.63,19.68,17.59,-2.09,-3.11,-0.54,2.56,,17.59,,358.23,2.47,1391,0.85,1384,0.75,1576,0.58,1142,0.22,無,0,無,0
SW-8860C0,KH,2,N,1.04,70.85,70.4,-0.45,5.16,5.62,0.47,11.67,11.88,0.21,,13.14,,64.68,0.65,1233,0.16,1534,0.103,1381,0.074,無,0,無,0,無,0
SW-8860C0,KH,2,N,1.04,70.85,69.39,-1.46,5.16,4.29,-0.87,11.67,12.5,0.82,,13.21,,71.07,1.93,1233,0.184,1534,0.12,1381,0.063,無,0,無,0,無,0
SW-8860C0,KH,2,N,1.04,70.85,70.86,0.01,5.16,4.18,-0.98,11.67,11.06,-0.62,,11.82,,69.3,1.3,1233,0.149,1534,0.108,1381,0.062,無,0,無,0,無,0
SW-8860C0,KH,2,N,1.04,70.85,69.89,-0.96,5.16,4.29,-0.86,11.67,11.23,-0.44,,12.02,,69.07,1.23,1233,0.165,1534,0.12,1381,0.069,無,0,無,0,無,0
SW-80418,NB,7,N,1.25,20.26,20.74,0.48,-0.64,-0.42,0.22,-8.96,-8.96,0,,8.97,,267.31,0.48,1578,1.7,1588,1.62,1430,0.79,1191,0.41,無,0,無,0
SW-80418,NB,7,N,1.25,20.26,20.99,0.72,-0.64,-0.29,0.35,-8.96,-9.12,-0.16,,9.12,,268.17,0.76,1578,1.6,1588,1.54,1430,0.75,1191,0.39,無,0,無,0
SCW-837AM1,RE,3,N,1,48.92,49.64,0.73,30.93,30.45,-0.48,13.45,12.36,-1.09,,32.86,,22.1,0.86,1391,0.35,1722,0.215,1580,0.066,無,0,無,0,無,0
SCW-837AM1,RE,3,N,1,48.92,49.51,0.59,30.93,29.57,-1.36,13.45,12.69,-0.77,,32.18,,23.22,0.79,1391,0.37,1724,0.314,1565,0.027,1580,0.022,無,0,無,0
SW-81294C0,RE,1,Y,1.04,81.98,82.36,0.38,6.04,6.05,0.01,-0.76,-0.81,-0.06,,6.11,,352.36,0.16,1310,0.022,1510,0.0083,1111,0.006,無,0,無,0,無,0
SW-81294C0,RE,1,Y,1.04,81.98,81.95,-0.03,6.04,6.38,0.34,-0.76,-1.15,-0.39,,6.48,,349.81,0.57,1310,0.023,1510,0.0087,1111,0.0063,無,0,無,0,無,0
