發料單號,Name,色系名稱,色系編號,成品布號,OP否,DPF,機器規格,染缸容量KG,主泵轉數,帶布輪轉速,噴嘴大小,循環時間,總圈數,浴比,色號,是否有追加,標準樣L,L,CIE_DL,CMC_DL,標準樣a,a,CIE_Da,標準樣b,b,CIE_Db,標準樣C,C,CMC_DC,標準樣h,h,CMC_Dh,CMC_DE,配方料號1,配方濃度1,配方料號2,配方濃度2,配方料號3,配方濃度3,配方料號4,配方濃度4,配方料號5,配方濃度5,配方料號6,配方濃度6,配方料號7,配方濃度7
F9302-25063841,F9302-25063841,BK,7,SCK-4186,N,1.04167,Rapido-1,600,1250,1050,30*40,68.00,391.16,9.30,A1605-23040175-5C1,Y,15.33,15.92,0.59,,0.62,0.71,0.09,-1.42,-1.16,0.27,,,,,,,0.69,1430,0.17,1862,0.025,1142,0.00063,無,0,無,0,無,0,無,0
F9302-25070097,F9302-25070097,PI,3,SCK-4186EM,N,1.04167,Rapido-1,600,1200,1000,30*40,52.50,564.99,12.35,A1605-25030097-1A,Y,54.07,54.92,0.86,,55.59,56.13,0.54,-0.88,0.34,1.22,,,,,,,0.79,1384,0.6336,1034,0.121,無,0,無,0,無,0,無,0,無,0
F9302-25070172,F9302-25070172,GY,2,SCK-3230,N,1.66667,Rapido-2,200,1150,950,25*2,152.00,146.41,10.00,1711131-1A,N,32.95,32.49,-0.46,,-0.86,-0.70,0.16,-1.88,-1.75,0.12,,,,,,,0.38,1576,0.7293,1724,0.5508,1430,0.044,無,0,無,0,無,0,無,0
F9302-25070251,F9302-25070251,BK,3,SCK-3804,Y,1.04167,Rapido-2,400,1100,900,35*50,83.00,136.08,5.00,A1605-23090155-6B,N,19.36,18.01,-1.35,,-0.19,0.09,0.28,-2.55,-2.11,0.43,,,,,,,1.32,1862,2.5,1722,0.21,1430,0.0275,無,0,無,0,無,0,無,0
F9302-25070291,F9302-25070291,BK,3,SCW-136WP4,Y,0.69444,Rapido-2,800,1250,1050,25X3,55.75,249.22,12.12,2007048-1A,N,18.46,17.61,-0.85,,0.20,0.43,0.23,-2.45,-1.49,0.96,,,,,,,1.47,1862,3.4,1722,0.625,1588,0.54,1848,0.45,1430,0.152,無,0,無,0
F9302-25070296,F9302-25070296,YE,2,SCW-136WP4,Y,0.69444,Rapido-2,100,1300,1000,25X3,18.50,609.89,22.73,A1605-24110105-1D,Y,81.18,84.89,3.72,,7.35,2.31,-5.04,83.88,81.28,-2.60,,,,,,,3.18,1191,0.8,1201,0.035,1580,0.001,無,0,無,0,無,0,無,0
F9302-25070326,F9302-25070326,GY,2,SW-80462C0,Y,1.04167,Rapido-2,100,1200,900,40*30,16.50,1352.06,11.63,A1605-25030228-2A,N,64.89,64.38,-0.51,,-5.35,-5.82,-0.47,-4.27,-5.26,-0.99,,,,,,,1.12,1565,0.0985,1722,0.0132,1191,0.0128,1430,0.0051,無,0,無,0,無,0
F9302-25070330,F9302-25070330,GR,2,SCK-3828,N,1.04167,Conveyor-1,300,80,270,140,483.00,38.49,5.83,A1605-25060151-1B,N,52.37,51.26,-1.12,,-12.15,-11.69,0.45,10.51,10.21,-0.29,,,,,,,0.62,1191,0.15,1430,0.027,無,0,無,0,無,0,無,0,無,0
F9302-25070333,F9302-25070333,RE,2,SCK-3928,N,1.04167,Rapido-1,600,1200,900,40*40,72.75,238.46,0.00,A1605-25050108-9D,N,69.21,68.55,-0.65,,12.92,13.66,0.74,9.19,8.85,-0.34,,,,,,,1.02,1310,0.165,1111,0.11,1510,0.027,無,0,無,0,無,0,無,0
F9302-25070371,F9302-25070371,NB,6,SCK-3724,Y,0.69444,Rapido-2,100,1250,1000,30*4,10.50,2107.62,20.00,A1605-25060112-1A,N,23.24,23.47,0.23,,8.13,7.64,-0.49,-26.66,-26.21,0.45,,,,,,,0.46,1588,1.368,1578,1.224,1640,0.639,1722,0.0234,無,0,無,0,無,0
F9302-25070373,F9302-25070373,BL,5,SCK-363,N,2.08333,Rapido-2,200,1200,1000,25*25,72.00,422.75,6.33,A1605-25050070-2A,Y,24.28,24.00,-0.29,,-1.13,-0.82,0.31,-8.97,-8.20,0.77,,,,,,,0.78,1578,1.1,1430,0.5,1142,0.29,無,0,無,0,無,0,無,0
F9302-25070383,F9302-25070383,GR,3,PA-AS0056,N,1.04167,Rapido-2,50,1200,1000,30*30,7.50,1878.27,15.00,2010033-4A,Y,29.55,31.47,1.93,,-11.49,-11.83,-0.33,3.81,5.07,1.26,,,,,,,1.73,1585,0.594,1578,0.432,1191,0.336,1567,0.1875,1201,0.004,無,0,無,0
F9302-25070385,F9302-25070385,BK,7,SK-1272,N,0.59524,Rapido-1,600,1250,1050,25*30,107.25,166.08,6.25,A1605-25020142-2A,N,18.75,18.29,-0.46,,0.63,0.56,-0.07,0.21,-0.14,-0.35,,,,,,,0.66,1862,4.68,1430,1.625,1191,1.2,1863,0.25,無,0,無,0,無,0
F9302-25070389,F9302-25070389,BK,7,SK-1272,N,0.59524,Rapido-1,600,1250,1050,25*30,112.50,163.52,6.27,A1605-25020142-2A,N,18.75,18.52,-0.22,,0.63,0.50,-0.13,0.21,-0.11,-0.32,,,,,,,0.54,1862,4.68,1430,1.625,1191,1.2,1863,0.25,無,0,無,0,無,0
F9302-25070409,F9302-25070409,BL,1,SCK-3928,N,1.04167,Rapido-2,200,1200,900,40*4,33.00,376.64,12.50,A1605-25050020-1D,N,76.40,76.05,-0.35,,-11.17,-11.41,-0.23,-11.98,-12.26,-0.28,,,,,,,0.27,1580,0.12,1430,0.0081,1142,0.0027,無,0,無,0,無,0,無,0
F9302-25070417,F9302-25070417,GR,2,SCK-3624S,N,1.04167,Rapido-2,400,1250,1000,35*40,67.50,751.50,5.00,A1605-21110189-1B,Y,31.57,32.01,0.44,,-0.06,-0.83,-0.78,6.25,6.51,0.26,,,,,,,1.11,1578,0.392,1722,0.364,1191,0.33,1565,0.33,1391,0.1674,無,0,無,0
F9302-25070426,F9302-25070426,BK,3,SW-80779C0,Y,1.04167,Rapido-2,300,1300,1000,35*40,52.00,124.17,5.95,A1605-23110101-1D,N,16.25,16.74,0.49,,0.67,0.50,-0.17,-0.70,-1.40,-0.70,,,,,,,1.14,1862,4.176,1722,0.44,1848,0.406,1588,0.0015,無,0,無,0,無,0
F9302-25070435,F9302-25070435,GY,3,SCK-3847ST,Y,1.04167,Rapido-2,200,1300,1050,30*40,54.00,506.50,6.25,A1605-25040105-4A,Y,63.44,62.26,-1.18,,0.10,0.39,0.29,0.31,-0.23,-0.54,,,,,,,1.05,1576,0.084,1430,0.042,1142,0.032,1201,0.0045,無,0,無,0,無,0
F9302-25070437,F9302-25070437,GR,3,SW-81179C0,Y,1.04167,Rapido-2,50,1300,950,45*3,11.00,2180.91,8.33,A1605-25030258-6B,N,47.12,46.66,-0.46,,-7.89,-7.70,0.19,3.98,2.92,-1.06,,,,,,,1.15,1565,0.405,1191,0.184,1391,0.114,1722,0.0285,無,0,無,0,無,0
F9302-25070441,F9302-25070441,GR,2,SCK-3843S,Y,0.69444,Rapido-2,400,1200,1000,30*40,71.00,195.68,5.65,A1605-23050051-1A,Y,35.28,35.85,0.57,,-28.43,-28.85,-0.42,-2.24,-2.40,-0.16,,,,,,,0.40,1585,1.575,1588,1.24,1565,0.578,1142,0.36,1567,0.27,無,0,無,0
F9302-25070463,F9302-25070463,GY,2,SCK-3562,N,0.69444,Rapido-2,400,1200,1000,30*3,82.00,29.87,6.25,A1605-24090190-5A,N,53.73,53.67,-0.05,,3.88,4.07,0.20,-3.04,-2.79,0.24,,,,,,,0.40,1565,0.21285,1391,0.12096,1724,0.108,1142,0.01749,無,0,無,0,無,0
F9302-25070473,F9302-25070473,BK,7,SW-81081C0,Y,1.04167,Rapido-2,100,1250,1000,35*4,15.00,1892.67,10.26,A1605-25040118-2B,N,18.79,17.45,-1.34,,-0.38,-0.20,0.18,-2.27,-2.19,0.08,,,,,,,1.19,1862,2.98,1588,0.8,1391,0.58,1191,0.223,無,0,無,0,無,0
F9302-25070474,F9302-25070474,GR,3,SCK-4186,N,1.04167,Rapido-2,50,1250,1050,30*40,8.00,3816.50,25.00,A1605-23100013-3A,Y,41.51,43.54,2.03,,-10.47,-10.65,-0.19,4.48,4.65,0.17,,,,,,,1.05,1593,0.4386,1191,0.32,1430,0.1188,無,0,無,0,無,0,無,0
F9302-25070479,F9302-25070479,NB,7,SCK-3847,Y,1.04167,Rapido-2,400,1300,1050,30*40,36.00,639.28,10.42,A1605-25040105-2D,N,21.56,21.80,0.24,,0.44,0.61,0.17,-11.10,-10.80,0.30,,,,,,,0.38,1578,1.4175,1862,1.3905,1391,0.2575,無,0,無,0,無,0,無,0
F9302-25070480,F9302-25070480,BK,6,SCK-3928,N,1.04167,Rapido-2,400,1250,1000,35*40,72.00,179.15,5.41,A1605-25050108-1A,N,19.34,18.88,-0.46,,-0.33,-0.47,-0.14,-1.67,-1.94,-0.27,,,,,,,0.56,1862,2.592,1391,0.42,1142,0.0021,無,0,無,0,無,0,無,0
F9302-25070487,F9302-25070487,GY,3,SCK-3562,N,0.69444,Rapido-2,400,1200,1000,30*3,72.50,241.43,7.14,A1605-24090190-2A,N,39.55,40.02,0.47,,-2.99,-3.15,-0.16,-7.58,-7.87,-0.28,,,,,,,0.39,1722,0.11,1191,0.08383,1391,0.04784,無,0,無,0,無,0,無,0
F9302-25070488,F9302-25070488,GY,3,SCK-3562,N,0.69444,Rapido-2,400,1200,1000,30*3,73.00,270.22,7.14,A1605-24090190-2A,N,39.55,40.06,0.51,,-2.99,-3.21,-0.22,-7.58,-7.78,-0.20,,,,,,,0.39,1722,0.11,1191,0.08383,1391,0.04784,無,0,無,0,無,0,無,0
F9302-25070494,F9302-25070494,GY,2,SCK-3562,N,0.69444,Rapido-2,400,1200,1000,30*3,88.50,314.46,6.25,A1605-24090190-5A,Y,53.73,54.18,0.45,,3.88,4.11,0.23,-3.04,-2.58,0.46,,,,,,,0.67,1565,0.21285,1391,0.12096,1724,0.108,1142,0.01749,無,0,無,0,無,0
F9302-25070498,F9302-25070498,BK,3,SCK-4402,N,0.69444,Rapido-2,300,1200,1000,30*30,42.50,1010.99,10.10,A1605-24070056-1A,Y,18.86,19.20,0.34,,0.25,-0.25,-0.49,-1.95,-2.56,-0.61,,,,,,,1.09,1862,2.354,1391,0.95,1588,0.66,1191,0.34,無,0,無,0,無,0
F9302-25070500,F9302-25070500,BK,7,SCK-906,N,0.69444,Rapido-2,300,1250,1050,35*40,45.50,528.59,10.20,A1605-25030215-9B,Y,17.37,17.48,0.11,,0.01,-0.19,-0.20,-2.49,-2.68,-0.18,,,,,,,0.37,1862,3.5,1863,1.02,1391,0.32,1191,0.09,無,0,無,0,無,0
F9302-25070501,F9302-25070501,BL,3,SCK-3344,N,1.04167,Rapido-1,600,1250,1050,35*5,52.00,314.54,6.71,A1605-23040014-1A,N,21.02,20.92,-0.10,,1.26,1.32,0.05,-14.55,-14.38,0.18,,,,,,,0.16,1578,1.02,1862,0.776,1430,0.304,1588,0.095,無,0,無,0,無,0
F9302-25070502,F9302-25070502,KH,1,SCK-906,N,0.69444,Rapido-2,400,1250,1050,35*40,48.50,476.41,10.00,A1605-25030215-11B,Y,82.72,83.32,0.60,,0.06,-0.29,-0.35,3.46,3.43,-0.03,,,,,,,0.51,1111,0.02268,1310,0.01974,1510,0.0168,無,0,無,0,無,0,無,0
F9302-25070513,F9302-25070513,NB,6,SW-81081C0,Y,1.04167,Rapido-2,100,1250,1000,35*40,14.00,2122.14,13.16,A1605-25040118-3C,N,19.88,19.52,-0.36,,0.51,0.67,0.16,-10.57,-10.41,0.16,,,,,,,0.39,1578,1.6,1576,1.1,1722,0.427,1191,0.042,無,0,無,0,無,0
F9302-25070524,F9302-25070524,GY,2,SCK-3230,N,1.66667,Rapido-2,200,1150,950,25*2,149.00,119.82,12.50,1711131-1A,N,32.95,31.89,-1.06,,-0.86,-0.73,0.12,-1.88,-2.05,-0.17,,,,,,,0.68,1576,0.7293,1724,0.5508,1430,0.044,無,0,無,0,無,0,無,0
F9302-25070541,F9302-25070541,GR,2,SW-80779C0,Y,1.04167,Rapido-2,400,1300,1000,35*40,70.00,273.03,5.50,A1605-24090044-1A,N,47.21,47.93,0.72,,2.50,2.45,-0.05,19.10,18.98,-0.12,,,,,,,0.35,1724,0.4559,1576,0.2064,1201,0.0912,1142,0.08008,無,0,無,0,無,0
F9302-25070552,F9302-25070552,BK,7,SCK-363,N,2.08333,Rapido-2,300,1250,1000,30*30,57.00,291.37,7.14,A1605-25050070-1B,N,15.55,15.23,-0.32,,-0.32,-0.47,-0.15,-0.79,-0.99,-0.20,,,,,,,0.48,1862,3.5,1863,1.35,1191,0.35,1430,0.12,無,0,無,0,無,0
F9302-25070567,F9302-25070567,GY,2,SCK-3562,N,0.69444,Rapido-2,400,1200,1000,30*3,88.50,568.50,6.29,A1605-24090190-5A,Y,53.73,55.85,2.12,,3.88,2.00,-1.87,-3.04,-3.74,-0.70,,,,,,,2.65,1565,0.21285,1391,0.12096,1724,0.108,1142,0.01749,無,0,無,0,無,0
F9302-25070580,F9302-25070580,GR,4,SW-80602C0,Y,1.04167,Rapido-2,100,1250,1000,30*40,12.00,1785.42,12.50,A1605-25040042-2A,N,39.64,39.09,-0.56,,-3.07,-3.20,-0.13,12.98,12.58,-0.40,,,,,,,0.46,1565,0.571,1191,0.32,1201,0.252,1391,0.161,無,0,無,0,無,0
F9302-25070583,F9302-25070583,GR,2,SCK-3624S,N,1.04167,Rapido-2,400,1250,1000,35*40,41.50,347.47,8.40,A1605-24090187-1A,N,33.29,33.21,-0.08,,-5.94,-6.02,-0.08,19.18,18.79,-0.39,,,,,,,0.27,1722,0.4284,1565,0.3456,1142,0.0074,無,0,無,0,無,0,無,0
F9302-25070584,F9302-25070584,GY,2,SCK-3230,N,1.66667,Rapido-2,200,1150,950,25*2,161.00,106.05,10.00,1711131-1A,N,32.95,31.76,-1.18,,-0.86,-0.75,0.11,-1.88,-1.68,0.19,,,,,,,0.75,1576,0.7293,1724,0.5508,1430,0.044,無,0,無,0,無,0,無,0
F9302-25070588,F9302-25070588,GR,2,SCK-3843S,Y,0.69444,Rapido-2,400,1200,1000,30*40,67.00,512.96,5.49,A1605-23050051-1A,Y,35.28,34.90,-0.38,,-28.43,-28.47,-0.04,-2.24,-2.73,-0.49,,,,,,,0.39,1585,1.61,1588,1.271,1565,0.5984,1567,0.264,1142,0.0045,無,0,無,0
F9302-25070598,F9302-25070598,PU,6,SCK-3922,Y,0.59524,Rapido-2,50,1250,1000,35*4,16.50,970.85,6.25,A1605-25030219-3E,N,27.30,25.07,-2.23,,6.71,5.88,-0.83,-8.01,-8.19,-0.18,,,,,,,1.76,1565,1,1724,0.885,1430,0.87,1588,0.482,無,0,無,0,無,0
F9302-25070599,F9302-25070599,WH,3,SCK-3922,Y,0.59524,Rapido-2,400,1250,1000,35*4,16.00,894.75,25.64,A1605-24010094-3A,N,90.24,90.37,0.13,,0.15,0.42,0.27,6.19,6.12,-0.07,,,,,,,0.38,1111,0.0078,1310,0.0054,1510,0.002,無,0,無,0,無,0,無,0
F9302-25070603,F9302-25070603,GY,3,SCK-4173,N,0.83333,Rapido-2,400,1200,1000,25*3,63.00,295.86,9.90,A1605-24060068-1B,N,18.01,17.38,-0.63,,-0.39,-0.21,0.17,-2.76,-2.97,-0.21,,,,,,,0.66,1862,1.3,1578,1.2,1391,0.84,1142,0.4738,無,0,無,0,無,0
F9302-25070613,F9302-25070613,GY,2,SCK-3230,N,1.66667,Rapido-2,200,1150,950,25*2,151.00,229.58,12.50,1711131-1A,N,32.95,32.00,-0.95,,-0.86,-0.77,0.09,-1.88,-1.75,0.12,,,,,,,0.59,1576,0.7293,1724,0.5508,1430,0.044,無,0,無,0,無,0,無,0
F9302-25070620,F9302-25070620,GY,2,SCK-3230,N,1.66667,Rapido-2,200,1150,950,25*2,156.00,237.85,12.50,1711131-1A,Y,32.95,32.12,-0.83,,-0.86,-0.69,0.16,-1.88,-1.50,0.38,,,,,,,0.73,1724,0.5508,1430,0.044,無,0,無,0,無,0,無,0,無,0
F9302-25070626,F9302-25070626,BK,6,SK-1125C0,N,3.125,Rapido-1,600,1100,600,45*5,116.50,507.78,5.36,A1605-25020141-2A,Y,13.56,13.15,-0.41,,1.04,1.42,0.38,-0.14,0.08,0.22,,,,,,,0.75,1862,1.875,1430,0.648,1191,0.45,無,0,無,0,無,0,無,0
F9302-25070636,F9302-25070636,KH,3,SW-80242C07,Y,1.04167,Rapido-2,400,1300,1050,35*40,48.00,470.56,6.62,A1605-25020162-4A,N,52.71,52.07,-0.65,,3.10,3.18,0.08,14.03,14.10,0.08,,,,,,,0.31,1191,0.15272,1565,0.13,1430,0.09646,1201,0.00094,無,0,無,0,無,0
F9302-25070651,F9302-25070651,YE,2,SCK-4173,N,0.83333,Rapido-2,400,1200,1000,25*3,32.50,899.88,10.00,A1605-24100099-3A,Y,71.07,70.89,-0.18,,4.39,5.09,0.70,67.71,68.12,0.41,,,,,,,0.44,1142,0.399,1201,0.2142,1580,0.04465,無,0,無,0,無,0,無,0
F9302-25070652,F9302-25070652,GR,1,SCK-4173,N,0.83333,Rapido-2,100,1200,1000,25*3,25.00,1290.28,10.00,A1605-24100099-4A,Y,34.15,33.80,-0.35,,-7.30,-7.00,0.30,17.14,17.73,0.59,,,,,,,0.56,1191,0.68385,1722,0.45,1578,0.2976,1568,0.25,無,0,無,0,無,0
F9302-25070653,F9302-25070653,BK,3,SCK-3922,Y,0.59524,Rapido-2,50,1250,1000,35*4,9.00,2768.89,12.50,A1605-21100133-1A,N,15.26,14.76,-0.50,,0.48,0.50,0.02,-1.17,-1.25,-0.08,,,,,,,0.51,1862,3.33,1722,0.85,1588,0.585,1848,0.555,1430,0.385,無,0,無,0
F9302-25070673,F9302-25070673,GR,3,SCW-814,Y,1.04167,Rapido-1,600,1300,900,45*5,51.00,803.24,7.23,A1605-23080084-2A,Y,25.94,27.24,1.31,,-4.69,-5.19,-0.50,-5.99,-5.20,0.79,,,,,,,1.42,1391,0.05035,1578,0.019,1201,0.0045,1142,0.0024,無,0,無,0,無,0
F9302-25070674,F9302-25070674,BK,6,SK-1125C0,N,3.125,Rapido-1,600,1100,600,45*5,118.00,287.73,5.37,A1605-25020141-2A,Y,13.56,12.81,-0.75,,1.04,1.35,0.31,-0.14,0.15,0.30,,,,,,,0.96,1862,1.875,1430,0.648,1191,0.45,無,0,無,0,無,0,無,0
F9302-25070675,F9302-25070675,BR,1,SK-1125C0,N,3.125,Rapido-2,400,1100,600,45*5,52.50,467.49,6.25,A1605-24060046-1A,Y,54.09,51.68,-2.41,,13.22,13.51,0.29,25.25,25.17,-0.08,,,,,,,1.12,1191,0.132,1430,0.07695,1201,0.037,1565,0.03132,無,0,無,0,無,0
F9302-25070676,F9302-25070676,GR,2,SCK-3843S,Y,0.69444,Rapido-2,400,1200,1000,30*40,62.50,377.14,5.68,A1605-23050051-1A,N,35.28,35.24,-0.04,,-28.43,-28.75,-0.32,-2.24,-2.11,0.13,,,,,,,0.19,1585,1.61,1588,1.271,1565,0.612,1142,0.369,1567,0.27,無,0,無,0
F9302-25070686,F9302-25070686,GR,3,SCK-3928,N,1.04167,Rapido-2,600,1250,1000,40*30,52.25,290.83,5.83,A1605-25050108-8B,N,47.02,46.14,-0.88,,-8.47,-8.36,0.11,3.63,3.34,-0.29,,,,,,,0.52,1565,0.48,1191,0.17,1722,0.075,1391,0.072,無,0,無,0,無,0
F9302-25070691,F9302-25070691,BK,7,SCK-3714,N,0.90278,Rapido-2,300,1250,1000,30*30,62.50,371.90,10.53,A1605-25020099-3A,N,19.37,19.17,-0.21,,1.23,1.54,0.30,-1.15,-0.97,0.18,,,,,,,0.51,1862,2.5,1391,0.9,1191,0.5,1722,0.08,無,0,無,0,無,0
F9302-25070693,F9302-25070693,GY,3,SCK-1268S,Y,0.52083,Rapido-2,100,1200,900,40*30,23.00,842.48,8.33,1411059-1B,N,62.46,62.08,-0.38,,2.32,2.44,0.12,6.68,7.03,0.36,,,,,,,0.39,1862,1.155,1391,0.304,1142,0.11475,1588,0.078,無,0,無,0,無,0
F9302-25070694,F9302-25070694,BL,2,SW-80661C0,Y,1.04167,Rapido-2,800,1250,1050,35*5,67.25,363.38,6.27,A1605-24060130-1D,N,62.46,62.41,-0.05,,2.32,2.05,-0.27,6.68,6.44,-0.24,,,,,,,0.41,1593,0.637,1724,0.2142,1430,0.0404,無,0,無,0,無,0,無,0
F9302-25070696,F9302-25070696,GR,3,SW-81081C0,Y,1.04167,Rapido-2,100,1250,1000,40*30,14.00,1888.14,12.82,A1605-25040118-4A,N,46.26,45.63,-0.63,,-7.48,-7.47,0.00,4.04,3.87,-0.17,,,,,,,0.35,1565,0.394,1191,0.18,1391,0.112,1722,0.027,無,0,無,0,無,0
F9302-25070740,F9302-25070740,NB,5,SCW-136WP4,Y,0.69444,Rapido-2,100,1300,1100,25X3,28.50,701.89,10.00,A1605-25050178-4B,N,22.01,22.36,0.35,,-0.19,-0.10,0.09,-11.30,-11.14,0.17,,,,,,,0.32,1862,1.3,1588,0.64,1578,0.55,1430,0.42,無,0,無,0,無,0
F9302-25070745,F9302-25070745,GY,2,SCK-3562,N,0.69444,Rapido-2,400,1200,1000,30*3,90.00,432.82,6.25,A1605-24090190-5A,Y,53.73,53.91,0.18,,3.88,4.05,0.18,-3.04,-2.46,0.58,,,,,,,0.76,1565,0.21285,1391,0.12096,1724,0.108,1142,0.01749,無,0,無,0,無,0
F9302-25070749,F9302-25070749,BR,5,SK-1272,N,0.59524,Rapido-2,400,1250,1050,25*30,79.00,16.84,8.33,A1605-24110042-1A,N,43.54,42.98,-0.26,,17.22,17.49,0.28,23.73,23.87,0.20,,,,,,,0.25,1724,1.235,1391,0.5795,1142,0.38475,1565,0.2403,無,0,無,0,無,0
F9302-25070753,F9302-25070753,GY,2,SW-80779C0,Y,1.04167,Rapido-2,800,1300,1000,35*40,62.25,749.03,6.63,A1605-24100111-1B,Y,67.23,67.48,0.25,,-2.50,-2.00,0.51,-6.05,-6.27,-0.21,,,,,,,0.70,1510,0.07872,1310,0.058,1111,0.03724,無,0,無,0,無,0,無,0
F9302-25070766,F9302-25070766,BK,3,SCK-3725,Y,1.04167,Rapido-2,400,1200,1000,40X30,45.00,1540.67,7.52,2008064-1A,Y,17.34,17.87,0.54,,-0.08,0.48,0.56,-3.01,-3.04,-0.03,,,,,,,0.89,1862,3.2,1848,0.5,1588,0.06,1383,0.004,無,0,無,0,無,0
F9302-25070782,F9302-25070782,GR,2,SW-80779C0,Y,1.04167,Rapido-2,400,1300,1000,35*40,70.50,288.28,5.50,A1605-24090044-1A,N,47.21,47.96,0.76,,2.50,2.40,-0.09,19.10,18.83,-0.27,,,,,,,0.40,1724,0.4559,1142,0.08008,1201,0.00095,無,0,無,0,無,0,無,0
F9302-25070802,F9302-25070802,BK,7,SCK-3714,N,0.90278,Rapido-2,300,1250,1000,30*30,52.50,402.17,12.35,A1605-25020099-3A,N,19.37,19.22,-0.15,,1.23,1.44,0.20,-1.15,-1.06,0.10,,,,,,,0.33,1862,2.5,1391,0.882,1191,0.5,1722,0.08,無,0,無,0,無,0
F9302-25070808,F9302-25070808,GY,1,SCK-479S,N,1.04167,Rapido-2,400,1300,1100,40*5,36.00,734.28,8.20,A1605-24110133-2A,Y,79.80,79.96,0.16,,-0.08,0.08,0.16,5.36,4.88,-0.48,,,,,,,0.55,1111,0.02891,1310,0.02401,1510,0.015,無,0,無,0,無,0,無,0
F9302-25070821,F9302-25070821,GY,3,SCK-4186,N,1.04167,Rapido-2,400,1200,1000,30*3,60.50,447.75,9.35,A1605-24120070-1A,N,39.55,39.39,-0.16,,-2.99,-2.78,0.21,-7.58,-7.31,0.27,,,,,,,0.33,1724,0.3,1578,0.29,1565,0.21,1391,0.053,無,0,無,0,無,0
F9302-25070823,F9302-25070823,BK,3,SCK-3852,N,1.04167,Rapido-2,600,1250,1050,30*4,69.75,343.18,5.01,A1605-21040039-1C,N,15.35,16.21,0.62,,-0.26,0.25,0.19,-2.11,-1.45,0.18,,,,,,,0.70,1862,4.8,1863,0.55,1430,0.36,1142,0.0045,無,0,無,0,無,0
F9302-25070838,F9302-25070838,GY,1,SCK-479S,N,1.04167,Rapido-2,400,1300,1100,40*5,38.50,676.03,8.33,A1605-24110133-5B,Y,64.85,64.73,-0.12,,-0.45,-0.02,0.42,4.68,4.14,-0.54,,,,,,,0.80,1565,0.06864,1391,0.053,1142,0.0357,無,0,無,0,無,0,無,0
F9302-25070845,F9302-25070845,NB,3,SCK-3852,N,1.04167,Rapido-1,600,1400,1200,30*30,50.25,461.25,5.57,A1605-21020125-1E,N,19.01,20.05,0.02,,1.83,2.74,0.09,-14.81,-12.43,0.23,,,,,,,0.24,1578,1.955,1724,0.588,1430,0.5712,無,0,無,0,無,0,無,0
F9302-25070860,F9302-25070860,BK,7,SCK-3714,N,0.90278,Rapido-2,300,1250,1000,30*30,51.50,433.13,12.35,A1605-25020099-3A,N,19.37,19.30,-0.07,,1.23,1.22,-0.01,-1.15,-1.16,-0.01,,,,,,,0.06,1862,2.5,1391,0.855,1191,0.5,1722,0.08,無,0,無,0,無,0
F9302-25070871,F9302-25070871,BK,6,SK-1125C0,N,3.125,Rapido-1,600,1100,600,45*5,121.50,384.28,5.37,A1605-25020141-2A,Y,13.56,13.60,0.04,,1.04,1.29,0.25,-0.14,0.37,0.52,,,,,,,0.82,1862,1.7,1430,0.552,1191,0.45,無,0,無,0,無,0,無,0
F9302-25070876,F9302-25070876,RE,6,SW-81179C0,Y,1.04167,Rapido-2,100,1300,850,45*40,13.00,2221.85,13.16,A1605-25030258-5A,N,29.76,30.13,0.37,,21.79,22.03,0.23,8.44,8.51,0.07,,,,,,,0.27,1362,1.4,1383,1.4,1191,0.62,無,0,無,0,無,0,無,0
F9302-25070880,F9302-25070880,RE,3,SW-81179C0,Y,1.04167,Rapido-2,100,1300,800,45*40,16.50,1753.45,9.80,A1605-25030258-7B,N,54.35,54.25,-0.10,,44.70,45.44,0.75,20.39,20.89,0.49,,,,,,,0.36,1362,0.68,1142,0.122,1565,0.011,無,0,無,0,無,0,無,0
F9302-25070895,F9302-25070895,GY,2,SCK-3230,N,1.66667,Rapido-2,200,1150,950,25*2,145.00,183.03,12.50,1711131-1A,N,32.95,31.99,-0.96,,-0.86,-0.75,0.11,-1.88,-1.31,0.57,,,,,,,0.94,1724,0.5508,1430,0.044,無,0,無,0,無,0,無,0,無,0
F9302-25070897,F9302-25070897,BK,3,SCK-3852,N,1.04167,Rapido-2,600,1300,1100,30*40,72.00,511.86,6.25,A1605-21040039-1C,Y,15.24,16.05,0.81,,0.46,0.37,-0.08,-1.06,-1.54,-0.47,,,,,,,1.05,1862,4.8,1863,0.55,1430,0.36,1142,0.0045,無,0,無,0,無,0
F9302-25070902,F9302-25070902,GR,2,SCK-3843S,Y,0.69444,Rapido-2,400,1200,1000,30*40,65.00,349.63,5.41,A1605-23050051-1A,N,35.28,34.87,-0.41,,-28.43,-28.63,-0.20,-2.24,-2.36,-0.12,,,,,,,0.27,1585,1.61,1588,1.271,1565,0.612,1142,0.369,1567,0.27,無,0,無,0
F9302-25070949,F9302-25070949,BK,7,SW-81179C0,Y,1.04167,Rapido-2,200,1300,800,45*4,49.00,808.63,6.58,A1605-25030258-3A,N,19.13,18.78,-0.35,,-0.31,-0.70,-0.39,-2.24,-2.90,-0.67,,,,,,,1.04,1862,2.95,1588,0.8,1391,0.5,1191,0.215,無,0,無,0,無,0
F9302-25070950,F9302-25070950,NB,3,SCK-3852,N,1.04167,Rapido-1,600,1300,1100,30*40,70.00,320.57,5.56,A1605-21020125-1E,N,19.01,20.16,0.12,,1.83,2.75,0.10,-14.81,-12.43,0.24,,,,,,,0.27,1578,1.955,1724,0.588,1430,0.5712,無,0,無,0,無,0,無,0
F9302-25070967,F9302-25070967,NB,3,SCK-3852,N,1.04167,Rapido-1,600,1300,1100,30*40,64.75,357.84,6.27,A1605-21020125-1E,N,19.01,20.02,-0.02,,1.83,2.69,0.04,-14.81,-12.47,0.20,,,,,,,0.17,1578,1.955,1724,0.588,1430,0.5712,無,0,無,0,無,0,無,0
F9302-25070968,F9302-25070968,BK,3,SCK-3562,N,0.69444,Rapido-1,600,1300,1100,25X25,81.75,369.83,6.25,1911195-3A,Y,15.26,16.73,1.46,,0.48,0.25,-0.24,-1.17,-1.38,-0.20,,,,,,,1.50,1862,4.1975,1722,0.6237,1848,0.5,1588,0.162,1430,0.11,無,0,無,0
F9302-25070969,F9302-25070969,GY,2,SCK-3230,N,1.66667,Rapido-2,200,1150,950,25*2,152.00,328.97,12.50,1711131-1A,N,32.95,32.47,-0.47,,-0.86,-0.68,0.17,-1.88,-1.48,0.40,,,,,,,0.63,1576,0.7293,1724,0.5508,1430,0.044,無,0,無,0,無,0,無,0
F9302-25070974,F9302-25070974,GY,5,SW-80661C0,Y,1.04167,Rapido-2,800,1300,1100,35*5,56.25,398.84,5.95,A1605-24060130-3A,N,30.35,31.05,0.70,,0.48,0.68,0.20,-2.22,-2.32,-0.10,,,,,,,0.53,1593,0.7938,1391,0.399,1191,0.26264,1722,0.07533,無,0,無,0,無,0
F9302-25070979,F9302-25070979,BL,2,SW-80661C0,Y,1.04167,Rapido-2,800,1250,1050,35*5,73.75,351.47,6.22,A1605-24060130-1D,N,38.25,38.62,0.37,,-3.28,-3.15,0.13,-12.39,-12.55,-0.16,,,,,,,0.29,1593,0.637,1724,0.2142,1430,0.0404,無,0,無,0,無,0,無,0
F9302-25070986,F9302-25070986,GR,2,SCK-3843S,Y,0.69444,Rapido-2,400,1200,1000,30*40,52.00,741.38,7.30,A1605-23050051-1A,Y,35.28,35.20,-0.07,,-28.43,-28.69,-0.26,-2.24,-2.68,-0.44,,,,,,,0.32,1585,1.61,1588,1.271,1565,0.612,1142,0.369,1567,0.27,無,0,無,0
F9302-25070997,F9302-25070997,BK,3,SCK-3624S,N,1.04167,Rapido-2,600,1250,1000,35*40,77.25,229.44,4.17,A1605-21080149-2B,N,16.72,16.57,-0.15,,0.46,0.55,0.09,-0.85,-0.79,0.06,,,,,,,0.22,1862,3.42,1722,0.5,1588,0.46,1430,0.456,1142,0.0023,無,0,無,0
F9302-25070998,F9302-25070998,NB,5,SCK-4201AM,N,1.04167,Conveyor-1,300,88,280,120,304.00,107.96,6.67,A1605-24110019-3B,N,19.21,19.74,0.52,,0.68,0.92,0.24,-9.60,-9.27,0.33,,,,,,,0.63,1578,1.3,1724,0.81,1391,0.41,無,0,無,0,無,0,無,0
F9302-25071005,F9302-25071005,BK,7,SW-80347C0,Y,1.04167,Rapido-2,100,1200,1000,45*5,9.50,3990.32,13.79,A1605-25050119-2B,Y,17.23,20.27,3.04,,-0.04,-0.41,-0.37,-2.54,-3.60,-1.05,,,,,,,3.14,1862,2.95,1430,0.66,1588,0.53,1142,0.25,無,0,無,0,無,0
F9302-25071006,F9302-25071006,BL,2,SW-80347C0,Y,1.04167,Rapido-2,50,1200,1000,45*5,9.50,5295.68,10.00,A1605-25060115-3A,Y,82.26,84.09,1.83,,-3.05,-1.93,1.13,-7.22,-8.96,-1.74,,,,,,,2.42,1510,0.013,1310,0.0048,1111,0.0008,無,0,無,0,無,0,無,0
F9302-25071009,F9302-25071009,YE,4,SW-80347C0,Y,1.04167,Rapido-2,50,1200,1000,45*5,9.50,3038.00,9.68,A1605-25060115-2B,N,62.40,62.60,0.21,,2.31,0.50,-1.81,46.02,46.48,0.46,,,,,,,1.30,1191,0.45,1201,0.127,1565,0.049,1350,0.0113,無,0,無,0,無,0
F9302-25071026,F9302-25071026,GR,2,SCK-3843S,Y,0.69444,Rapido-2,400,1200,1000,30*40,50.50,506.04,7.30,A1605-23050051-1A,N,35.28,35.27,-0.01,,-28.43,-28.56,-0.13,-2.24,-2.40,-0.16,,,,,,,0.13,1585,1.61,1588,1.271,1565,0.612,1142,0.369,1567,0.27,無,0,無,0
F9302-25071027,F9302-25071027,GR,2,SCK-3843S,Y,0.69444,Rapido-2,400,1200,1000,30*40,61.00,391.67,7.35,A1605-23050051-1A,N,35.28,34.82,-0.46,,-28.43,-28.41,0.02,-2.24,-2.29,-0.05,,,,,,,0.26,1585,1.61,1588,1.271,1565,0.612,1142,0.369,1567,0.27,無,0,無,0
F9302-25071032,F9302-25071032,PI,2,SCK-4173,N,0.83333,Rapido-2,400,1250,1050,25*30,32.00,644.69,19.61,A1605-24100099-1A,N,42.51,42.10,-0.40,,43.75,44.74,0.98,-6.88,-6.50,0.38,,,,,,,0.52,1362,0.819,1580,0.0798,1374,0.0075,無,0,無,0,無,0,無,0
F9302-25071059,F9302-25071059,BK,3,SCK-3562,N,0.69444,Rapido-1,600,1300,1100,25X25,87.00,315.48,6.25,1911195-3A,Y,16.18,16.85,0.67,,0.51,0.29,-0.22,-1.46,-1.47,0.00,,,,,,,0.72,1862,4.1975,1722,0.6237,1848,0.5,1588,0.162,1430,0.11,無,0,無,0
F9302-25071060,F9302-25071060,BK,3,SCK-3562,N,0.69444,Rapido-1,600,1300,1100,25X25,87.50,466.63,6.27,1911195-3A,Y,15.26,16.81,1.55,,0.48,0.18,-0.31,-1.17,-1.61,-0.43,,,,,,,1.69,1862,4.1975,1722,0.6237,1848,0.5,1588,0.162,1430,0.11,無,0,無,0
F9302-25071064,F9302-25071064,BK,3,SCK-3624S,N,1.04167,Rapido-2,600,1250,1000,35*40,79.75,278.92,5.20,A1605-21080149-2B,N,16.72,16.70,-0.02,,0.46,0.38,-0.08,-0.85,-0.84,0.01,,,,,,,0.12,1862,3.42,1722,0.5,1588,0.46,1430,0.456,1142,0.0023,無,0,無,0
F9302-25071069,F9302-25071069,BL,2,SW-80661C0,Y,1.04167,Rapido-2,800,1250,1050,35*5,75.50,328.07,6.17,A1605-24060130-1D,N,38.25,39.09,0.84,,-3.28,-3.10,0.18,-12.39,-12.55,-0.15,,,,,,,0.52,1593,0.637,1724,0.2142,1430,0.0404,無,0,無,0,無,0,無,0
F9302-25071080,F9302-25071080,GY,2,SCK-3230,N,1.66667,Rapido-2,200,1150,950,25*2,145.00,164.55,14.29,1711131-1A,N,32.95,32.49,-0.45,,-0.86,-0.80,0.06,-1.88,-1.81,0.06,,,,,,,0.29,1576,0.7293,1724,0.5508,1430,0.044,無,0,無,0,無,0,無,0
F9302-25071081,F9302-25071081,GY,2,SCK-3230,N,1.66667,Rapido-2,200,1150,950,25*2,169.00,108.24,12.50,1711131-1A,N,32.95,32.35,-0.60,,-0.86,-0.79,0.07,-1.88,-1.63,0.25,,,,,,,0.48,1576,0.7293,1724,0.5508,1430,0.044,無,0,無,0,無,0,無,0
F9302-25071084,F9302-25071084,PU,2,SCK-4186,N,1.04167,Rapido-2,400,1200,1000,30*40,39.00,553.56,14.08,A1605-24100006-3H,N,65.15,64.98,-0.17,,4.35,4.90,0.55,-33.66,-34.11,-0.45,,,,,,,0.47,1690,0.17,1565,0.034,1681,0.029,1580,0.013,無,0,無,0,無,0
F9302-25071087,F9302-25071087,PU,2,SCK-4186,N,1.04167,Rapido-2,400,1200,1000,30*40,89.00,205.55,9.26,A1605-24100006-3H,N,65.15,64.78,-0.37,,4.35,4.88,0.53,-33.66,-34.15,-0.49,,,,,,,0.48,1690,0.17,1565,0.034,1681,0.029,1580,0.013,無,0,無,0,無,0
F9302-25071091,F9302-25071091,BK,7,SW-81127C0,Y,1.04167,Rapido-2,400,1300,1000,40*5,46.00,322.67,5.99,A1605-25020157-1B,Y,17.08,17.11,0.03,,-0.11,0.29,0.40,-2.16,-2.12,0.04,,,,,,,0.54,1862,3.036,1863,0.414,1391,0.21,1191,0.1275,無,0,無,0,無,0
F9302-25071101,F9302-25071101,GR,2,SCK-3624S,N,1.04167,Rapido-2,300,1250,1000,35*40,63.00,324.29,6.00,A1605-21110189-1B,Y,31.57,31.95,0.38,,-0.06,-0.74,-0.68,6.25,5.99,-0.26,,,,,,,1.00,1578,0.408,1722,0.3745,1191,0.3399,1565,0.3366,1391,0.1854,無,0,無,0
F9302-25071103,F9302-25071103,BL,1,SCK-4186,N,1.04167,Rapido-2,800,1200,1000,30*40,48.25,439.61,10.10,A1605-24090192-1A,N,79.68,79.52,-0.16,,-3.92,-3.63,0.29,-8.40,-8.06,0.34,,,,,,,0.40,1510,0.0309,1310,0.012,1111,0.0072,無,0,無,0,無,0,無,0
F9302-25071128,F9302-25071128,GR,1,SCK-4186,N,1.04167,Rapido-2,800,1200,1000,30*40,53.00,306.42,9.30,A1605-24090041-1A,Y,82.25,82.72,0.47,,-9.63,-8.67,0.96,1.85,1.13,-0.72,,,,,,,1.09,1510,0.02046,1111,0.01575,1310,0.00405,無,0,無,0,無,0,無,0
F9302-25071131,F9302-25071131,BL,2,SCK-4186,N,1.04167,Rapido-2,400,1250,1000,30*40,58.50,609.40,9.35,A1605-24090130-3C,Y,55.93,56.90,0.98,,-4.73,-3.74,1.00,-35.57,-34.92,0.65,,,,,,,0.86,1568,0.21,1565,0.086,1374,0.082,1580,0.08,無,0,無,0,無,0
F9302-25071141,F9302-25071141,YE,3,SW-80180C0,N,1.04167,Rapido-2,400,1350,1200,30*3,36.00,704.31,16.67,A1605-21120089-2B,N,63.46,63.07,-0.39,,21.05,20.18,-0.87,62.07,60.00,-2.07,,,,,,,0.80,1191,0.6552,1201,0.368,1353,0.08272,1530,0.0282,無,0,無,0,無,0
F9302-25071143,F9302-25071143,GY,3,SCK-3624S,N,1.04167,Rapido-2,400,1300,1000,35*5,60.00,503.05,5.56,A1605-24090187-3A,Y,39.55,40.24,0.69,,-2.99,-3.08,-0.08,-7.58,-7.58,0.00,,,,,,,0.38,1722,0.092,1191,0.06912,1391,0.044,無,0,無,0,無,0,無,0
F9302-25071152,F9302-25071152,GY,2,SCK-3852,N,1.04167,Rapido-1,600,1400,1200,30*40,73.25,399.19,6.27,A1605-21040039-3A,Y,29.96,30.10,0.14,,0.33,0.49,0.16,-2.01,-2.33,-0.32,,,,,,,0.48,1578,0.7102,1391,0.2996,1722,0.21,1142,0.002,無,0,無,0,無,0
F9302-25071182,F9302-25071182,GY,3,SCK-3624S,N,1.04167,Rapido-2,400,1300,1000,35*40,78.00,188.13,4.17,A1605-24090187-3A,N,39.55,39.35,-0.21,,-2.99,-3.08,-0.09,-7.58,-7.40,0.19,,,,,,,0.26,1722,0.09936,1191,0.07488,1391,0.0472,無,0,無,0,無,0,無,0
F9302-25071211,F9302-25071211,NB,7,SW-80105C6,N,0.69444,Rapido-2,400,1250,1050,25*30,29.50,1968.17,20.83,A1605-25030181-1B,Y,21.50,21.63,0.10,,0.70,0.32,-0.35,-8.89,-9.63,-0.72,,,,,,,0.81,1578,1.55,1593,1.43,1391,0.98,1142,0.00355,無,0,無,0,無,0
F9302-25071232,F9302-25071232,BL,4,SCK-3814,N,2.08333,Rapido-2,400,1250,1000,30*4,67.00,235.79,6.25,A1605-21040233-2B,N,29.94,29.22,-0.72,,-2.01,-1.86,0.15,-15.24,-15.02,0.23,,,,,,,0.49,1593,0.6042,1565,0.441,1724,0.2424,1430,0.0966,無,0,無,0,無,0
F9302-25071257,F9302-25071257,YE,1,SCK-4186,N,1.04167,Rapido-2,50,1250,1050,30*40,13.50,1274.15,16.67,A1605-24040074-2A,N,85.67,85.35,-0.31,,-21.70,-21.96,-0.26,75.06,75.86,0.80,,,,,,,0.29,1191,0.6048,1580,0.0154,無,0,無,0,無,0,無,0,無,0
F9302-25071279,F9302-25071279,BR,5,SK-1272,N,0.59524,Rapido-2,400,1250,1050,25*30,86.50,238.68,8.40,A1605-24110042-1A,N,43.54,43.14,-0.10,,17.22,17.18,-0.03,23.73,23.68,0.01,,,,,,,0.07,1724,1.235,1391,0.5795,1565,0.2403,1142,0.00405,無,0,無,0,無,0
F9302-25071317,F9302-25071317,BR,5,SK-1272,N,0.59524,Rapido-2,400,1250,1050,25*30,70.50,356.17,10.10,A1605-24110042-1A,N,43.54,43.45,0.21,,17.22,17.22,0.01,23.73,23.66,-0.01,,,,,,,0.11,1724,1.235,1391,0.5795,1565,0.2403,1142,0.00405,無,0,無,0,無,0
F9302-25071343,F9302-25071343,RE,2,SCK-4186,N,1.04167,Rapido-2,400,1250,1050,30*40,47.00,437.09,11.11,A1605-24090192-3D,N,69.02,68.79,-0.23,,38.56,36.14,-2.42,13.05,12.23,-0.82,,,,,,,1.10,1384,0.108,1350,0.034,1013,0.022,無,0,無,0,無,0,無,0
F9302-25071368,F9302-25071368,GY,2,SCK-3230,N,1.66667,Rapido-2,200,1150,950,25*2,104.00,277.54,20.00,1711131-1A,Y,32.95,32.24,-0.70,,-0.86,-0.64,0.21,-1.88,-1.15,0.72,,,,,,,1.07,1576,0.7293,1724,0.5508,1430,0.044,無,0,無,0,無,0,無,0
F9302-25071408,F9302-25071408,BK,3,SCK-3562,N,0.69444,Rapido-1,600,1300,1100,25X25,85.00,356.88,6.33,1911195-3A,Y,16.18,17.06,0.88,,0.51,0.31,-0.20,-1.46,-1.54,-0.08,,,,,,,0.91,1862,4.1975,1722,0.6237,1848,0.5,1588,0.162,1430,0.11,無,0,無,0
F9302-25071423,F9302-25071423,BK,3,SCK-3562,N,0.69444,Rapido-1,600,1300,1100,25X25,82.00,406.22,6.27,1911195-3A,N,16.18,16.89,0.71,,0.51,0.36,-0.15,-1.46,-1.37,0.09,,,,,,,0.73,1862,4.1975,1722,0.6237,1848,0.5,1588,0.162,1430,0.11,無,0,無,0
F9302-25071437,F9302-25071437,NB,2,SK-772,N,1.04167,Conveyor-1,300,88,270,140,462.00,60.85,7.14,2003191-4A,Y,23.74,23.92,0.18,,-3.89,-3.93,-0.04,-10.37,-9.86,0.50,,,,,,,0.46,1578,0.86,1430,0.2852,1191,0.261,1585,0.18,無,0,無,0,無,0
F9302-25071445,F9302-25071445,PU,0,SCK-4186,N,1.04167,Rapido-2,400,1200,1000,30*30,61.00,414.13,9.26,A1605-24100006-4A,N,59.02,58.00,-1.01,,50.97,50.55,-0.42,-35.56,-36.03,-0.47,,,,,,,0.53,1034,0.5264,1585,0.0565,1681,0.011,無,0,無,0,無,0,無,0
F9302-25071477,F9302-25071477,PU,0,SCK-4186,N,1.04167,Rapido-2,400,1200,1000,30*40,51.00,440.20,11.11,A1605-24100006-4A,N,59.02,58.23,-0.79,,50.97,50.28,-0.69,-35.56,-35.92,-0.36,,,,,,,0.50,1034,0.5264,1585,0.0565,1681,0.011,無,0,無,0,無,0,無,0
F9302-25071479,F9302-25071479,BK,3,SCK-3716,N,1.04167,Rapido-2,400,1250,1050,40*40,57.00,436.00,7.43,A1605-21040077-2A,N,16.54,16.32,-0.21,,0.56,0.48,-0.08,-1.41,-1.19,0.22,,,,,,,0.38,1862,2.875,1722,0.72,1848,0.5,1588,0.315,1430,0.147,無,0,無,0
F9302-25071507,F9302-25071507,BK,3,SCK-3724,Y,0.69444,Rapido-2,400,1250,1050,30*40,122.50,288.27,10.31,2005084-4A,N,18.15,17.85,-0.30,,0.41,0.63,0.22,-1.09,-1.05,0.04,,,,,,,0.42,1862,5,1848,0.485,1722,0.476,1588,0.35,1430,0.1344,1142,0.0027,無,0
F9302-25071536,F9302-25071536,PU,1,SW-80180C0,N,1.04167,Rapido-2,400,1350,1200,30*3,64.50,470.73,10.20,A1605-24100056-1D,Y,75.55,75.47,-0.08,,3.71,3.68,-0.02,-6.12,-6.48,-0.36,,,,,,,0.39,1310,0.048,1510,0.0371,1111,0.0162,無,0,無,0,無,0,無,0
F9302-25071663,F9302-25071663,BK,3,SCK-3562,N,0.69444,Rapido-1,600,1300,1100,25X25,86.75,320.35,6.25,1911195-3A,Y,16.18,16.48,0.31,,0.51,0.33,-0.17,-1.46,-1.43,0.03,,,,,,,0.38,1862,4.1975,1722,0.6237,1848,0.5,1430,0.165,1588,0.162,無,0,無,0
F9302-25071752,F9302-25071752,PU,2,SCK-3724,Y,0.69444,Rapido-2,400,1200,1000,30*40,54.00,455.11,8.62,A1605-24090191-8E,N,65.28,63.79,-1.50,,4.36,4.54,0.18,-31.69,-31.88,-0.19,,,,,,,0.62,1690,0.2575,1565,0.04512,1681,0.02208,無,0,無,0,無,0,無,0
F9302-25071764,F9302-25071764,BK,3,SCK-3562,N,0.69444,Rapido-1,600,1300,1100,25X25,87.50,349.15,6.25,1911195-3A,Y,16.18,16.80,0.63,,0.51,0.28,-0.23,-1.46,-1.43,0.04,,,,,,,0.69,1862,4.1975,1722,0.6237,1848,0.5,1430,0.165,1588,0.162,無,0,無,0
F9302-25071844,F9302-25071844,BL,2,SCK-3724,Y,0.69444,Rapido-2,400,1250,1000,30*40,81.00,439.20,5.68,A1605-21100086-2A,Y,21.46,23.01,1.55,,0.50,-0.06,-0.56,-11.76,-11.85,-0.09,,,,,,,1.41,1567,1.176,1391,0.6,1191,0.25,1578,0.016,1201,0.0025,無,0,無,0
F9302-25071879,F9302-25071879,PU,3,SW-81035C0,Y,1.04167,Rapido-2,400,1300,1000,35*40,47.00,456.26,6.67,A1605-24120190-2C,N,49.11,48.50,-0.60,,22.68,22.44,-0.24,-42.59,-42.60,-0.01,,,,,,,0.32,1690,0.57,1681,0.29,無,0,無,0,無,0,無,0,無,0
F9302-25071883,F9302-25071883,BK,3,SW-80591C0,Y,1.04167,Rapido-2,400,1200,1000,35*5,52.00,1007.52,6.62,A1605-24040151-1A,Y,17.84,19.09,1.25,,0.06,0.30,0.24,-3.36,-3.74,-0.38,,,,,,,1.25,1862,3.2,1588,0.4,1430,0.216,無,0,無,0,無,0,無,0
F9302-25071920,F9302-25071920,BK,3,SW-80096C0,Y,1.04167,Rapido-2,400,1350,1050,40*40,67.00,492.28,5.45,A1605-23050035-3F,N,15.26,16.48,1.22,,0.48,0.61,0.12,-1.17,-1.48,-0.30,,,,,,,1.28,1862,4.73,1848,0.4,1722,0.3325,1383,0.0038,無,0,無,0,無,0
F9302-25071973,F9302-25071973,GY,4,SCW-828,Y,1.04167,Rapido-2,400,1200,1000,35*40,51.50,498.00,6.80,A1605-24080045-4C,N,32.66,31.66,-1.00,,0.83,1.43,0.60,-6.08,-6.32,-0.24,,,,,,,1.02,1724,0.62,1578,0.6,1391,0.2,無,0,無,0,無,0,無,0
F9302-25072014,F9302-25072014,BK,3,SW-80779C0,Y,1.04167,Rapido-2,400,1300,1000,35*40,68.50,435.04,4.67,A1605-23110101-1D,N,16.25,16.99,0.74,,0.67,0.67,0.00,-0.70,-1.31,-0.61,,,,,,,1.13,1862,4.428,1722,0.44,1848,0.427,1588,0.015,無,0,無,0,無,0
F9302-25072037,F9302-25072037,BK,3,SCK-3562,N,0.69444,Rapido-1,600,1300,1100,25X25,67.75,428.00,8.33,1911195-3A,N,16.18,16.86,0.68,,0.51,0.38,-0.13,-1.46,-1.47,-0.01,,,,,,,0.69,1862,4.1975,1722,0.6237,1848,0.5,1430,0.165,1588,0.12,無,0,無,0
F9302-25072051,F9302-25072051,BK,3,SCK-4131,N,2.08333,Rapido-2,400,1200,1000,30*30,68.50,264.93,6.25,A1605-23040011-1B,N,18.46,16.43,-2.03,,0.49,0.65,0.16,-2.41,-2.17,0.24,,,,,,,1.82,1862,1.26,1430,0.528,1848,0.475,1593,0.14,1142,0.004,無,0,無,0
F9302-25072061,F9302-25072061,RE,1,SCK-4186,N,1.04167,Rapido-2,400,1250,1000,30*40,60.00,323.05,9.26,A1605-24090130-1B,N,68.74,68.85,0.11,,10.00,9.85,-0.15,1.65,1.72,0.07,,,,,,,0.16,1310,0.12125,1111,0.05936,1510,0.03621,無,0,無,0,無,0,無,0
F9302-25072063,F9302-25072063,PU,1,SCK-4131,N,2.08333,Rapido-2,200,1250,1050,25*5,59.00,302.76,8.33,A1605-24080090-1A,N,76.71,76.24,-0.48,,17.64,18.17,0.53,-11.17,-11.47,-0.30,,,,,,,0.40,1310,0.05922,1510,0.0092,1681,0.002444,1111,0.0002,無,0,無,0,無,0
F9302-25072120,F9302-25072120,BK,3,SW-80096C0,Y,1.04167,Rapido-2,400,1350,1050,40*40,66.50,416.06,4.55,A1605-23050035-3F,N,15.26,16.43,1.17,,0.48,0.57,0.08,-1.17,-1.39,-0.21,,,,,,,1.19,1862,4.73,1848,0.4,1722,0.3325,1383,0.152,無,0,無,0,無,0
F9302-25072142,F9302-25072142,PU,1,SW-80352C01,Y,0.69444,Rapido-2,400,1150,1000,25*3,70.00,310.21,11.11,A1605-24100159-10A,N,56.98,56.61,-0.37,,16.27,16.49,0.21,-8.01,-7.67,0.34,,,,,,,0.39,1430,0.167375,1580,0.06996,1191,0.02184,無,0,無,0,無,0,無,0
F9302-25072157,F9302-25072157,GY,4,SCW-828,Y,1.04167,Rapido-2,400,1300,1000,35*40,48.00,384.88,6.21,A1605-24080045-4C,N,32.66,31.55,-1.12,,0.83,1.45,0.62,-6.08,-6.32,-0.24,,,,,,,1.08,1724,0.62,1578,0.6,1391,0.2,無,0,無,0,無,0,無,0
F9302-25072179,F9302-25072179,BK,3,SCK-3724,Y,0.69444,Rapido-2,400,1250,1050,30*40,69.00,416.54,7.35,2005084-4A,N,18.15,17.97,-0.18,,0.41,0.64,0.23,-1.09,-0.92,0.17,,,,,,,0.44,1862,5,1848,0.485,1722,0.476,1588,0.35,1430,0.1344,1142,0.0027,無,0
F9302-25072196,F9302-25072196,NB,2,SCK-3716,N,1.04167,Rapido-2,400,1250,1000,35*50,45.00,650.93,7.14,A1605-21040240-2B,N,29.94,29.51,-0.42,,-2.01,-2.14,-0.13,-15.24,-14.72,0.52,,,,,,,0.48,1565,1.0815,1724,0.3638,1578,0.2575,1430,0.132,無,0,無,0,無,0
F9302-25072218,F9302-25072218,BL,5,SW-80352C01,Y,0.69444,Rapido-2,400,1150,1000,25*3,66.50,568.33,11.36,A1605-25030004-1A,Y,28.97,28.52,-0.46,,-0.13,0.48,0.61,-6.55,-6.54,0.01,,,,,,,0.88,1391,0.425,1191,0.2448,1578,0.0085,1201,0.0011,無,0,無,0,無,0
F9302-25072268,F9302-25072268,BK,3,SCK-3814,N,2.08333,Rapido-1,600,1250,1000,30*4,78.50,280.31,6.23,2011071-4D,N,15.26,15.32,0.05,,0.48,0.37,-0.11,-1.17,-1.16,0.01,,,,,,,0.17,1862,2.875,1724,0.56,1863,0.55,1391,0.2125,無,0,無,0,無,0
F9302-25072304,F9302-25072304,BK,3,SW-80779C0,Y,1.04167,Rapido-2,800,1300,1000,35*40,66.25,457.75,5.97,A1605-23110101-1D,N,16.25,17.28,1.03,,0.67,0.56,-0.11,-0.70,-1.36,-0.66,,,,,,,1.39,1862,4.248,1722,0.44,1848,0.427,1588,0.015,無,0,無,0,無,0
F9302-25072406,F9302-25072406,BK,6,SCK-3928,N,1.04167,Rapido-1,600,1250,1050,35*4(40*30),74.75,238.27,6.25,A1605-25050108-1A,N,19.34,18.16,-1.18,,-0.33,-0.67,-0.34,-1.67,-1.90,-0.23,,,,,,,1.14,1862,2.7,1391,0.42,1142,0.0021,無,0,無,0,無,0,無,0
F9302-25072417,F9302-25072417,BL,6,SCK-3928,N,1.04167,Rapido-1,600,1250,1000,35*40,57.00,523.98,6.25,A1605-25050108-7A,Y,20.95,21.24,0.29,,-2.11,-1.86,0.25,-5.88,-5.70,0.18,,,,,,,0.41,1578,1.1128,1862,0.8,1391,0.4692,1191,0.35,無,0,無,0,無,0
F9302-25072473,F9302-25072473,BL,3,SW-8992C0,Y,1.04167,Rapido-2,400,1400,1100,45*50,47.00,1033.34,7.89,A1605-23100099-1D,Y,27.23,30.06,2.83,,1.71,1.23,-0.48,-8.15,-9.35,-1.20,,,,,,,2.33,1722,0.322,1430,0.048,無,0,無,0,無,0,無,0,無,0
F9302-25072499,F9302-25072499,GY,5,SW-80661C0,Y,1.04167,Rapido-2,400,1300,1100,35*5,67.00,920.88,7.46,A1605-24060130-3A,N,42.79,42.69,-0.10,,-17.16,-17.68,-0.52,-22.45,-22.23,0.21,,,,,,,0.40,1593,0.8019,1391,0.3948,1191,0.26532,1722,0.07452,無,0,無,0,無,0
F9302-25072555,F9302-25072555,BL,3,SW-8992C0,Y,1.04167,Rapido-2,400,1400,1100,45*50,54.00,745.28,7.89,A1605-23100099-1D,Y,27.23,27.68,0.45,,1.71,1.41,-0.30,-8.15,-8.52,-0.37,,,,,,,0.66,1722,0.4094,1430,0.05376,無,0,無,0,無,0,無,0,無,0
F9302-25072662,F9302-25072662,BL,3,SW-8992C0,Y,1.04167,Rapido-2,400,1400,1100,45*50,46.00,689.63,7.85,A1605-23100099-1D,N,27.23,27.92,0.69,,1.71,1.55,-0.16,-8.15,-7.76,0.39,,,,,,,0.60,1722,0.4094,1430,0.05376,無,0,無,0,無,0,無,0,無,0
F9302-25072695,F9302-25072695,NB,2,SCK-4385S,N,1.04167,Rapido-1,600,1250,1050,30*40,58.75,338.28,8.33,A1605-24070050-3A,N,29.15,28.69,-0.46,,-2.48,-2.48,-0.01,-10.28,-10.56,-0.28,,,,,,,0.37,1593,1.173,1722,0.2842,1578,0.2,1191,0.05292,無,0,無,0,無,0
F9302-25072727,F9302-25072727,NB,6,SCK-4489,N,0.52083,Conveyor-1,300,85,270,140,514.00,60.17,6.00,A1605-24120030-2C,N,22.18,20.24,-1.94,,-1.33,-1.27,0.06,-6.89,-6.33,0.55,,,,,,,1.57,1593,1.575,1724,0.5358,1430,0.3813,1191,0.2116,無,0,無,0,無,0
F9302-25072888,F9302-25072888,GY,5,SCK-3562,N,0.69444,Rapido-1,600,1250,1000,30*40,101.50,279.83,6.35,A1605-24090190-2A1,Y,39.55,40.48,0.93,,-2.99,-3.29,-0.30,-7.58,-7.74,-0.15,,,,,,,0.60,1576,0.05,1391,0.018,1191,0.015,1722,0.015,無,0,無,0,無,0
F9302-25072938,F9302-25072938,GY,3,SCK-3624S,N,1.04167,Rapido-1,600,1250,1000,35*40,76.50,323.48,6.23,A1605-24090187-3A,Y,39.55,41.40,1.85,,-2.99,-3.01,-0.02,-7.58,-7.48,0.10,,,,,,,0.97,1576,0.7303,1722,0.09936,1191,0.07488,1391,0.0472,無,0,無,0,無,0
F9302-25073038,F9302-25073038,GY,3,SCK-3624S,N,1.04167,Rapido-1,600,1250,1000,35*40,78.75,341.88,5.92,A1605-24090187-3A,Y,39.55,42.69,3.14,,-2.99,-3.11,-0.12,-7.58,-7.32,0.26,,,,,,,1.67,1576,0.7303,1722,0.09936,1191,0.07488,1391,0.0472,無,0,無,0,無,0
F9302-25073046,F9302-25073046,BL,5,SW-80195,N,1.04167,Rapido-1,600,1250,1050,25*3,69.50,466.19,9.17,A1605-25020134-1A,Y,30.58,32.00,1.42,,2.01,1.95,-0.07,-32.48,-33.02,-0.54,,,,,,,0.91,1681,0.14,1567,0.011,1576,0.01,無,0,無,0,無,0,無,0
F9302-25073200,F9302-25073200,TQ,4,SCK-4186EM,N,1.04167,Rapido-1,600,1200,1000,30*30,71.75,314.77,9.39,A1605-24120070-2A,N,57.10,57.48,0.38,,-20.90,-20.67,0.23,-16.15,-16.01,0.13,,,,,,,0.22,1585,1.1,1722,0.021896,1191,0.01104,無,0,無,0,無,0,無,0
F9302-25073257,F9302-25073257,GY,5,SCK-3894,N,1.5625,Rapido-2,400,1250,1000,35*4,55.50,435.42,6.25,A1605-25020051-1A,N,26.05,25.73,-0.32,,-0.34,-0.17,0.16,-1.42,-1.21,0.21,,,,,,,0.42,1578,0.79,1724,0.64,1391,0.26,1142,0.11,無,0,無,0,無,0
F9302-25073412,F9302-25073412,TQ,4,SCK-4186EM,N,1.04167,Rapido-1,600,1200,1000,30*30,55.25,425.39,9.26,A1605-24120070-2A,N,57.10,57.61,0.52,,-20.90,-20.52,0.38,-16.15,-15.91,0.24,,,,,,,0.33,1585,1.1,1722,0.021896,1191,0.01104,無,0,無,0,無,0,無,0
F9302-25073414,F9302-25073414,BK,3,SCK-3852,N,1.04167,Rapido-1,600,1300,1100,35*3,56.00,604.86,6.27,A1605-21040039-1C,Y,15.59,16.72,1.13,,0.06,0.07,0.01,-1.62,-1.77,-0.15,,,,,,,1.13,1862,4.8,1863,0.55,1430,0.36,1142,0.225,無,0,無,0,無,0
F9302-25073756,F9302-25073756,GR,2,SCK-3673ST,N,0.69444,Rapido-2,800,1250,1050,30*30,35.25,681.87,13.70,A1605-23090121-2B,N,46.29,46.31,0.02,,-6.80,-6.73,0.07,5.35,5.72,0.37,,,,,,,0.40,1576,0.486,1201,0.1275,1142,0.12276,1724,0.0288,無,0,無,0,無,0
F9302-25073807,F9302-25073807,OL,4,SCW-136WP4,Y,0.69444,Rapido-2,100,1200,950,25X3,17.50,1378.57,18.18,A1605-25060154-2A,Y,32.55,33.13,0.58,,-2.21,-1.97,0.25,6.27,7.10,0.83,,,,,,,0.99,1578,0.65,1191,0.44,1722,0.32,1391,0.17,無,0,無,0,無,0
F9302-25073888,F9302-25073888,BL,7,SW-80242C0,Y,1.04167,Rapido-2,800,1300,1000,40*40,66.50,493.38,5.58,A1605-25050200-2B,N,18.06,17.97,-0.09,,-0.76,-0.58,0.18,-2.69,-2.70,-0.01,,,,,,,0.25,1862,3.4,1863,0.8,1588,0.65,1724,0.14,無,0,無,0,無,0
F9302-25074081,F9302-25074081,BL,7,SW-80242C0,Y,1.04167,Rapido-2,800,1300,1000,40*40,61.25,536.77,6.01,A1605-25050200-2B,N,18.06,17.95,-0.12,,-0.76,-0.84,-0.08,-2.69,-2.90,-0.21,,,,,,,0.30,1862,3.4,1863,0.8,1588,0.65,1724,0.14,無,0,無,0,無,0
F9302-25074182,F9302-25074182,BL,7,SW-80242C0,Y,1.04167,Rapido-2,800,1300,1000,40*40,56.75,591.84,5.28,A1605-25050200-2B,N,18.06,17.77,-0.29,,-0.76,-0.61,0.15,-2.69,-2.64,0.05,,,,,,,0.33,1862,3.4,1863,0.8,1588,0.65,1724,0.14,無,0,無,0,無,0
F9302-25074199,F9302-25074199,BK,3,SCK-3673ST,N,0.69444,Rapido-2,800,1250,1050,30*30,39.25,604.13,13.79,A1605-22090026-2A,N,19.36,18.58,-0.77,,0.10,0.07,-0.03,-2.27,-2.20,0.07,,,,,,,0.66,1862,2.75,1848,0.55,1724,0.513,1430,0.1875,無,0,無,0,無,0
F9302-25074202,F9302-25074202,GR,2,SCK-2917,N,0.69444,Rapido-2,400,1100,900,30*30,128.00,147.59,6.99,A1605-24080028-6B,N,72.27,71.37,-0.90,,-23.66,-23.70,-0.04,57.13,56.75,-0.38,,,,,,,0.38,1191,0.8,1565,0.06,1201,0.003325,無,0,無,0,無,0,無,0
F9302-25074233,F9302-25074233,TQ,5,SW-80779C0,Y,1.04167,Rapido-2,400,1300,1000,35*40,39.50,777.49,12.30,A1605-24040006-5A1,N,42.79,42.91,0.12,,-17.16,-17.25,-0.09,-22.45,-22.37,0.07,,,,,,,0.10,1567,0.2,1191,0.012,無,0,無,0,無,0,無,0,無,0
F9302-25074235,F9302-25074235,BK,6,SCK-479SAM,N,1.04167,Rapido-2,800,1300,1000,35*4,51.25,691.98,5.90,A1605-25030198-2B1,Y,16.70,17.00,0.30,,0.12,0.07,-0.05,-2.86,-2.93,-0.08,,,,,,,0.31,1862,0.2,無,0,無,0,無,0,無,0,無,0,無,0
F9302-25074257,F9302-25074257,PU,3,SW-81184,Y,1.04167,Rapido-2,400,1200,950,30*3,52.00,488.63,9.43,A1605-25060160-1B,Y,37.93,37.37,-0.56,,9.25,9.03,-0.22,-7.04,-7.22,-0.19,,,,,,,0.44,1576,0.375,1430,0.317,1191,0.0807,1722,0.0617,無,0,無,0,無,0
F9302-25074267,F9302-25074267,PU,3,SW-81035C0,Y,1.04167,Rapido-2,100,1300,1000,35*4,13.50,1397.56,13.51,A1605-24120190-2C,N,49.11,49.21,0.10,,22.68,22.35,-0.33,-42.59,-41.95,0.64,,,,,,,0.29,1690,0.57,1681,0.29,無,0,無,0,無,0,無,0,無,0
F9302-25074289,F9302-25074289,GY,3,SW-80088AMC0,Y,1.04167,Rapido-2,400,1300,900,40*3,51.50,810.08,8.38,A1605-23080063-1I,Y,30.15,32.13,1.98,,1.71,2.03,0.32,-4.68,-3.85,0.83,,,,,,,1.64,1593,0.752,1391,0.2478,1722,0.19505,1142,0.09775,無,0,無,0,無,0
F9302-25074355,F9302-25074355,BK,3,SK-1189C0,N,0.69444,Rapido-2,300,1200,1000,25*20,80.50,205.55,12.50,2009166-3C,N,20.45,20.07,-0.38,,-0.47,-0.78,-0.31,-1.98,-2.13,-0.16,,,,,,,0.56,1862,2.275,1430,0.4365,1142,0.25,無,0,無,0,無,0,無,0
F9302-25074405,F9302-25074405,GY,1,SCK-479S,N,1.04167,Rapido-2,400,1300,1100,40*5,35.50,691.66,8.33,A1605-24110133-2A,Y,80.08,79.85,-0.23,,-0.07,0.11,0.18,5.31,4.95,-0.37,,,,,,,0.46,1111,0.02891,1310,0.023765,1510,0.015,無,0,無,0,無,0,無,0
F9302-25074421,F9302-25074421,PU,3,SW-81184,Y,1.04167,Rapido-2,400,1200,950,30*3,45.50,352.13,10.75,A1605-25060160-1B,N,37.93,38.07,0.14,,9.25,9.15,-0.10,-7.04,-7.24,-0.21,,,,,,,0.26,1576,0.375,1430,0.32334,1191,0.0807,1722,0.0617,無,0,無,0,無,0
F9302-25074422,F9302-25074422,BK,3,SK-1189C0,N,0.69444,Rapido-2,300,1200,1000,25*20,80.00,203.66,12.50,2009166-3C,N,20.45,20.10,-0.35,,-0.47,-0.56,-0.10,-1.98,-2.20,-0.22,,,,,,,0.43,1862,2.275,1430,0.45,1142,0.25,無,0,無,0,無,0,無,0
F9302-25074429,F9302-25074429,GY,1,SCK-3549,N,1.04167,Rapido-2,600,1300,1100,30*4,58.75,336.83,6.94,A1605-22120110-1D,N,44.14,43.89,-0.25,,-0.10,-0.06,0.04,0.59,0.24,-0.36,,,,,,,0.55,1576,0.39804,1391,0.12198,1142,0.086415,1201,0.078624,無,0,無,0,無,0
F9302-25074430,F9302-25074430,GY,1,SCK-3549,N,1.04167,Rapido-2,600,1300,1100,30*4,51.75,370.92,7.94,A1605-22120110-1D,N,44.14,44.00,-0.14,,-0.10,-0.08,0.01,0.59,0.22,-0.37,,,,,,,0.56,1576,0.39804,1391,0.12198,1142,0.086415,1201,0.078624,無,0,無,0,無,0
F9302-25074438,F9302-25074438,BL,5,SK-1298C0,N,1.38889,Rapido-2,400,1300,1100,30*30,67.00,588.64,8.20,A1605-24120054-4D,Y,38.61,38.62,0.02,,0.10,-0.06,-0.17,-38.41,-38.85,-0.44,,,,,,,0.23,1578,0.76,1724,0.215,1391,0.065,無,0,無,0,無,0,無,0
F9302-25074442,F9302-25074442,NB,3,SK-548C0,N,1.25,Rapido-2,300,1300,1000,25*3,42.50,918.40,16.67,2002085-1B,Y,19.12,19.74,0.62,,-0.67,-0.30,0.37,-9.14,-9.14,0.00,,,,,,,0.72,1578,1.65,1724,0.665,1862,0.34,1430,0.187,無,0,無,0,無,0
F9302-25074453,F9302-25074453,BL,1,SCK-4131,N,2.08333,Rapido-2,400,1200,1000,30*30,102.00,198.32,5.02,A1605-23080121-1B,N,84.11,83.42,-0.69,,-3.65,-3.66,-0.02,-5.87,-6.22,-0.35,,,,,,,0.43,1510,0.01785,1310,0.00564,1111,0.0038,無,0,無,0,無,0,無,0
F9302-25074494,F9302-25074494,PU,1,SCK-4160,N,1.04167,Rapido-2,800,1250,1000,40*3,58.25,257.58,6.27,A1605-25060184-1A,N,66.01,66.20,0.19,,14.54,14.56,0.02,-7.33,-7.05,0.28,,,,,,,0.26,1430,0.07072,1580,0.03,1191,0.00874,無,0,無,0,無,0,無,0
F9302-25074496,F9302-25074496,BL,2,SCK-3814,N,2.08333,Rapido-2,400,1250,1000,30*4,57.50,460.77,7.19,A1605-23060051-1A,N,46.04,45.59,-0.45,,15.66,15.29,-0.37,-52.87,-52.42,0.45,,,,,,,0.33,1690,0.486,1033,0.2392,1566,0.17204,1568,0.0893,無,0,無,0,無,0
F9302-25074500,F9302-25074500,GY,2,SCK-3230,N,1.66667,Rapido-2,200,1150,950,25*2,302.00,52.79,12.50,1711131-1A,N,32.95,32.49,-0.45,,-0.86,-0.72,0.13,-1.88,-1.67,0.21,,,,,,,0.42,1576,0.7293,1724,0.5508,1430,0.044,無,0,無,0,無,0,無,0
F9302-25074501,F9302-25074501,BK,7,SCK-479S,N,1.04167,Rapido-2,400,1300,1100,40*5,39.50,522.73,6.25,A1605-24110133-4B,N,14.29,14.51,0.22,,0.82,0.86,0.04,-0.37,-0.50,-0.13,,,,,,,0.29,1862,4.515,1863,0.776,1722,0.62,1430,0.2625,1191,0.24,無,0,無,0
F9302-25074509,F9302-25074509,BK,3,SK-1008C0,N,0.83333,Rapido-2,300,1150,950,25*2,87.50,261.03,12.66,A1605-23110014-1B,N,17.78,17.59,-0.19,,-0.38,-0.51,-0.13,-2.63,-2.82,-0.19,,,,,,,0.34,1862,2.1,1848,0.84,1588,0.55,1722,0.3286,1391,0.1705,無,0,無,0
F9302-25074510,F9302-25074510,BK,3,SCK-2917,N,0.69444,Rapido-2,300,1200,1000,30*30,83.50,386.16,6.17,A1605-23090030-2A,N,19.37,19.12,-0.25,,0.10,0.15,0.05,-1.57,-1.46,0.11,,,,,,,0.27,1862,3.045,1724,0.703,1430,0.18,無,0,無,0,無,0,無,0
F9302-25074512,F9302-25074512,GY,2,SCK-3928,N,1.04167,Rapido-2,800,1250,1050,35*4,66.50,297.62,5.64,A1605-24110082-1B,N,63.66,63.29,-0.37,,2.17,1.95,-0.22,10.90,10.67,-0.24,,,,,,,0.37,1565,0.06,1724,0.06,1142,0.0425,1430,0.042,無,0,無,0,無,0
F9302-25074586,F9302-25074586,GR,2,SCK-2917,N,0.69444,Rapido-2,400,1200,1000,30*30,77.00,231.91,6.99,A1605-24080028-6B,N,72.27,71.69,-0.59,,-23.66,-23.53,0.13,57.13,56.56,-0.58,,,,,,,0.31,1191,0.8,1565,0.06,1201,0.003325,無,0,無,0,無,0,無,0
F9302-25074624,F9302-25074624,GY,1,SCK-3549,N,1.04167,Rapido-2,400,1300,1100,30*4,40.00,457.85,10.87,A1605-22120110-1D,N,44.14,43.57,-0.57,,-0.10,-0.02,0.08,0.59,0.21,-0.38,,,,,,,0.64,1576,0.39804,1391,0.12198,1142,0.086415,1201,0.078624,無,0,無,0,無,0
F9302-25074631,F9302-25074631,YE,2,SCK-3673ST,N,0.69444,Rapido-2,400,1250,1050,30*30,41.00,1125.07,12.99,A1605-24080088-1B,Y,53.35,53.19,-0.16,,-5.55,-6.44,-0.88,45.61,45.07,-0.54,,,,,,,0.64,1142,0.855,1191,0.2058,1565,0.196,1201,0.114,1430,0.07008,無,0,無,0
F9302-25074782,F9302-25074782,BK,6,SW-80195,N,1.04167,Rapido-1,600,1250,1050,25*3,72.00,189.39,10.47,A1605-25010128-1A,N,20.33,19.50,-0.84,,-1.54,-1.57,-0.03,-3.71,-4.03,-0.32,,,,,,,0.78,1862,3,1588,0.375,1430,0.0875,1191,0.0225,無,0,無,0,無,0
F9302-25074784,F9302-25074784,BK,3,SCK-3549,N,1.04167,Rapido-1,600,1300,1100,30*4,83.00,523.52,6.17,1911097-1A,Y,15.26,15.88,0.62,,0.48,0.28,-0.21,-1.17,-1.38,-0.21,,,,,,,0.73,1862,3.729,1724,0.816,1430,0.57,1588,0.425,1142,0.12,無,0,無,0
F9302-25074785,F9302-25074785,RE,3,SCK-3549,N,1.04167,Rapido-2,800,1250,1000,30*4,64.50,318.26,6.94,A1605-24090189-2A,N,34.66,35.44,0.79,,33.06,33.58,0.52,23.02,22.90,-0.12,,,,,,,0.58,1383,2.009,1201,0.5985,1142,0.45,1565,0.136,無,0,無,0,無,0
F9302-25080021,F9302-25080021,BL,5,SK-1298C0,N,1.38889,Rapido-2,400,1300,1100,30*30,102.50,286.49,8.06,A1605-24120054-4D,N,29.94,30.27,0.33,,-2.01,-1.90,0.11,-15.24,-15.06,0.18,,,,,,,0.26,1578,0.8056,1724,0.2279,1391,0.0689,無,0,無,0,無,0,無,0
F9302-25080041,F9302-25080041,BK,6,SCK-4489,N,0.52083,Conveyor-1,300,85,270,140,504.00,50.34,6.03,A1605-25030076-9D,N,16.97,16.22,-0.75,,0.13,0.36,0.22,-10.26,-9.94,0.33,,,,,,,0.81,1593,2.585,1391,0.561,1724,0.5271,1191,0.1339,無,0,無,0,無,0
F9302-25080051,F9302-25080051,BK,3,SK-1008C0,N,0.83333,Rapido-2,300,1150,950,25*2,80.50,258.04,12.66,A1605-23110014-1B,N,17.78,17.74,-0.04,,-0.38,-0.60,-0.22,-2.63,-2.85,-0.22,,,,,,,0.40,1862,2.1,1848,0.84,1588,0.55,1722,0.3286,1391,0.1705,無,0,無,0
F9302-25080052,F9302-25080052,BK,3,SCK-4186,N,1.04167,Rapido-2,300,1250,1000,30*40,51.00,448.65,9.35,A1605-23040175-5C,N,15.33,15.65,0.31,,0.62,0.64,0.01,-1.42,-1.15,0.27,,,,,,,0.48,1862,4.375,1848,0.48,1722,0.4725,1430,0.2325,1142,0.108,無,0,無,0
F9302-25080082,F9302-25080082,BK,6,SCK-4489,N,0.52083,Conveyor-1,300,85,270,140,513.00,40.08,5.02,A1605-25030076-9D,N,16.97,16.19,-0.77,,0.13,0.29,0.15,-10.26,-9.93,0.33,,,,,,,0.80,1593,2.585,1391,0.5508,1724,0.51204,1191,0.1313,無,0,無,0,無,0
F9302-25080117,F9302-25080117,BK,6,SW-80195,N,1.04167,Rapido-1,600,1250,1050,25*3,55.00,286.75,10.42,A1605-25010128-1A,N,20.33,19.23,-1.10,,-1.54,-1.57,-0.03,-3.71,-4.00,-0.29,,,,,,,0.96,1862,3,1588,0.375,1430,0.0875,1191,0.0225,無,0,無,0,無,0
F9302-25080119,F9302-25080119,BK,6,SW-80195,N,1.04167,Rapido-1,600,1250,1050,25*3,80.25,218.16,10.81,A1605-25010128-1A,N,20.33,19.13,-1.20,,-1.54,-1.47,0.07,-3.71,-4.01,-0.30,,,,,,,1.05,1862,3,1588,0.375,1430,0.0875,1191,0.0225,無,0,無,0,無,0
F9302-25080222,F9302-25080222,NB,1,SCK-3714AM3X,N,0.90278,Rapido-1,600,1300,1100,30*30,99.75,318.62,8.97,2009168-3A,Y,29.51,29.70,0.19,,-4.02,-3.58,0.44,-14.17,-14.47,-0.30,,,,,,,0.56,1578,1.1,1201,0.2184,1588,0.1843,1191,0.05832,無,0,無,0,無,0
F9302-25080360,F9302-25080360,BK,3,SCK-3549,N,1.04167,Rapido-1,600,1200,1000,30*40,78.75,260.11,6.19,1911097-1A,N,15.26,15.39,0.12,,0.48,0.50,0.02,-1.17,-1.15,0.03,,,,,,,0.13,1862,3.96,1724,1.056,1430,0.57,1588,0.425,1142,0.12,無,0,無,0
F9302-25080374,F9302-25080374,NB,6,SK-1107C0,N,0.83333,Rapido-2,200,1200,900,25X2,336.00,60.96,31.25,A1605-25070106-1A,N,19.67,19.85,0.18,,0.75,0.60,-0.16,-10.58,-10.68,-0.10,,,,,,,0.27,1578,1.48,1862,1,1391,0.5459,1142,0.114,無,0,無,0,無,0
F9302-25080419,F9302-25080419,BK,3,SCK-3549,N,1.04167,Rapido-1,600,1250,1050,30*40,87.75,212.27,6.19,1911097-1A,N,15.26,15.81,0.55,,0.48,0.46,-0.02,-1.17,-1.04,0.13,,,,,,,0.57,1862,3.96,1724,1.056,1430,0.57,1588,0.425,1142,0.12,無,0,無,0
F9302-25080501,F9302-25080501,BK,3,SCK-3549,N,1.04167,Rapido-1,600,1250,1050,30*40,86.50,264.47,6.17,1911097-1A,N,15.26,15.57,0.31,,0.48,0.48,0.00,-1.17,-1.10,0.07,,,,,,,0.32,1862,3.96,1724,1.056,1430,0.57,1588,0.425,1142,0.12,無,0,無,0
F9302-25080519,F9302-25080519,BK,3,SCK-3673,N,0.69444,Rapido-1,600,1300,1100,30*30,69.75,244.86,8.00,2007138-2P,N,15.33,15.04,-0.28,,0.24,0.50,0.26,-0.71,-0.71,0.00,,,,,,,0.47,1862,4,1724,1.6,1848,0.8,1588,0.75,1430,0.69,1191,0.16,無,0
F9302-25080534,F9302-25080534,BK,3,SK-772,N,1.04167,Conveyor-1,300,85,270,140,483.00,29.94,7.55,2003191-1A,N,19.13,17.53,-1.60,,-0.42,-0.61,-0.18,-2.17,-2.44,-0.27,,,,,,,1.43,1861,1.54,1722,0.206,1430,0.19,1191,0.135,無,0,無,0,無,0
F9302-25080548,F9302-25080548,BK,3,SCK-3549,N,1.04167,Rapido-1,600,1250,1050,30*40,81.25,237.35,6.17,1911097-1A,N,15.26,15.74,0.48,,0.48,0.53,0.05,-1.17,-1.05,0.12,,,,,,,0.50,1862,3.96,1724,1.056,1430,0.57,1588,0.425,1142,0.12,無,0,無,0
F9302-25080625,F9302-25080625,BK,3,SCK-3549,N,1.04167,Rapido-1,600,1250,1050,30*40,83.00,273.25,6.17,1911097-1A,N,15.26,15.69,0.43,,0.48,0.43,-0.06,-1.17,-1.18,-0.01,,,,,,,0.43,1862,3.96,1724,1.056,1430,0.57,1588,0.425,1142,0.12,無,0,無,0
F9302-25080638,F9302-25080638,GR,1,SCK-4489,N,0.52083,Conveyor-1,300,85,270,140,484.00,31.13,6.74,A1605-25030078-15A,N,77.79,77.40,-0.39,,-1.82,-1.97,-0.15,0.18,-0.37,-0.56,,,,,,,0.80,1510,0.025,1310,0.022,1111,0.021,無,0,無,0,無,0,無,0
F9302-25080644,F9302-25080644,BK,3,SCK-3549,N,1.04167,Rapido-1,600,1250,1050,30*40,80.75,355.88,6.17,1911097-1A,N,15.26,15.76,0.50,,0.48,0.55,0.07,-1.17,-1.11,0.06,,,,,,,0.50,1862,3.96,1724,1.056,1430,0.57,1588,0.425,1142,0.12,無,0,無,0
F9302-25080690,F9302-25080690,BK,3,SCK-3673,N,0.69444,Rapido-1,600,1300,1100,30*30,53.50,391.96,8.00,2007138-2P,N,15.33,15.12,-0.20,,0.24,0.53,0.29,-0.71,-0.73,-0.02,,,,,,,0.47,1862,4,1724,1.6,1848,0.8,1588,0.75,1430,0.69,1191,0.16,無,0
F9302-25080754,F9302-25080754,NB,7,SW-8860C0,N,1.04167,Rapido-1,600,1250,1000,30*40,56.25,373.01,7.22,A1605-24110043-1E,N,19.07,19.14,0.08,,0.93,1.09,0.16,-11.78,-11.32,0.46,,,,,,,0.44,1578,2.43,1391,0.88,1565,0.83,1191,0.31,無,0,無,0,無,0
F9302-25080783,F9302-25080783,NB,3,SCK-4186,N,1.04167,Rapido-1,600,1250,1050,30*40,71.75,344.72,9.26,A1605-23100012-3D,N,21.58,21.11,-0.46,,0.69,0.44,-0.25,-11.66,-11.74,-0.08,,,,,,,0.49,1593,1.62,1578,0.513,1430,0.392,1191,0.1908,1722,0.1725,無,0,無,0
F9302-25080816,F9302-25080816,NB,3,SCK-4186,N,1.04167,Rapido-1,600,1250,1050,30*40,37.25,700.56,13.89,A1605-23100012-3D,N,21.58,21.45,-0.12,,0.69,0.42,-0.27,-11.66,-11.93,-0.27,,,,,,,0.42,1593,1.62,1578,0.513,1430,0.392,1191,0.1908,1722,0.1725,無,0,無,0
F9302-25080837,F9302-25080837,NB,7,SW-8860C0,N,1.04167,Rapido-1,600,1250,1000,30*40,67.50,318.25,6.23,A1605-24110043-1E,N,19.07,18.79,-0.28,,0.93,1.14,0.21,-11.78,-11.33,0.45,,,,,,,0.51,1578,2.43,1391,0.88,1565,0.83,1191,0.31,無,0,無,0,無,0
F9302-25080861,F9302-25080861,BR,3,SCK-4489,N,0.52083,Conveyor-1,300,85,270,140,481.00,41.58,7.06,A1605-25030078-4D,N,36.76,36.59,-0.17,,8.01,8.00,-0.01,2.30,2.72,0.42,,,,,,,0.55,1391,0.32,1578,0.23,1191,0.16,1722,0.1012,無,0,無,0,無,0
F9302-25080931,F9302-25080931,BK,7,SCK-3795SAM1,N,1.04167,Rapido-1,600,1200,950,35*40,93.75,211.36,5.12,A1605-25050163-1B,N,15.97,16.15,0.18,,0.76,0.76,0.00,-0.84,-0.84,0.00,,,,,,,0.18,1862,3.5,1863,1.5,1391,0.655,1191,0.41,無,0,無,0,無,0
F9302-25080993,F9302-25080993,BK,7,SCK-3795SAM1,N,1.04167,Rapido-1,600,1200,950,35*40,82.75,220.31,6.25,A1605-25050163-1B,N,15.97,16.21,0.25,,0.76,0.85,0.09,-0.84,-0.82,0.02,,,,,,,0.27,1862,3.5,1863,1.5,1391,0.655,1191,0.41,無,0,無,0,無,0
F9302-25081189,F9302-25081189,BR,2,SCK-3928,N,1.04167,Rapido-1,600,1250,1050,35*4,86.25,212.16,5.21,A1605-24110082-1B1,N,63.66,62.57,-1.09,,2.17,2.16,-0.01,10.90,10.79,-0.11,,,,,,,0.45,1142,0.035,1430,0.027,1724,0.016,1565,0.0155,無,0,無,0,無,0
F9302-25081221,F9302-25081221,BR,3,SCK-3235,Y,1.04167,Rapido-2,200,1050,700,45*50,36.00,1114.69,13.51,A1605-25050197-1C,N,46.77,45.69,-1.07,,6.04,6.48,0.43,19.51,20.14,0.62,,,,,,,0.73,1191,0.3,1722,0.19,1430,0.184,1588,0.168,無,0,無,0,無,0
F9302-25081246,F9302-25081246,BK,3,SCK-3673,N,0.69444,Rapido-2,300,1300,1100,30*30,40.00,523.95,12.20,2007138-2P,N,15.33,15.01,-0.32,,0.24,0.52,0.28,-0.71,-0.76,-0.05,,,,,,,0.52,1862,4,1724,1.6,1848,0.8,1588,0.75,1430,0.69,1191,0.16,無,0
F9302-25081279,F9302-25081279,NB,7,SCK-2200,N,1.04167,Rapido-1,600,1300,1100,35*40,87.25,214.40,6.49,2002037-1B,N,18.16,17.97,-0.20,,0.84,0.81,-0.02,-6.11,-5.71,0.40,,,,,,,0.44,1862,1.68,1588,1.2,1430,0.936,1191,0.18,無,0,無,0,無,0
F9302-25081364,F9302-25081364,TQ,5,SK-1008C0,N,0.83333,Rapido-1,600,1200,1000,25*25,110.00,365.97,9.52,A1605-24100139-1D,Y,54.14,54.88,0.74,,-30.00,-29.55,0.45,-30.91,-30.49,0.43,,,,,,,0.42,1589,1.8,1568,0.19,1013,0.00012,無,0,無,0,無,0,無,0
F9302-25081572,F9302-25081572,BK,7,SW-80425C0,Y,1.04167,Rapido-2,400,1400,1000,45*5,71.00,434.83,5.88,A1605-24080102-4D,N,17.56,19.55,1.99,,-0.29,-0.20,0.08,-2.56,-2.74,-0.18,,,,,,,1.83,1862,2.4,1588,0.5,1722,0.28,1430,0.14,無,0,無,0,無,0
F9302-25081658,F9302-25081658,RE,5,SK-1107C0,N,0.83333,Rapido-2,400,1200,1000,25X2,121.50,124.19,10.00,A1605-24110211-1A,N,39.24,39.75,0.51,,43.93,43.86,-0.07,14.61,14.65,0.04,,,,,,,0.27,1391,0.945,1360,0.798,1724,0.4935,1565,0.057,無,0,無,0,無,0
F9302-25081737,F9302-25081737,NB,2,SCK-4135,N,1.04167,Conveyor-1,300,80,260,140,475.00,153.79,5.41,A1605-24080024-7B,Y,19.13,19.78,0.65,,-1.05,-1.01,0.04,-11.35,-10.65,0.69,,,,,,,0.78,1578,0.855,1862,0.7,1430,0.1702,1142,0.05,無,0,無,0,無,0
F9302-25081786,F9302-25081786,RE,1,SCK-3795SAM1,N,1.04167,Rapido-2,400,1200,950,35*40,75.00,220.16,5.56,A1605-25050163-6G,N,78.79,78.49,-0.30,,10.36,10.64,0.28,3.66,3.82,0.16,,,,,,,0.29,1310,0.05152,1111,0.024196,1510,0.0069,1580,0.0019,無,0,無,0,無,0
F9302-25081798,F9302-25081798,BL,2,SCK-4135,N,1.04167,Conveyor-1,300,80,260,140,373.00,81.62,6.29,A1605-24080024-6B,Y,45.80,45.46,-0.34,,-5.70,-5.59,0.10,-15.81,-16.42,-0.61,,,,,,,0.49,1565,0.408,1430,0.06528,1142,0.03357,無,0,無,0,無,0,無,0
F9302-25081884,F9302-25081884,GY,3,SW-80425C0,Y,1.04167,Rapido-2,400,1250,1000,40*40,67.50,460.64,5.11,A1605-24090133-1A,N,33.27,34.02,0.75,,-0.65,-0.47,0.18,-0.45,0.05,0.50,,,,,,,0.88,1593,0.72,1391,0.25,1142,0.18,1722,0.14,無,0,無,0,無,0
F9302-25081896,F9302-25081896,PU,4,SCK-2572,Y,1.04167,Rapido-2,400,1200,900,40*40,67.00,326.52,5.26,A1605-25020040-2A,N,38.97,38.58,-0.39,,32.84,32.38,-0.46,-6.09,-5.82,0.28,,,,,,,0.34,1391,0.67,1430,0.45,1580,0.15,1722,0.064,無,0,無,0,無,0
F9302-25081998,F9302-25081998,KH,2,SW-8797C0,Y,1.04167,Rapido-2,50,1200,950,30*40,11.50,1335.22,11.90,A1605-24100080-2A,N,52.70,52.04,-0.66,,11.23,11.73,0.50,23.79,24.16,0.37,,,,,,,0.55,1724,1.08,1565,0.105,1391,0.018,無,0,無,0,無,0,無,0
F9302-25082004,F9302-25082004,RE,2,SCW-828,Y,1.04167,Rapido-2,400,1300,1000,35*40,45.00,605.51,7.09,A1605-24080045-8A,N,42.63,41.86,-0.77,,55.67,56.26,0.59,34.14,34.64,0.49,,,,,,,0.47,1360,2.45,1351,0.85,1191,0.4,1201,0.17,1565,0.008,無,0,無,0
F9302-25082013,F9302-25082013,BK,3,SCK-4135,N,1.04167,Conveyor-1,300,80,260,140,496.00,69.08,5.48,A1605-24040042-4A,Y,14.29,15.17,0.88,,-0.49,-0.55,-0.06,-2.52,-2.65,-0.12,,,,,,,0.88,1862,3,1724,0.247,1430,0.09975,無,0,無,0,無,0,無,0
F9302-25082027,F9302-25082027,NB,6,SW-81170,Y,0.69444,Conveyor-1,300,90,280,140,492.00,55.16,6.15,A1605-25050116-2C,N,20.96,21.06,0.10,,-0.31,-0.36,-0.04,-4.27,-4.17,0.10,,,,,,,0.15,1862,1.2,1578,1.067,1391,0.74,1191,0.4059,無,0,無,0,無,0
F9302-25082028,F9302-25082028,NB,6,SW-81170,Y,0.69444,Conveyor-1,300,90,280,140,456.00,53.68,6.15,A1605-25050116-2C,N,20.96,20.91,-0.05,,-0.31,-0.30,0.01,-4.27,-4.24,0.02,,,,,,,0.05,1862,1.2,1578,1.067,1391,0.74,1191,0.4059,無,0,無,0,無,0
F9302-25082089,F9302-25082089,RE,3,SCK-2965,N,1.5625,Rapido-2,400,1200,1000,30*40,71.00,401.90,5.59,A1605-22110007-1B,N,31.85,31.81,-0.04,,31.45,31.64,0.19,17.70,18.29,0.59,,,,,,,0.41,1384,0.82,1430,0.46,1722,0.45,1191,0.44,1530,0.1,無,0,無,0
F9302-25082190,F9302-25082190,NB,6,SW-81170,Y,0.69444,Conveyor-1,300,90,280,140,510.00,57.86,6.09,A1605-25050116-2C,N,20.96,20.87,-0.09,,-0.31,-0.05,0.26,-4.27,-3.84,0.43,,,,,,,0.59,1862,1.2,1578,1.067,1391,0.74,1191,0.4059,無,0,無,0,無,0
F9302-25082198,F9302-25082198,NB,6,SW-81170,Y,0.69444,Conveyor-1,300,90,280,140,480.00,64.21,6.12,A1605-25050116-2C,N,20.96,21.11,0.15,,-0.31,-0.20,0.11,-4.27,-3.99,0.28,,,,,,,0.36,1862,1.2,1578,1.067,1391,0.74,1191,0.4059,無,0,無,0,無,0
F9302-25082213,F9302-25082213,BK,6,SW-80195,N,1.04167,Rapido-1,600,1250,1050,25*3,43.00,378.40,10.36,A1605-25010128-1A,N,20.33,19.25,-1.08,,-1.54,-1.42,0.12,-3.71,-4.07,-0.36,,,,,,,0.99,1862,3,1588,0.375,1430,0.0875,1191,0.0225,無,0,無,0,無,0
F9302-25082214,F9302-25082214,BK,6,SW-80195,N,1.04167,Rapido-1,600,1250,1050,25*3,46.25,352.84,9.80,A1605-25010128-1A,N,20.33,19.33,-1.00,,-1.54,-1.44,0.10,-3.71,-4.07,-0.36,,,,,,,0.93,1862,3,1588,0.375,1430,0.0875,1191,0.0225,無,0,無,0,無,0
F9302-25082225,F9302-25082225,RE,5,SCK-4186,N,1.04167,Rapido-2,50,1250,1050,30*40,20.50,1221.95,6.94,A1605-24100006-2A,N,47.01,45.40,-1.61,,50.98,51.21,0.22,43.05,43.45,0.39,,,,,,,0.79,1360,0.98,1191,0.77,1353,0.7,1201,0.423,1565,0.018,無,0,無,0
F9302-25082348,F9302-25082348,GY,3,SW-80425C0,Y,1.04167,Rapido-2,400,1250,1000,40*40,74.50,388.66,5.75,A1605-24090133-1A,N,33.27,33.24,-0.04,,-0.65,-0.36,0.29,-0.45,0.11,0.56,,,,,,,0.91,1593,0.72,1391,0.265,1142,0.1854,1722,0.1456,無,0,無,0,無,0
F9302-25082400,F9302-25082400,GY,2,SCK-3724,Y,0.69444,Rapido-2,400,1200,1000,30*40,42.50,1468.07,10.67,A1605-22100087-4C,Y,42.45,42.21,-0.24,,-0.20,-0.38,-0.17,-1.03,-0.76,0.27,,,,,,,0.47,1593,0.525,1391,0.245,1142,0.1504,1201,0.0423,無,0,無,0,無,0
F9302-25082401,F9302-25082401,NB,6,SW-81170,Y,0.69444,Conveyor-1,300,90,280,140,485.00,62.19,6.09,A1605-25050116-2C,N,20.96,20.47,-0.49,,-0.31,-0.13,0.18,-4.27,-3.87,0.40,,,,,,,0.64,1862,1.2,1578,1.067,1391,0.74,1191,0.4059,無,0,無,0,無,0
F9302-25082402,F9302-25082402,NB,6,SW-81170,Y,0.69444,Conveyor-1,300,90,280,140,498.00,63.27,6.12,A1605-25050116-2C,N,20.96,21.15,0.19,,-0.31,-0.31,0.01,-4.27,-4.00,0.27,,,,,,,0.34,1862,1.2,1578,1.067,1391,0.74,1191,0.4059,無,0,無,0,無,0
F9302-25082419,F9302-25082419,BK,7,SCK-3795SAM1,N,1.04167,Rapido-1,600,1300,1000,35*40,65.50,270.21,6.21,A1605-25050163-1B,N,15.97,16.22,0.26,,0.76,0.87,0.11,-0.84,-0.92,-0.08,,,,,,,0.31,1862,3.5,1863,1.5,1391,0.655,1191,0.41,無,0,無,0,無,0
F9302-25082429,F9302-25082429,GR,2,SW-80779C0,Y,1.04167,Rapido-2,800,1300,1000,35*40,61.50,437.22,5.13,A1605-24090044-1A,N,47.21,47.37,0.16,,2.50,2.67,0.18,19.10,19.09,-0.01,,,,,,,0.21,1724,0.4794,1576,0.2256,1201,0.09595,1142,0.0836,無,0,無,0,無,0
F9302-25082440,F9302-25082440,YE,2,SCK-3673ST,N,0.69444,Rapido-2,400,1250,1050,30*30,32.50,1093.29,12.90,A1605-24080088-1B,Y,53.35,53.22,-0.13,,-5.55,-6.40,-0.85,45.61,45.29,-0.32,,,,,,,0.58,1142,0.855,1191,0.2058,1565,0.196,1201,0.114,1430,0.07008,無,0,無,0
F9302-25082516,F9302-25082516,BK,3,SW-80779C0,Y,1.04167,Rapido-2,800,1300,1000,35*40,60.50,720.66,5.25,A1605-23110101-1D,Y,16.25,17.59,1.34,,0.67,0.99,0.32,-0.70,-1.21,-0.51,,,,,,,1.56,1862,4.068,1722,0.44,1848,0.392,1588,0.015,無,0,無,0,無,0
F9302-25082521,F9302-25082521,GY,2,SCK-4135,N,1.04167,Conveyor-1,300,85,270,140,480.00,56.42,6.00,A1605-24080024-4A,Y,53.05,57.88,4.83,,-2.60,-2.54,0.06,4.25,4.08,-0.17,,,,,,,2.16,1565,0.14522,1430,0.0618,1142,0.05643,1724,0.044,無,0,無,0,無,0
F9302-25082555,F9302-25082555,BK,7,SW-80352C01,Y,0.69444,Rapido-2,600,1200,1000,25*3,56.25,238.36,12.66,A1605-24100221-1F,N,18.13,17.52,-0.60,,0.91,1.17,0.26,-0.77,-0.50,0.27,,,,,,,0.76,1862,3.6,1722,0.6386,1391,0.0972,1191,0.024,無,0,無,0,無,0
F9302-25082625,F9302-25082625,BK,7,SCK-3672,N,1.04167,Rapido-1,600,1200,800,40*40,72.00,862.65,5.88,A1605-21040245-4A,Y,16.00,17.18,1.18,,-0.67,-0.49,0.18,-1.05,-0.98,0.07,,,,,,,1.19,1862,3.5,1863,0.4,1142,0.37,1430,0.3,無,0,無,0,無,0
F9302-25082627,F9302-25082627,BK,7,SW-80352C01,Y,0.69444,Rapido-2,600,1200,1000,25*3,60.25,451.80,12.20,A1605-24100221-1F,N,18.13,18.03,-0.10,,0.91,1.16,0.25,-0.77,-0.52,0.25,,,,,,,0.51,1862,3.6,1722,0.6386,1391,0.0918,1191,0.024,無,0,無,0,無,0
F9302-25082631,F9302-25082631,BL,5,SW-80352C01,Y,0.69444,Rapido-2,400,1200,1000,25*3,83.00,376.92,12.99,A1605-25030004-1A,N,28.97,28.75,-0.22,,-0.13,-0.08,0.05,-6.55,-6.39,0.16,,,,,,,0.22,1578,0.9265,1391,0.425,1191,0.252,1201,0.1188,無,0,無,0,無,0
F9302-25082641,F9302-25082641,PU,3,SCK-4186,N,1.04167,Rapido-1,600,1200,1000,30*40,72.25,338.46,9.26,A1605-24090192-2A,N,27.30,27.47,0.17,,6.71,6.30,-0.41,-8.01,-7.68,0.33,,,,,,,0.45,1576,1.18,1384,0.7498,1142,0.15229,1722,0.13775,無,0,無,0,無,0
F9302-25082654,F9302-25082654,GY,1,SCK-3724,Y,0.69444,Rapido-2,400,1250,1000,30*3,88.00,200.32,5.13,A1605-23100070-1B,N,72.35,73.02,0.67,,-1.53,-1.62,-0.09,-1.78,-1.55,0.23,,,,,,,0.41,1510,0.051,1310,0.049,1111,0.03796,無,0,無,0,無,0,無,0
F9302-25082697,F9302-25082697,BR,3,SCK-479S,N,1.04167,Rapido-2,400,1300,1100,40*30,34.50,302.38,8.33,A1605-24080079-11A,Y,35.91,36.15,0.24,,31.10,30.25,-0.85,24.73,24.85,0.11,,,,,,,0.64,1362,1.71,1191,0.9555,1565,0.1995,1201,0.076,無,0,無,0,無,0
F9302-25082698,F9302-25082698,GR,1,SCK-3714AM3X,N,0.90278,Rapido-2,400,1250,1050,25*30,73.50,337.52,9.90,A1605-21110078-5D,N,57.49,57.22,-0.28,,-13.06,-12.98,0.07,11.55,11.67,0.12,,,,,,,0.17,1565,0.253,1191,0.17,1201,0.049,1350,0.016,無,0,無,0,無,0
F9302-25082716,F9302-25082716,GY,1,SW-80779C0,Y,1.04167,Rapido-2,400,1250,1000,35*40,45.50,688.37,7.75,A1605-24090194-4A,N,53.73,54.74,1.01,,3.88,3.68,-0.20,-3.04,-3.23,-0.19,,,,,,,0.57,1576,0.14342,1724,0.11235,1391,0.05335,無,0,無,0,無,0,無,0
F9302-25082780,F9302-25082780,BK,7,SW-80352C01,Y,0.69444,Rapido-2,600,1200,1000,25*3,53.75,430.57,12.90,A1605-24100221-1F,N,18.13,17.69,-0.44,,0.91,0.96,0.06,-0.77,-0.55,0.21,,,,,,,0.50,1862,3.6,1722,0.6386,1391,0.081,1191,0.024,無,0,無,0,無,0
F9302-25082784,F9302-25082784,BL,3,SCK-4186,N,1.04167,Rapido-2,400,1250,1000,30*40,61.00,538.30,9.26,A1605-23100012-1B,Y,23.50,23.35,-0.15,,0.33,0.90,0.57,-21.58,-21.91,-0.33,,,,,,,0.59,1593,1.56,1578,0.935,1722,0.042,1391,0.00006,無,0,無,0,無,0
F9302-25082788,F9302-25082788,BL,3,SCK-3852,N,1.04167,Rapido-2,800,1300,1100,30*40,67.25,310.10,5.03,A1605-21040039-2A,N,29.85,29.18,-0.68,,5.48,5.71,0.24,-38.44,-38.10,0.34,,,,,,,0.49,1585,3,1584,1.8,1640,0.34944,1391,0.0297,1142,0.01484,無,0,無,0
F9302-25082801,F9302-25082801,BK,3,SCK-4482,Y,0.69444,Rapido-2,300,1200,1000,30*40,55.00,587.42,8.85,A1605-24100066-5F,N,18.48,18.11,-0.37,,0.68,0.94,0.26,-1.28,-0.97,0.31,,,,,,,0.65,1862,3.36,1863,0.96,1578,0.8,1430,0.65,1191,0.48,1722,0.4,無,0
F9302-25082802,F9302-25082802,BL,5,SW-80352C01,Y,0.69444,Rapido-2,400,1200,1000,25*3,60.00,484.75,12.05,A1605-25030004-1A,N,28.97,29.03,0.06,,-0.13,-0.02,0.11,-6.55,-6.31,0.24,,,,,,,0.28,1578,0.9265,1391,0.425,1191,0.252,1201,0.1188,無,0,無,0,無,0
F9302-25082807,F9302-25082807,YE,2,SW-80180C0,N,1.04167,Rapido-2,400,1350,1200,30*3,36.50,360.08,12.50,A1605-24080085-1A,N,51.67,52.34,0.66,,-5.40,-5.34,0.06,45.18,44.71,-0.47,,,,,,,0.36,1191,0.8712,1142,0.294,1565,0.1968,1201,0.16975,1430,0.0588,無,0,無,0
F9302-25082824,F9302-25082824,BL,4,SW-80425C0,Y,1.04167,Rapido-2,400,1250,950,40*40,45.00,534.53,7.09,A1605-25030280-1A,N,27.89,27.19,-0.70,,-2.78,-2.48,0.30,-16.18,-16.23,-0.05,,,,,,,0.56,1578,1.28,1191,0.075,1722,0.074,1430,0.05,無,0,無,0,無,0
F9302-25082847,F9302-25082847,BK,7,SW-80352C01,Y,0.69444,Rapido-2,600,1200,1000,25*3,58.75,367.05,12.82,A1605-24100221-1F,N,18.13,18.11,-0.02,,0.91,0.97,0.06,-0.77,-0.53,0.24,,,,,,,0.34,1862,3.6,1722,0.6386,1391,0.0594,1191,0.024,無,0,無,0,無,0
F9302-25082957,F9302-25082957,GY,1,SW-80779C0,Y,1.04167,Rapido-2,400,1250,1000,35*40,62.50,366.80,5.24,A1605-24090194-4A,N,53.73,54.27,0.54,,3.88,3.73,-0.15,-3.04,-3.37,-0.33,,,,,,,0.51,1576,0.14342,1724,0.11235,1391,0.05335,無,0,無,0,無,0,無,0
F9302-25082985,F9302-25082985,GY,2,SCK-3562,N,0.69444,Rapido-2,400,1300,1000,30*4,94.00,256.65,6.25,A1605-22100059-3A,N,32.16,32.35,0.19,,0.27,0.23,-0.03,-1.47,-1.88,-0.41,,,,,,,0.58,1593,0.8585,1430,0.37375,1191,0.3193,1722,0.1515,無,0,無,0,無,0
F9302-25083091,F9302-25083091,BK,3,SCK-2034S,N,1.04167,Rapido-1,600,1250,1050,40*40,70.25,267.70,6.28,A1605-23050018-1A,N,15.26,15.45,0.19,,0.48,0.47,-0.01,-1.17,-1.20,-0.03,,,,,,,0.19,1862,2.4,1384,1.696,1848,1,1588,0.779,1142,0.516,無,0,無,0
F9302-25083135,F9302-25083135,OR,6,SCK-4489,N,0.52083,Conveyor-1,300,90,270,120,486.00,72.37,8.57,A1605-25040122-1D,Y,32.50,31.65,-0.85,,32.31,31.70,-0.61,20.50,20.76,0.26,,,,,,,0.71,1384,1.872,1722,0.5202,1142,0.408,1565,0.171,無,0,無,0,無,0
F9302-25083154,F9302-25083154,GY,2,SCK-3562,N,0.69444,Rapido-2,400,1300,1000,30*4,84.50,282.57,6.25,A1605-22100059-3A,N,32.16,32.60,0.45,,0.27,0.27,0.00,-1.47,-1.74,-0.27,,,,,,,0.45,1593,0.8585,1430,0.37375,1191,0.3193,1722,0.1515,無,0,無,0,無,0
F9302-25083176,F9302-25083176,BK,3,SCK-2034S,N,1.04167,Rapido-1,600,1350,1100,40*40,69.75,277.15,5.01,A1605-23050018-1A,N,15.26,15.60,0.34,,0.48,0.53,0.05,-1.17,-1.22,-0.05,,,,,,,0.34,1862,2.4,1384,1.696,1848,1,1588,0.779,1142,0.516,無,0,無,0
F9302-25083177,F9302-25083177,GY,2,SCK-3562,N,0.69444,Rapido-2,400,1300,1000,30*4,75.00,331.67,7.14,A1605-22100059-3A,N,32.16,32.29,0.14,,0.27,0.27,0.00,-1.47,-1.73,-0.26,,,,,,,0.36,1593,0.8585,1430,0.37375,1191,0.3193,1722,0.1515,無,0,無,0,無,0
F9302-25083202,F9302-25083202,BK,3,SCK-3562,N,0.69444,Rapido-1,600,1300,1000,30*4,95.00,258.32,6.25,1911195-3A,N,16.18,16.16,-0.02,,0.51,0.56,0.05,-1.46,-1.28,0.18,,,,,,,0.26,1862,4.5625,1722,0.616,1848,0.55,1430,0.165,1588,0.12,無,0,無,0
F9302-25083203,F9302-25083203,BK,3,SCK-3562,N,0.69444,Rapido-1,600,1300,1000,30*4,93.25,217.10,6.12,1911195-3A,N,16.18,16.44,0.27,,0.51,0.60,0.09,-1.46,-1.50,-0.03,,,,,,,0.29,1862,4.5625,1722,0.616,1848,0.55,1430,0.165,1588,0.12,無,0,無,0
F9302-25083251,F9302-25083251,GY,2,SW-80779C0,Y,1.04167,Rapido-2,400,1300,1000,35*40,81.00,376.75,5.22,A1605-24100111-1B,Y,67.23,67.45,0.22,,-2.50,-2.67,-0.16,-6.05,-6.47,-0.42,,,,,,,0.44,1510,0.0779,1310,0.05046,1111,0.03382,無,0,無,0,無,0,無,0
F9302-25083258,F9302-25083258,BK,3,SCK-2034S,N,1.04167,Rapido-1,600,1350,1100,40*40,70.25,225.40,5.00,A1605-23050018-1A,N,15.26,15.68,0.41,,0.48,0.62,0.14,-1.17,-1.19,-0.02,,,,,,,0.45,1862,2.4,1384,1.696,1848,1,1588,0.779,1142,0.516,無,0,無,0
F9302-25083401,F9302-25083401,GY,5,SW-80136C0,N,0.69444,Rapido-2,400,1300,1100,25*3,62.50,257.46,9.62,A1605-25050154-1A,N,34.04,34.62,0.58,,-2.71,-2.52,0.19,0.93,0.79,-0.14,,,,,,,0.44,1576,0.92,1191,0.36,1430,0.27,1724,0.25,無,0,無,0,無,0
F9302-25083448,F9302-25083448,GY,3,SCK-3562,N,0.69444,Rapido-1,600,1250,1000,30*4,90.75,215.97,6.27,A1605-24090190-2A,N,39.55,39.78,0.23,,-2.99,-3.30,-0.31,-7.58,-7.69,-0.11,,,,,,,0.38,1576,0.8658,1722,0.1133,1191,0.08715,1391,0.04968,無,0,無,0,無,0
F9302-25083476,F9302-25083476,GY,3,SCK-3562,N,0.69444,Rapido-1,600,1250,1000,30*4,105.25,173.93,6.27,A1605-24090190-2A,N,39.55,39.64,0.09,,-2.99,-3.27,-0.28,-7.58,-7.79,-0.20,,,,,,,0.35,1576,0.8658,1722,0.1133,1191,0.08715,1391,0.04968,無,0,無,0,無,0
F9302-25083477,F9302-25083477,BK,3,SCK-2034S,N,1.04167,Rapido-1,600,1350,1100,40*40,68.25,234.83,5.01,A1605-23050018-1A,N,15.26,15.53,0.27,,0.48,0.42,-0.07,-1.17,-1.21,-0.04,,,,,,,0.28,1862,2.4,1384,1.696,1848,1,1588,0.779,1142,0.516,無,0,無,0
F9302-25083515,F9302-25083515,GY,3,SCK-3562,N,0.69444,Rapido-1,600,1250,1000,30*4,102.25,130.32,6.27,A1605-24090190-2A,N,39.55,39.75,0.20,,-2.99,-3.31,-0.32,-7.58,-7.86,-0.27,,,,,,,0.43,1576,0.8658,1722,0.1133,1191,0.08715,1391,0.04968,無,0,無,0,無,0
F9302-25083517,F9302-25083517,GY,5,SW-80136C0,N,0.69444,Rapido-2,400,1300,1100,25*3,54.50,302.50,9.71,A1605-25050154-1A,N,34.04,34.27,0.23,,-2.71,-2.54,0.16,0.93,0.81,-0.13,,,,,,,0.29,1576,0.92,1191,0.36,1430,0.27,1724,0.25,無,0,無,0,無,0
F9302-25083518,F9302-25083518,GY,5,SW-80136C0,N,0.69444,Rapido-2,400,1300,1100,25*30,53.00,261.09,9.71,A1605-25050154-1A,N,34.04,34.33,0.29,,-2.71,-2.46,0.25,0.93,0.74,-0.20,,,,,,,0.43,1576,0.92,1191,0.36,1430,0.27,1724,0.25,無,0,無,0,無,0
F9302-25083558,F9302-25083558,GY,3,SCK-3562,N,0.69444,Rapido-1,600,1250,1000,30*4,456.00,4.66,6.25,A1605-24090190-2A,N,39.55,39.60,0.05,,-2.99,-3.30,-0.31,-7.58,-7.57,0.01,,,,,,,0.37,1576,0.8658,1722,0.1133,1191,0.08715,1391,0.04968,無,0,無,0,無,0
F9302-25083595,F9302-25083595,BK,3,SCK-2034S,N,1.04167,Rapido-1,600,1350,1100,40*40,67.25,289.99,5.04,A1605-23050018-1A,N,15.26,15.45,0.18,,0.48,0.43,-0.05,-1.17,-1.18,-0.01,,,,,,,0.20,1862,2.4,1384,1.696,1848,1,1588,0.779,1142,0.516,無,0,無,0
F9302-25083596,F9302-25083596,BK,3,SCK-2034S,N,1.04167,Rapido-1,600,1350,1100,40*40,84.00,227.00,5.01,A1605-23050018-1A,N,15.26,15.44,0.17,,0.48,0.55,0.07,-1.17,-1.22,-0.04,,,,,,,0.20,1862,2.4,1384,1.696,1848,1,1588,0.779,1142,0.516,無,0,無,0
F9302-25083597,F9302-25083597,BK,3,SCK-2034S,N,1.04167,Rapido-1,600,1350,1100,40*40,73.00,239.01,5.01,A1605-23050018-1A,N,15.26,15.57,0.31,,0.48,0.43,-0.05,-1.17,-1.23,-0.05,,,,,,,0.32,1862,2.4,1384,1.696,1848,1,1588,0.779,1142,0.516,無,0,無,0
F9302-25083659,F9302-25083659,BK,3,SCK-2034S,N,1.04167,Rapido-1,600,1350,1100,40*40,68.50,235.72,5.01,A1605-23050018-1A,N,15.26,15.43,0.16,,0.48,0.44,-0.04,-1.17,-1.26,-0.09,,,,,,,0.21,1862,2.4,1384,1.696,1848,1,1588,0.779,1142,0.516,無,0,無,0
F9302-25083881,F9302-25083881,BK,3,SCK-2034S,N,1.04167,Rapido-1,600,1350,1100,40*40,68.75,311.77,5.01,A1605-23050018-1A,N,15.26,15.45,0.19,,0.48,0.49,0.00,-1.17,-1.20,-0.03,,,,,,,0.19,1862,2.4,1384,1.696,1848,1,1588,0.779,1142,0.516,無,0,無,0
F9302-25084024,F9302-25084024,BK,3,SCK-2034S,N,1.04167,Rapido-1,600,1350,1100,40*40,43.00,434.21,6.21,A1605-23050018-1A,N,15.26,15.33,0.07,,0.48,0.44,-0.04,-1.17,-1.34,-0.17,,,,,,,0.25,1862,2.4,1384,1.696,1848,1,1588,0.779,1142,0.516,無,0,無,0
F9302-25084141,F9302-25084141,BK,3,SW-80779C0,Y,1.04167,Rapido-2,800,1300,1000,35*40,71.50,642.39,5.56,A1605-23110101-1D,Y,16.25,17.58,1.33,,0.67,0.99,0.32,-0.70,-1.08,-0.38,,,,,,,1.46,1862,4.068,1722,0.44,1848,0.392,1588,0.015,無,0,無,0,無,0
F9302-25084161,F9302-25084161,GY,3,SCK-4186EM,N,1.04167,Rapido-1,600,1250,1050,30*2,93.25,371.70,9.26,A1605-24120070-1A,Y,39.55,39.88,0.33,,-2.99,-2.78,0.21,-7.58,-7.41,0.17,,,,,,,0.32,1724,0.306,1578,0.3045,1565,0.2289,1391,0.05459,無,0,無,0,無,0
F9302-25084186,F9302-25084186,GY,3,SCK-4186EM,N,1.04167,Rapido-1,600,1250,1050,30*2,58.00,570.43,11.11,A1605-24120070-1A,Y,39.55,39.92,0.37,,-2.99,-2.82,0.17,-7.58,-7.46,0.12,,,,,,,0.29,1724,0.306,1578,0.3045,1565,0.2289,1391,0.05459,無,0,無,0,無,0
F9302-25084265,F9302-25084265,GR,6,SCW-828,Y,1.04167,Rapido-2,400,1250,1000,35*40,49.50,976.65,6.37,A1605-25020140-3B,Y,37.75,36.20,-1.55,,-35.31,-35.30,0.01,1.21,0.92,-0.29,,,,,,,0.85,1585,2.3,1584,1.45,1565,0.7,1191,0.53676,無,0,無,0,無,0
F9302-25084364,F9302-25084364,BK,3,SW-80779C0,Y,1.04167,Rapido-2,800,1300,1000,35*40,89.75,377.38,5.45,A1605-23110101-1D,N,16.25,17.27,1.02,,0.67,0.77,0.10,-0.70,-1.12,-0.42,,,,,,,1.17,1862,4.068,1722,0.44,1848,0.392,1588,0.015,無,0,無,0,無,0
F9302-25084384,F9302-25084384,BL,3,SW-8860C0,N,1.04167,Rapido-2,400,1200,1000,30*40,49.50,300.30,7.46,A1605-25070013-3E,N,52.34,52.10,-0.24,,-1.68,-1.38,0.30,-36.12,-36.72,-0.60,,,,,,,0.37,1565,0.41,1690,0.36,1142,0.0006,無,0,無,0,無,0,無,0
F9302-25084493,F9302-25084493,BK,3,SCK-4186,N,1.04167,Rapido-1,600,1200,1000,30*40,71.00,338.62,9.26,A1605-23040175-5C,N,15.33,15.75,0.42,,0.62,0.62,0.00,-1.42,-1.19,0.23,,,,,,,0.51,1862,4.375,1848,0.48,1722,0.4725,1430,0.2325,1142,0.108,無,0,無,0
F9302-25084592,F9302-25084592,GR,2,SCK-3714AM3X,N,0.90278,Rapido-2,400,1200,950,25*30,53.00,451.74,12.35,A1605-22110064-6C,N,66.17,65.34,-0.83,,0.58,0.70,0.11,-19.50,-20.42,-0.92,,,,,,,0.66,1530,0.14,1400,0.04,無,0,無,0,無,0,無,0,無,0
F9302-25084610,F9302-25084610,BK,3,SCK-4186,N,1.04167,Rapido-1,600,1250,1050,30*40,71.00,298.66,9.30,A1605-23040175-5C,N,15.33,15.57,0.24,,0.62,0.80,0.18,-1.42,-1.24,0.18,,,,,,,0.42,1862,4.375,1848,0.48,1722,0.4725,1430,0.2325,1142,0.108,無,0,無,0
F9302-25084724,F9302-25084724,TQ,3,SCK-4186,N,1.04167,Rapido-2,400,1250,100,30*40,60.50,349.82,9.26,A1605-24030236-1A,N,56.48,56.14,-0.34,,-30.55,-30.50,0.05,-28.07,-27.61,0.47,,,,,,,0.28,1587,1.2375,1589,0.75,1191,0.0194,無,0,無,0,無,0,無,0
F9302-25084728,F9302-25084728,GY,3,SW-80425C0,Y,1.04167,Rapido-2,400,1250,1000,40*40,66.00,490.77,6.30,A1605-24090133-1A,N,33.27,32.80,-0.47,,-0.65,-0.34,0.31,-0.45,-0.02,0.43,,,,,,,0.82,1593,0.72,1391,0.265,1142,0.1854,1722,0.1456,無,0,無,0,無,0
F9302-25084770,F9302-25084770,BK,3,SCK-4186,N,1.04167,Rapido-1,600,1250,1050,30*40,71.00,317.54,9.26,A1605-23040175-5C,N,15.33,15.21,-0.13,,0.62,0.72,0.10,-1.42,-1.11,0.31,,,,,,,0.46,1862,4.375,1848,0.48,1722,0.4725,1430,0.2325,1142,0.108,無,0,無,0
F9302-25084771,F9302-25084771,BK,3,SCK-4186,N,1.04167,Rapido-1,600,1250,1050,30*40,58.00,318.45,9.30,A1605-23040175-5C,N,15.33,14.86,-0.47,,0.62,0.71,0.09,-1.42,-1.23,0.20,,,,,,,0.55,1862,4.375,1848,0.48,1722,0.4725,1430,0.2325,1142,0.108,無,0,無,0
F9302-25084873,F9302-25084873,RE,1,SCK-4186,N,1.04167,Rapido-2,400,1250,1050,30*4,58.00,285.74,9.26,A1605-24090130-1B,N,69.21,68.83,-0.38,,9.63,9.96,0.34,1.51,1.56,0.05,,,,,,,0.32,1310,0.12125,1111,0.05936,1510,0.03621,無,0,無,0,無,0,無,0
F9302-25084961,F9302-25084961,BK,3,SCK-4186,N,1.04167,Rapido-1,600,1200,1000,30*40,69.75,337.73,9.30,A1605-23040175-5C,N,15.33,15.32,-0.02,,0.62,0.67,0.04,-1.42,-1.24,0.18,,,,,,,0.26,1862,4.375,1848,0.48,1722,0.4725,1430,0.2325,1142,0.108,無,0,無,0
F9302-25084980,F9302-25084980,BK,3,SCK-4186,N,1.04167,Rapido-1,600,1250,1050,30*40,88.50,239.24,9.30,A1605-23040175-5C,N,15.33,15.53,0.19,,0.62,0.75,0.12,-1.42,-1.22,0.20,,,,,,,0.38,1862,4.375,1848,0.48,1722,0.4725,1430,0.2325,1142,0.108,無,0,無,0
F9302-25085149,F9302-25085149,BK,3,SCK-3814,N,2.08333,Rapido-1,600,1250,1000,30*4,73.25,301.52,6.25,2011071-4D,N,15.26,15.40,0.14,,0.48,0.46,-0.02,-1.17,-1.12,0.06,,,,,,,0.16,1862,2.875,1724,0.56,1863,0.55,1391,0.2125,無,0,無,0,無,0
F9302-25090076,F9302-25090076,BK,3,SCK-3814,N,2.08333,Rapido-1,600,1300,1100,30*4,55.50,363.73,6.27,2011071-4D,N,15.26,15.51,0.25,,0.48,0.41,-0.07,-1.17,-1.10,0.08,,,,,,,0.29,1724,0.56,1863,0.55,1391,0.2125,1862,0.025,無,0,無,0,無,0
F9302-25090147,F9302-25090147,BK,3,SCK-3814,N,2.08333,Rapido-1,600,1300,1100,30*4,64.25,272.73,7.14,2011071-4D,N,15.26,15.41,0.15,,0.48,0.39,-0.10,-1.17,-1.12,0.05,,,,,,,0.21,1724,0.56,1863,0.55,1391,0.2125,1862,0.025,無,0,無,0,無,0
F9302-25090303,F9302-25090303,BK,3,SCK-3814,N,2.08333,Rapido-1,600,1300,1100,30*4,70.50,232.79,6.25,2011071-4D,N,15.26,15.80,0.53,,0.48,0.30,-0.18,-1.17,-1.06,0.11,,,,,,,0.60,1724,0.56,1863,0.55,1391,0.2125,1862,0.025,無,0,無,0,無,0
F9302-25090503,F9302-25090503,BK,3,SCK-3814,N,2.08333,Rapido-1,600,1300,1100,30*4,71.75,282.62,6.25,2011071-4D,N,15.26,15.71,0.44,,0.48,0.48,0.00,-1.17,-1.19,-0.01,,,,,,,0.44,1724,0.56,1863,0.55,1391,0.2125,1862,0.025,無,0,無,0,無,0
F9302-25090504,F9302-25090504,BK,3,SCK-3814,N,2.08333,Rapido-1,600,1300,1100,30*4,69.50,280.76,6.25,2011071-4D,N,15.26,15.47,0.21,,0.48,0.44,-0.05,-1.17,-1.07,0.10,,,,,,,0.26,1724,0.56,1863,0.55,1391,0.2125,1862,0.025,無,0,無,0,無,0
F9302-25090870,F9302-25090870,YE,2,SCK-3673ST,N,0.69444,Rapido-2,400,1250,1050,30*30,50.00,435.98,10.00,A1605-24080088-1B,N,53.35,52.87,-0.48,,-5.55,-6.01,-0.46,45.61,45.10,-0.52,,,,,,,0.44,1142,0.891,1191,0.2058,1565,0.196,1430,0.07446,1201,0.0012,無,0,無,0
F9302-25090906,F9302-25090906,OR,2,SCKP-463S,N,0.83333,Rapido-2,400,1250,1000,30*40,55.50,36.27,10.75,A1605-24060172-2A,Y,69.79,70.05,0.25,,37.97,37.35,-0.62,14.09,13.05,-1.03,,,,,,,0.69,1351,0.2093,1201,0.02266,1565,0.00202,無,0,無,0,無,0,無,0
F9302-25091029,F9302-25091029,OL,3,SCK-3922,Y,0.59524,Rapido-2,400,1300,1000,35*40,81.50,97.80,6.00,A1605-24100003-2A,N,47.89,43.00,-4.90,,2.13,1.21,-0.91,19.37,15.11,-4.26,,,,,,,3.56,1724,0.46659,1576,0.28355,1142,0.09476,1201,0.0012,無,0,無,0,無,0
F9302-25091166,F9302-25091166,BR,1,SW-80264C07,Y,1.04167,Rapido-2,100,1250,950,35*40,17.00,922.24,13.16,A1605-25080048-2A,N,57.43,57.08,-0.35,,1.33,1.14,-0.19,6.89,6.45,-0.44,,,,,,,0.50,1576,0.115,1142,0.045,1391,0.043,1722,0.04,無,0,無,0,無,0
F9302-25091213,F9302-25091213,RE,3,SCK-3673,N,0.69444,Rapido-2,400,1300,1100,30*30,65.50,410.02,8.13,2009044-2J,N,33.75,32.72,-1.03,,49.33,48.77,-0.56,18.74,19.06,0.31,,,,,,,0.69,1383,1.926,1384,1.89,1374,0.018,1191,0.0052,1350,0.005,1360,0.004,1353,0.003
F9302-25091214,F9302-25091214,NB,3,SCK-3673,N,0.69444,Rapido-1,600,1300,1100,30*30,62.25,445.78,8.06,2007098-2A,N,20.68,20.42,-0.26,,2.81,2.97,0.16,-12.63,-12.37,0.26,,,,,,,0.39,1578,1.2168,1724,0.863,1420,0.773,1565,0.742,1567,0.424,無,0,無,0
F9302-25091218,F9302-25091218,BK,7,SCK-1424,N,1.25,Rapido-2,50,1200,1000,25*3,18.00,1105.89,13.64,A1605-24090173-1A,N,19.41,19.45,0.04,,-0.16,-0.33,-0.17,-3.64,-3.78,-0.15,,,,,,,0.28,1862,2.15,1391,0.33,1142,0.073,無,0,無,0,無,0,無,0
F9302-25091267,F9302-25091267,BK,3,SCK-3549,N,1.04167,Rapido-1,600,1250,1050,30*40,60.25,362.85,6.94,1911097-1A,N,15.26,15.49,0.22,,0.48,0.51,0.02,-1.17,-1.06,0.11,,,,,,,0.27,1724,1.056,1430,0.57,1588,0.425,1142,0.12,1862,0.033,無,0,無,0
F9302-25091282,F9302-25091282,BK,3,SCK-3549,N,1.04167,Rapido-1,600,1250,1050,30*40,73.75,293.40,6.94,1911097-1A,N,15.26,15.71,0.44,,0.48,0.65,0.17,-1.17,-1.10,0.08,,,,,,,0.51,1724,1.056,1430,0.57,1588,0.425,1142,0.12,1862,0.033,無,0,無,0
F9302-25091313,F9302-25091313,RE,3,SCK-3673,N,0.69444,Rapido-2,400,1300,1100,30*30,61.50,363.97,8.06,2009044-2J,N,33.75,32.90,-0.85,,49.33,48.80,-0.53,18.74,19.17,0.42,,,,,,,0.64,1383,1.926,1384,1.89,1374,0.018,1191,0.0052,1350,0.005,1360,0.004,1353,0.003
F9302-25091360,F9302-25091360,GY,1,SCK-3562,N,0.69444,Rapido-2,100,1250,950,30*30,17.00,1161.59,17.24,2012146-1B,N,59.48,58.93,-0.55,,-0.90,-0.65,0.25,-3.56,-3.87,-0.31,,,,,,,0.54,1530,0.1764,1400,0.0715,1231,0.035,1181,0.02755,無,0,無,0,無,0
F9302-25091380,F9302-25091380,NB,3,SCK-3673,N,0.69444,Rapido-1,600,1300,1100,30*30,64.50,383.19,8.03,2007098-2A,N,20.68,20.85,0.17,,2.81,2.71,-0.09,-12.63,-12.40,0.23,,,,,,,0.23,1578,1.2168,1724,0.863,1420,0.773,1565,0.742,1567,0.424,無,0,無,0
F9302-25091384,F9302-25091384,RE,3,SCK-3673,N,0.69444,Rapido-2,400,1300,1100,30*30,51.00,419.71,9.71,2009044-2J,N,33.75,32.85,-0.90,,49.33,48.85,-0.48,18.74,19.11,0.36,,,,,,,0.63,1374,1.926,1383,1.926,1384,1.89,1191,0.546,1350,0.525,1360,0.428,1353,0.33
F9302-25091428,F9302-25091428,BK,3,SW-80779C0,Y,1.04167,Rapido-2,400,1300,1000,35*40,57.00,600.11,5.52,A1605-23110101-1D,N,16.25,17.33,1.08,,0.67,0.93,0.26,-0.70,-1.11,-0.42,,,,,,,1.26,1862,4.14,1722,0.42,1588,0.03,1848,0.007,無,0,無,0,無,0
F9302-25091454,F9302-25091454,RE,6,SW-8829C0,Y,0.69444,Rapido-2,400,1200,1000,25*3,33.50,567.82,16.67,A1605-25070152-5A,N,41.13,41.49,0.36,,56.06,57.35,1.28,11.77,12.96,1.19,,,,,,,0.78,1384,2.23,1362,1.23,無,0,無,0,無,0,無,0,無,0
F9302-25091476,F9302-25091476,BK,3,SCK-3562,N,0.69444,Rapido-1,600,1300,1000,30*30,85.00,326.15,6.41,1911195-3A,N,16.18,16.67,0.49,,0.51,0.40,-0.11,-1.46,-1.45,0.01,,,,,,,0.50,1862,4.5625,1722,0.616,1848,0.55,1430,0.165,1588,0.12,無,0,無,0
F9302-25091528,F9302-25091528,BK,3,SCK-3562,N,0.69444,Rapido-1,600,1250,1000,30*40,91.50,303.11,6.31,1911195-3A,N,16.18,16.46,0.29,,0.51,0.42,-0.08,-1.46,-1.43,0.03,,,,,,,0.30,1862,4.5625,1722,0.616,1848,0.55,1430,0.165,1588,0.12,無,0,無,0
F9302-25091724,F9302-25091724,BK,3,SCK-3562,N,0.69444,Rapido-1,600,1250,1000,30*40,86.50,334.72,6.67,1911195-3A,N,16.18,16.59,0.42,,0.51,0.45,-0.06,-1.46,-1.44,0.02,,,,,,,0.41,1862,4.5625,1722,0.616,1848,0.55,1430,0.165,1588,0.12,無,0,無,0
F9302-25091826,F9302-25091826,GY,1,SCK-2917,N,0.69444,Rapido-1,600,1350,1150,30*30,62.25,502.94,8.58,A1605-23090030-13B,Y,72.83,72.79,-0.05,,-4.88,-4.99,-0.11,3.46,4.35,0.89,,,,,,,0.99,1530,0.04284,1181,0.02397,1400,0.01802,無,0,無,0,無,0,無,0
F9302-25091861,F9302-25091861,BL,2,SCK-2917,N,0.69444,Rapido-2,400,1350,1150,25*25,75.00,418.88,9.26,A1605-23090030-5B,Y,53.01,52.75,-0.26,,-6.17,-6.13,0.04,-15.76,-14.84,0.92,,,,,,,0.66,1430,0.05626,1142,0.0306,1565,0.0042,無,0,無,0,無,0,無,0
F9302-25091949,F9302-25091949,OR,2,SCKP-463SP3,N,0.83333,Rapido-1,600,1200,1000,25*3,77.25,498.98,8.26,A1605-24110056-1A,Y,69.87,70.51,0.64,,37.81,36.90,-0.91,14.00,12.18,-1.81,,,,,,,1.24,1201,0.02156,1351,0.00205,1565,0.001584,無,0,無,0,無,0,無,0
F9302-25092207,F9302-25092207,TQ,3,SCK-4186,N,1.04167,Rapido-1,600,1250,1000,30*40,98.00,275.99,6.97,A1605-24030236-1A,N,56.48,56.27,-0.21,,-30.55,-30.36,0.20,-28.07,-28.13,-0.05,,,,,,,0.14,1587,1.2375,1589,0.75,1191,0.0194,無,0,無,0,無,0,無,0
F9302-25092214,F9302-25092214,KH,2,SCK-4186,N,1.04167,Rapido-1,600,1250,1000,30*40,100.50,211.58,6.94,A1605-24090130-4B,N,65.76,65.16,-0.60,,3.46,3.65,0.19,20.84,20.41,-0.43,,,,,,,0.44,1391,0.052,1565,0.04459,1191,0.00104,1201,0.00035,無,0,無,0,無,0
F9302-25092285,F9302-25092285,KH,2,SCK-4186,N,1.04167,Rapido-1,600,1250,1000,30*40,109.75,212.70,6.94,A1605-24090130-4B,N,65.76,65.01,-0.75,,3.46,3.61,0.15,20.84,20.64,-0.20,,,,,,,0.38,1391,0.052,1565,0.04459,1201,0.035,1191,0.00104,無,0,無,0,無,0
F9302-25092288,F9302-25092288,GY,2,SCK-3814,N,2.08333,Rapido-2,800,1300,1100,30*4,54.75,280.46,6.25,A1605-22110058-4B,N,42.60,42.59,-0.01,,-0.43,-0.50,-0.06,-1.00,-1.29,-0.28,,,,,,,0.41,1565,0.3213,1430,0.12555,1142,0.08075,1722,0.0465,無,0,無,0,無,0
F9302-25092451,F9302-25092451,KH,2,SCK-4186,N,1.04167,Rapido-1,600,1250,1000,30*40,89.50,220.73,6.94,A1605-24090130-4B,N,65.76,65.67,-0.09,,3.46,3.41,-0.05,20.84,20.76,-0.08,,,,,,,0.08,1191,0.10712,1391,0.052,1565,0.04459,1201,0.00035,無,0,無,0,無,0
F9302-25093305,F9302-25093305,BK,3,SK-1008C0,N,0.83333,Rapido-1,600,1150,1000,25*2,143.75,159.78,12.42,2008151-5A,N,18.72,18.49,-0.23,,-1.15,-1.25,-0.10,-2.28,-2.61,-0.33,,,,,,,0.48,1862,2.016,1430,0.25,1588,0.17,1142,0.16,1848,0.008,無,0,無,0
F9302-25093307,F9302-25093307,BK,3,SK-1008C0,N,0.83333,Rapido-2,800,1150,1000,25*2,95.75,244.74,12.50,A1605-22060153-1A,N,18.29,18.41,0.12,,0.00,0.11,0.11,-2.11,-2.04,0.07,,,,,,,0.20,1862,1.995,1724,0.525,1430,0.204,1848,0.01,無,0,無,0,無,0
F9302-25093454,F9302-25093454,BK,7,SW-80352C01,Y,0.69444,Rapido-1,600,1200,1000,25*3,66.25,325.27,12.82,A1605-24100221-1F,N,18.13,17.90,-0.23,,0.91,0.77,-0.14,-0.77,-0.52,0.25,,,,,,,0.44,1862,3.6,1722,0.6386,1391,0.0954,1191,0.024,無,0,無,0,無,0
F9302-25093883,F9302-25093883,BL,2,SCK-464SAM1,N,0.69444,Rapido-2,50,1200,900,30*30,9.50,1358.32,11.11,A1605-25090003-2A,N,55.00,53.97,-1.03,,1.74,3.04,1.30,-29.82,-30.26,-0.44,,,,,,,1.19,1567,0.32,1430,0.067,無,0,無,0,無,0,無,0,無,0
F9302-25093942,F9302-25093942,BK,7,SCK-1424,N,1.25,Rapido-1,600,1200,1000,25*3,146.00,157.80,14.29,A1605-24090173-1A,N,19.41,19.13,-0.28,,-0.16,0.23,0.39,-3.64,-3.12,0.52,,,,,,,0.82,1862,2.2575,1391,0.0033,1142,0.00073,無,0,無,0,無,0,無,0
F9302-25100022,F9302-25100022,GY,2,SCK-3230,N,1.66667,Rapido-2,200,1050,850,25*2,181.00,105.29,12.50,1711131-1A,N,32.95,31.75,-1.20,,-0.86,-0.97,-0.12,-1.88,-1.97,-0.09,,,,,,,0.73,1576,0.73645,1724,0.54,1430,0.044,無,0,無,0,無,0,無,0
F9302-25100024,F9302-25100024,GY,2,SCK-3230,N,1.66667,Rapido-2,200,1050,850,25*2,182.00,96.12,12.50,1711131-1A,N,32.95,31.26,-1.68,,-0.86,-0.90,-0.05,-1.88,-1.79,0.08,,,,,,,0.99,1576,0.73645,1724,0.54,1430,0.044,無,0,無,0,無,0,無,0
F9302-25100112,F9302-25100112,GR,3,SCK-4186,N,1.04167,Rapido-1,600,1250,1050,30*40,70.00,287.79,9.26,A1605-23100013-3A,N,41.51,41.92,0.41,,-10.47,-10.32,0.15,4.48,4.54,0.07,,,,,,,0.26,1191,0.32,1430,0.1188,1593,0.0043,無,0,無,0,無,0,無,0
F9302-25100114,F9302-25100114,GY,2,SCK-3230,N,1.66667,Rapido-2,200,1050,850,25*2,175.00,106.06,12.50,1711131-1A,N,32.95,32.20,-0.74,,-0.86,-0.86,0.00,-1.88,-1.76,0.12,,,,,,,0.46,1576,0.73645,1724,0.54,1430,0.044,無,0,無,0,無,0,無,0
F9302-25100151,F9302-25100151,GR,3,SCK-3549,N,1.04167,Rapido-1,600,1300,1100,30*40,51.75,352.68,6.94,1911207-7A,N,31.57,32.31,0.74,,-0.06,-0.13,-0.07,6.25,6.30,0.05,,,,,,,0.46,1142,0.1089,1430,0.07326,1724,0.0092,1576,0.0081,無,0,無,0,無,0
F9302-25100174,F9302-25100174,RE,3,SCK-3549,N,1.04167,Rapido-2,400,1300,1100,30*40,70.50,360.88,6.99,A1605-24090189-2A,N,34.66,34.81,0.16,,33.06,33.37,0.31,23.02,22.87,-0.16,,,,,,,0.29,1383,2.091,1201,0.6615,1142,0.515,1565,0.152,無,0,無,0,無,0
F9302-25100305,F9302-25100305,NB,3,SCK-3673,N,0.69444,Rapido-1,600,1300,1100,30*30,63.00,373.33,8.16,2007098-2A,N,20.68,20.49,-0.19,,2.81,2.68,-0.12,-12.63,-12.23,0.40,,,,,,,0.35,1420,2,1578,1.2168,1724,0.00863,1565,0.007,1567,0.004,無,0,無,0
F9302-25100333,F9302-25100333,BL,4,SCK-3814,N,2.08333,Rapido-1,600,1300,1100,30*4,53.75,614.83,9.09,A1605-21040233-2B,Y,29.94,31.68,1.74,,-2.01,-2.24,-0.23,-15.24,-14.89,0.35,,,,,,,1.15,1565,0.441,1430,0.0966,1593,0.0057,1724,0.0024,無,0,無,0,無,0
F9302-25100336,F9302-25100336,BL,3,SCK-4186,N,1.04167,Rapido-1,600,1250,1000,30*40,53.00,637.51,9.49,A1605-23100012-1B,Y,23.50,24.34,0.85,,0.33,0.56,0.22,-21.58,-22.05,-0.47,,,,,,,0.71,1578,0.799,1722,0.0411,1593,0.015,1391,0.00006,無,0,無,0,無,0
F9302-25100356,F9302-25100356,NB,3,SCK-3673,N,0.69444,Rapido-1,600,1300,1100,30*30,64.25,451.11,8.06,2007098-2A,N,20.68,20.23,-0.45,,2.81,2.63,-0.18,-12.63,-12.04,0.59,,,,,,,0.59,1578,1.2168,1420,0.773,1724,0.00863,1565,0.007,1567,0.004,無,0,無,0
F9302-25100370,F9302-25100370,NB,3,SCK-3673,N,0.69444,Rapido-1,600,1300,1100,30*30,63.25,367.08,8.13,2007098-2A,N,20.68,21.07,0.39,,2.81,2.68,-0.12,-12.63,-12.33,0.30,,,,,,,0.40,1578,1.2168,1724,0.00863,1420,0.00773,1565,0.007,1567,0.004,無,0,無,0
F9302-25100373,F9302-25100373,RE,3,SCK-3549,N,1.04167,Rapido-2,400,1250,1050,30*40,52.00,596.31,9.26,A1605-24090189-2A,Y,34.66,35.41,0.76,,33.06,34.08,1.02,23.02,23.69,0.67,,,,,,,0.68,1383,2.091,1201,0.6615,1142,0.515,1565,0.152,無,0,無,0,無,0
F9302-25100430,F9302-25100430,NB,3,SCK-3673,N,0.69444,Rapido-1,600,1300,1100,30*30,51.00,491.75,8.16,2007098-2A,N,20.68,20.73,0.05,,2.81,2.67,-0.14,-12.63,-12.31,0.33,,,,,,,0.28,1578,1.2168,1420,0.773,1565,0.742,1724,0.00863,1567,0.004,無,0,無,0
F9302-25100611,F9302-25100611,WH,3,FS-8969C0,N,0.69444,Rapido-2,400,1250,1050,30*30,44.00,276.61,12.50,A1605-24100132-7A,N,88.50,88.86,0.36,,0.45,0.58,0.14,8.49,7.80,-0.69,,,,,,,0.67,1111,0.014892,1310,0.009408,1510,0.00294,無,0,無,0,無,0,無,0
F9302-25100651,F9302-25100651,GR,5,SCK-4482,Y,0.69444,Rapido-2,200,1250,1000,35*40,55.00,38.98,8.77,A1605-25030096-1A,Y,31.76,31.61,-0.16,,-0.21,0.26,0.47,6.47,6.68,0.22,,,,,,,0.67,1578,0.808,1191,0.4032,1391,0.1649,1722,0.0054,無,0,無,0,無,0
F9302-25100777,F9302-25100777,BK,3,SCK-4186,N,1.04167,Rapido-1,600,1250,1000,30*20,54.50,461.49,11.49,A1605-23040175-5C,N,15.33,15.74,0.41,,0.62,0.61,-0.01,-1.42,-1.24,0.19,,,,,,,0.47,1862,4.375,1430,0.2325,1142,0.108,1848,0.008,1722,0.0045,無,0,無,0
F9302-25100992,F9302-25100992,GY,5,SW-80136C0,N,0.69444,Rapido-2,400,1300,1100,25*30,47.00,625.43,11.11,A1605-25050154-1A,Y,34.04,34.41,0.37,,-2.71,-2.23,0.47,0.93,0.71,-0.23,,,,,,,0.68,1576,0.92,1191,0.36,1430,0.27,1724,0.25,無,0,無,0,無,0
F9302-25100995,F9302-25100995,BK,3,SK-1288,N,2.08333,Rapido-1,600,1400,1200,40*3,69.00,475.65,6.25,A1605-24090006-1G,Y,15.83,16.57,0.74,,0.24,-0.36,-0.60,-0.05,-0.04,0.01,,,,,,,1.17,1862,2.9,1142,0.517,1430,0.47,無,0,無,0,無,0,無,0
F9302-25100999,F9302-25100999,NB,3,SCK-3852,N,1.04167,Rapido-1,600,1350,1100,30*40,80.00,318.80,6.25,A1605-21020125-1E,N,19.01,20.39,0.35,,1.83,2.81,0.16,-14.81,-12.44,0.23,,,,,,,0.42,1578,1.955,1430,0.5712,1724,0.006,無,0,無,0,無,0,無,0
F9302-25101033,F9302-25101033,OL,5,SK-1216C0,N,0.83333,Rapido-1,600,1200,950,25*25,387.00,48.46,12.50,A1605-25040025-6B,N,26.80,27.17,0.37,,-6.79,-6.98,-0.19,-0.35,-0.64,-0.28,,,,,,,0.45,1578,1.23192,1191,0.4345,1722,0.30345,1391,0.02052,無,0,無,0,無,0
F9302-25101075,F9302-25101075,NB,3,SK-1083C0,N,1.25,Rapido-1,600,1200,1000,30*3,60.50,943.75,10.71,2002047-1A,Y,18.26,18.93,0.67,,2.04,2.28,0.24,-11.53,-11.29,0.24,,,,,,,0.71,1578,1.508,1862,0.5175,1430,0.4465,1724,0.003,無,0,無,0,無,0
F9302-25101109,F9302-25101109,BK,7,SK-1216C0,N,0.83333,Rapido-2,400,1200,900,25*20,89.50,259.84,10.39,A1605-25090149-1A,N,18.35,18.19,-0.16,,-0.06,0.26,0.32,-2.81,-2.54,0.27,,,,,,,0.56,1862,2,1724,0.3,1430,0.19,無,0,無,0,無,0,無,0
F9302-25101415,F9302-25101415,BK,3,SK-1164C0,N,1.04167,Rapido-1,600,1300,1000,30*40,46.25,829.75,11.11,1911055-3A,Y,15.26,16.04,0.78,,0.48,0.36,-0.12,-1.17,-1.27,-0.10,,,,,,,0.79,1862,3.08,1430,0.45,1588,0.4,1142,0.013,1724,0.01,1848,0.005,無,0
F9302-25101426,F9302-25101426,GY,1,SK-1083C0,N,1.25,Rapido-2,400,1200,1000,25*3,64.50,24.93,10.10,A1605-24090125-1A,N,83.30,83.25,-0.06,,-1.95,-2.12,-0.17,4.98,4.73,-0.25,,,,,,,0.37,1111,0.02121,1310,0.015,1510,0.0132,無,0,無,0,無,0,無,0
F9302-25101427,F9302-25101427,GY,1,SK-1083C0,N,1.25,Rapido-2,400,1200,1000,25*3,65.00,291.05,11.63,A1605-24090125-1A,N,83.30,83.03,-0.28,,-1.95,-2.20,-0.26,4.98,4.79,-0.19,,,,,,,0.41,1111,0.02121,1310,0.015,1510,0.0132,無,0,無,0,無,0,無,0
F9302-25101428,F9302-25101428,WH,3,SCK-4160,N,1.04167,Rapido-2,400,1250,1000,40*30,46.00,564.89,6.25,A1605-23110198-1A,Y,90.59,89.84,-0.75,,-0.59,-0.73,-0.14,5.37,4.76,-0.60,,,,,,,0.72,1111,0.005832,1310,0.003652,1510,0.002112,無,0,無,0,無,0,無,0
F9302-25101451,F9302-25101451,NB,7,SK-1216C0,N,0.83333,Rapido-1,600,1200,900,25*25,104.00,353.12,9.38,A1605-25090149-4A,Y,22.41,23.36,0.95,,2.37,2.47,0.09,-14.57,-14.83,-0.26,,,,,,,0.75,1578,0.9,1593,0.9,1430,0.435,1724,0.0046,無,0,無,0,無,0
F9302-25101453,F9302-25101453,BK,3,SCK-3521,N,1.04167,Rapido-1,600,1100,600,40*40,191.00,119.28,4.69,1905031-8A,N,15.26,14.48,-0.79,,0.48,0.32,-0.16,-1.17,-1.22,-0.05,,,,,,,0.80,1862,1.845,1430,0.192,1142,0.024,1724,0.0055,1848,0.005,無,0,無,0
F9302-25101492,F9302-25101492,GY,1,SW-80425C0P3,Y,1.04167,Rapido-2,400,1300,1000,40*50,61.50,831.64,5.50,A1605-24120176-2B,Y,70.95,70.45,-0.50,,0.09,0.11,0.02,3.09,3.78,0.69,,,,,,,0.86,1565,0.027,1391,0.0216,1142,0.0152,無,0,無,0,無,0,無,0
F9302-25101573,F9302-25101573,GY,1,SW-81105C0,Y,1.04167,Rapido-2,400,1300,900,45*40,40.50,752.94,5.71,A1605-25060102-1J,Y,66.98,66.55,-0.43,,-1.59,-1.20,0.39,-0.22,-0.73,-0.51,,,,,,,0.89,1310,0.067,1111,0.063,1510,0.00073,無,0,無,0,無,0,無,0
F9302-25101588,F9302-25101588,BK,3,SK-1008C0,N,0.83333,Rapido-1,600,1250,1050,25*2,60.75,463.93,20.00,A1605-24040031-1A,N,17.72,17.94,0.23,,-0.85,-0.71,0.15,-2.86,-2.89,-0.03,,,,,,,0.28,1862,3.193,1724,0.252,1430,0.115,無,0,無,0,無,0,無,0
F9302-25101593,F9302-25101593,BK,3,SCK-3549,N,1.04167,Rapido-1,600,1300,1100,30*40,52.25,450.35,7.41,1911097-1A,N,15.26,15.00,-0.26,,0.48,0.38,-0.10,-1.17,-1.06,0.11,,,,,,,0.33,1862,3.96,1430,0.57,1588,0.425,1142,0.12,1724,0.0096,無,0,無,0
F9302-25101608,F9302-25101608,WH,3,SCK-3521,N,1.04167,Rapido-2,400,1100,600,40*50,89.50,194.04,6.00,A1605-23040047-2G,N,90.84,90.30,-0.54,,0.23,-0.01,-0.25,7.64,7.78,0.13,,,,,,,0.41,1111,0.008772,1310,0.004969,1510,0.001546,無,0,無,0,無,0,無,0
F9302-25101611,F9302-25101611,NB,7,SK-1216C0,N,0.83333,Rapido-1,600,1200,900,25*25,65.50,509.56,15.38,A1605-25090149-4A,Y,22.41,22.83,0.42,,2.37,2.49,0.11,-14.57,-14.80,-0.23,,,,,,,0.37,1578,0.9,1593,0.9,1430,0.435,1724,0.0046,無,0,無,0,無,0
F9302-25101657,F9302-25101657,WH,3,SCK-4160,N,1.04167,Rapido-2,400,1250,1000,40*30,48.00,328.13,6.29,A1605-23110198-1A,N,90.59,89.97,-0.62,,-0.59,-0.79,-0.20,5.37,4.98,-0.39,,,,,,,0.54,1111,0.005832,1310,0.003652,1510,0.002112,無,0,無,0,無,0,無,0
F9302-25101667,F9302-25101667,BK,3,SK-1107C0,N,0.83333,Conveyor-1,300,85,270,120,515.00,50.93,10.00,A1605-22030024-3B,N,17.27,17.47,0.20,,0.48,0.54,0.06,-0.59,-0.64,-0.05,,,,,,,0.22,1862,2.3,1142,0.46,1384,0.45,1391,0.368,1848,0.009,無,0,無,0
F9302-25101669,F9302-25101669,BK,3,SCK-3562,N,0.69444,Rapido-1,600,1250,1000,30*40,92.00,297.47,6.25,1911195-3A,N,16.18,16.50,0.32,,0.51,0.33,-0.18,-1.46,-1.54,-0.07,,,,,,,0.41,1862,4.5625,1722,0.616,1430,0.165,1848,0.005,1588,0.002,無,0,無,0
F9302-25101672,F9302-25101672,BL,3,SCK-3562,N,0.69444,Rapido-2,100,1250,1000,30*40,22.50,1548.62,10.00,A1605-22030003-1A,Y,21.46,22.22,0.76,,0.50,0.42,-0.09,-11.76,-11.82,-0.06,,,,,,,0.61,1593,1.926,1724,0.7038,1578,0.5885,1430,0.3388,無,0,無,0,無,0
F9302-25101683,F9302-25101683,BK,3,SK-1008C0,N,0.83333,Rapido-1,600,1200,1000,25*25,63.00,608.51,9.09,A1605-24020098-1A,Y,23.57,24.06,0.49,,-1.42,-1.77,-0.34,-1.18,-1.85,-0.67,,,,,,,1.06,1862,1.805,1430,0.21,1142,0.168,無,0,無,0,無,0,無,0
F9302-25101698,F9302-25101698,WH,3,SCK-4160,N,1.04167,Rapido-2,400,1250,1000,40*30,30.00,478.63,8.00,A1605-23110198-1A,N,90.59,89.86,-0.73,,-0.59,-0.68,-0.09,5.37,5.00,-0.36,,,,,,,0.48,1111,0.005832,1310,0.003652,1510,0.002112,無,0,無,0,無,0,無,0
F9302-25101723,F9302-25101723,BK,3,SK-1107C0,N,0.83333,Conveyor-1,300,85,270,120,390.00,64.43,10.00,A1605-22030024-3B,N,17.27,17.13,-0.14,,0.48,0.48,0.00,-0.59,-0.42,0.17,,,,,,,0.28,1862,2.3,1142,0.46,1384,0.45,1391,0.368,1848,0.009,無,0,無,0
F9302-25101753,F9302-25101753,NB,6,SW-81105C0,Y,1.04167,Rapido-2,100,1300,900,45*40,13.00,2430.00,10.00,A1605-25090023-1A,N,23.81,22.90,-0.90,,-2.40,-2.24,0.15,-7.99,-8.16,-0.17,,,,,,,0.71,1593,1,1578,0.64,1391,0.55,1191,0.37,無,0,無,0,無,0
F9302-25101843,F9302-25101843,BK,3,SCK-3562,N,0.69444,Rapido-1,600,1250,1000,30*40,85.50,334.68,6.25,1911195-3A,N,16.18,16.43,0.25,,0.51,0.47,-0.04,-1.46,-1.49,-0.03,,,,,,,0.26,1862,4.5625,1722,0.616,1848,0.55,1430,0.165,1588,0.002,無,0,無,0
F9302-25101844,F9302-25101844,BK,3,SCK-3562,N,0.69444,Rapido-1,600,1350,1150,30*30,83.75,369.42,6.27,1911195-3A,N,16.18,16.43,0.25,,0.51,0.48,-0.03,-1.46,-1.36,0.10,,,,,,,0.28,1862,4.5625,1722,0.616,1848,0.55,1430,0.165,1588,0.002,無,0,無,0
F9302-25101845,F9302-25101845,BK,3,SK-1107C0,N,0.83333,Conveyor-1,300,80,250,120,511.00,57.29,12.50,A1605-22030024-3B,N,17.27,17.36,0.09,,0.48,0.23,-0.24,-0.59,-0.57,0.02,,,,,,,0.37,1862,2.3,1142,0.46,1384,0.45,1391,0.368,1848,0.009,無,0,無,0
F9302-25101886,F9302-25101886,BK,3,SCK-3549,N,1.04167,Rapido-1,600,1300,1100,30*40,56.25,423.66,9.26,1911097-1A,N,15.26,15.26,0.00,,0.48,0.48,0.00,-1.17,-1.07,0.10,,,,,,,0.14,1862,3.96,1724,1.056,1430,0.57,1142,0.12,1588,0.005,無,0,無,0
F9302-25101898,F9302-25101898,BK,3,SCK-3562,N,0.69444,Rapido-1,600,1350,1150,30*40,84.25,278.24,6.25,1911195-3A,N,16.18,16.37,0.19,,0.51,0.43,-0.08,-1.46,-1.45,0.02,,,,,,,0.22,1862,4.5625,1722,0.616,1848,0.55,1430,0.165,1588,0.002,無,0,無,0
F9302-25102002,F9302-25102002,BK,3,SCK-3562,N,0.69444,Rapido-1,600,1350,1150,30*30,86.50,301.03,6.25,1911195-3A,N,16.18,16.63,0.46,,0.51,0.44,-0.06,-1.46,-1.45,0.01,,,,,,,0.45,1862,4.5625,1722,0.616,1848,0.55,1430,0.165,1588,0.12,無,0,無,0
F9302-25102029,F9302-25102029,GY,4,SK-1298C0,N,1.38889,Rapido-1,600,1200,900,25*3,57.50,418.35,10.05,A1605-25080170-1D,N,31.06,31.51,0.45,,0.73,0.72,0.00,-1.21,-1.32,-0.11,,,,,,,0.32,1430,0.22,1191,0.21,1201,0.21,1576,0.00805,無,0,無,0,無,0
F9302-25102111,F9302-25102111,BK,6,SCK-4489,N,0.52083,Conveyor-1,300,85,270,140,452.00,88.97,5.04,A1605-25030076-12B,Y,15.25,15.13,-0.12,,0.42,0.28,-0.14,-1.00,-1.37,-0.37,,,,,,,0.58,1862,2.625,1391,0.714,1191,0.4,無,0,無,0,無,0,無,0
F9302-25102122,F9302-25102122,NB,3,SK-637,N,1.04167,Rapido-1,600,1200,1000,30*4,58.25,586.56,7.49,A1605-22050045-2F,Y,23.35,21.34,-2.01,,-1.06,-0.90,0.16,-11.05,-11.72,-0.66,,,,,,,1.59,1593,1.44,1724,0.45881,1430,0.14841,無,0,無,0,無,0,無,0
F9302-25102134,F9302-25102134,GY,4,SW-80352C01,Y,0.69444,Rapido-1,600,1200,1000,25*25,57.50,528.16,6.67,A1605-25070094-1A,Y,31.08,31.64,0.56,,-0.07,0.18,0.26,-7.33,-7.82,-0.49,,,,,,,0.67,1391,0.304,1191,0.17,1722,0.11,1578,0.008,無,0,無,0,無,0
F9302-25102185,F9302-25102185,BK,6,SCK-4489,N,0.52083,Conveyor-1,300,85,270,140,480.00,44.29,5.04,A1605-25030076-12B,N,15.25,13.98,-1.27,,0.42,0.20,-0.22,-1.00,-1.24,-0.24,,,,,,,1.32,1862,2.625,1391,0.714,1191,0.4,無,0,無,0,無,0,無,0
F9302-25102265,F9302-25102265,GR,0,SCK-3724,Y,0.69444,Rapido-2,400,1250,1000,30*40,52.00,147.33,10.31,A1605-24090191-4A,N,83.85,84.18,0.33,,-19.63,-20.35,-0.71,73.64,77.77,4.13,,,,,,,1.37,1191,0.7128,1580,0.01404,1013,0.00144,無,0,無,0,無,0,無,0
F9302-25102344,F9302-25102344,GY,2,SW-80779C0,Y,1.04167,Rapido-2,400,1300,1000,35*40,64.50,526.93,4.88,A1605-24090194-3A,Y,39.55,40.28,0.73,,-2.99,-2.92,0.07,-7.58,-6.62,0.96,,,,,,,0.99,1724,0.3325,1391,0.0459,1576,0.0044,1565,0.0028,無,0,無,0,無,0
F9302-25102503,F9302-25102503,BK,3,SW-80779C0,Y,1.04167,Rapido-2,400,1300,1000,35*40,76.00,399.64,5.66,A1605-23110101-1D,N,16.25,17.24,0.99,,0.67,0.64,-0.03,-0.70,-1.24,-0.55,,,,,,,1.24,1862,4.068,1722,0.44,1588,0.015,1848,0.007,無,0,無,0,無,0
F9302-25102505,F9302-25102505,KH,2,SW-80186ST,Y,1.04167,Rapido-2,200,1200,1000,30*3,51.00,586.59,7.94,A1605-24060153-2C,N,56.29,57.47,1.18,,8.11,7.58,-0.53,21.55,21.77,0.22,,,,,,,0.87,1142,0.090436,1722,0.0819,1565,0.0651,1391,0.056496,無,0,無,0,無,0
F9302-25102578,F9302-25102578,KH,2,SCK-4154AM,N,1.25,Rapido-2,400,1200,900,30*30,68.50,177.88,8.33,A1605-25070212-4B,Y,63.63,62.67,-0.96,,-1.98,-1.48,0.49,-18.31,-19.09,-0.78,,,,,,,0.83,1111,0.097335,1310,0.052,1510,0.000308,無,0,無,0,無,0,無,0
F9302-25102580,F9302-25102580,BL,3,SCK-3605,N,1.04167,Rapido-2,400,1300,1100,30*40,77.50,280.41,6.25,A1605-21040068-2B,N,30.06,29.62,-0.44,,6.20,6.42,0.22,-38.55,-38.33,0.22,,,,,,,0.34,1585,2.484,1567,1.38,1640,0.1932,1391,0.088,1722,0.01558,無,0,無,0
F9302-25102594,F9302-25102594,BK,3,SCK-4135,N,1.04167,Conveyor-1,300,80,260,140,424.00,52.14,5.52,A1605-24040042-4A,N,15.09,13.96,-1.14,,-0.30,-0.32,-0.02,-2.39,-2.28,0.11,,,,,,,1.12,1862,3,1724,0.247,1430,0.09975,無,0,無,0,無,0,無,0
F9302-25102597,F9302-25102597,BL,5,SW-80351C0,Y,0.69444,Rapido-2,400,1250,1000,25*3,32.00,593.06,19.05,A1605-25080069-1A,N,29.89,30.38,0.49,,-3.18,-3.10,0.08,-24.73,-24.60,0.14,,,,,,,0.32,1191,0.015,1578,0.0115,1580,0.005,1565,0.004,無,0,無,0,無,0
F9302-25102628,F9302-25102628,YE,2,SK-441C0,N,1.04167,Rapido-2,400,1200,950,30*30,54.00,354.15,10.00,A1605-25080220-1A,N,87.53,87.05,-0.48,,2.35,3.62,1.27,82.30,83.43,1.14,,,,,,,0.79,1142,0.4,1201,0.025,無,0,無,0,無,0,無,0,無,0
F9302-25102660,F9302-25102660,GY,5,SCK-3828,N,1.04167,Conveyor-1,300,80,270,120,425.00,51.68,10.53,A1605-24120136-3D,N,18.46,17.87,-0.59,,-2.11,-2.42,-0.31,-6.19,-6.38,-0.19,,,,,,,0.66,1191,0.3,1430,0.22,1722,0.17,1578,0.012,無,0,無,0,無,0
F9302-25102673,F9302-25102673,BK,3,SCK-4135,N,1.04167,Conveyor-1,300,80,260,140,368.00,57.60,6.29,A1605-24040042-4A,N,15.09,14.57,-0.52,,-0.30,-0.34,-0.05,-2.39,-2.40,-0.01,,,,,,,0.51,1862,3,1724,0.247,1430,0.09975,無,0,無,0,無,0,無,0
F9302-25102684,F9302-25102684,OL,5,SCK-3828,N,1.04167,Conveyor-1,300,80,270,120,389.00,56.90,10.53,A1605-25070130-1D,N,25.83,25.12,-0.71,,-0.86,-0.79,0.06,6.48,6.69,0.21,,,,,,,0.54,1722,0.37,1142,0.265,1391,0.076,1576,0.0085,無,0,無,0,無,0
F9302-25102687,F9302-25102687,OR,6,SCK-4489,N,0.52083,Rapido-2,200,1200,900,30*40,96.00,174.27,7.50,A1605-25090026-6A,N,42.53,42.02,-0.51,,46.23,45.80,-0.42,34.57,34.25,-0.32,,,,,,,0.32,1353,1.8,1191,0.54,1360,0.35,1565,0.056,無,0,無,0,無,0
F9302-25102688,F9302-25102688,GY,2,SCK-4489,N,0.52083,Rapido-2,200,1200,900,30*40,76.00,189.53,7.50,A1605-25090026-2B,N,52.41,51.69,-0.71,,3.64,3.47,-0.17,9.66,9.75,0.09,,,,,,,0.45,1724,0.28,1576,0.135,1430,0.012,無,0,無,0,無,0,無,0
F9302-25102733,F9302-25102733,BK,3,SW-80779C0,Y,1.04167,Rapido-2,400,1300,1000,35*40,74.50,355.18,5.38,A1605-23110101-1D,N,16.25,17.24,0.99,,0.67,0.69,0.02,-0.70,-1.28,-0.58,,,,,,,1.27,1862,4.068,1722,0.44,1588,0.015,1848,0.007,無,0,無,0,無,0
F9302-25102734,F9302-25102734,BK,3,SW-80779C0,Y,1.04167,Rapido-2,400,1300,1000,35*40,70.50,360.84,5.48,A1605-23110101-1D,N,16.25,17.43,1.18,,0.67,0.73,0.06,-0.70,-1.21,-0.52,,,,,,,1.37,1862,4.068,1722,0.44,1588,0.015,1848,0.007,無,0,無,0,無,0
F9302-25102792,F9302-25102792,GY,3,SW-80216C0,Y,1.04167,Rapido-2,400,1250,950,35*40,76.00,609.24,5.69,A1605-24030204-2A,Y,30.01,31.72,1.72,,1.07,0.72,-0.35,-1.93,-2.28,-0.35,,,,,,,1.26,1430,0.247,1142,0.1872,1722,0.16416,1576,0.0092,無,0,無,0,無,0
F9302-25102829,F9302-25102829,BK,6,SCK-3795SAM1,N,1.04167,Rapido-1,600,1200,900,30*40,51.50,392.04,7.14,A1605-25090097-2A,N,17.37,17.14,-0.22,,-0.03,-0.09,-0.06,-0.99,-1.26,-0.27,,,,,,,0.44,1862,3.2,1191,0.55,1430,0.5,1578,0.5,無,0,無,0,無,0
F9302-25102874,F9302-25102874,NB,3,SCK-3852,N,1.04167,Rapido-1,600,1350,1150,30*40,116.50,232.76,6.28,A1605-21020125-1E,N,19.01,20.66,0.62,,1.83,2.79,0.15,-14.81,-12.68,-0.01,,,,,,,0.54,1578,1.955,1724,0.588,1430,0.5712,無,0,無,0,無,0,無,0
F9302-25102881,F9302-25102881,BR,3,SW-8829C0,Y,0.69444,Rapido-2,200,1200,900,25*3,58.00,583.93,12.20,A1605-25070152-1B,Y,49.22,48.97,-0.25,,9.69,10.01,0.32,-0.42,-1.06,-0.64,,,,,,,0.79,1391,0.238,1565,0.2,1142,0.053,1722,0.038,無,0,無,0,無,0
F9302-25102972,F9302-25102972,BL,5,SCK-4489,N,0.52083,Rapido-2,200,1200,950,30*40,77.00,235.87,7.50,A1605-25090026-11C,N,28.30,27.77,-0.53,,-3.62,-3.52,0.10,-16.63,-16.39,0.24,,,,,,,0.38,1593,1.2,1430,0.11,1191,0.085,1201,0.035,無,0,無,0,無,0
F9302-25103023,F9302-25103023,BK,7,SW-80352C01,Y,0.69444,Rapido-2,400,1200,900,25*3,50.00,397.44,11.94,A1605-25050127-1A,N,18.39,17.67,-0.71,,1.13,0.80,-0.33,-0.26,-0.46,-0.19,,,,,,,0.83,1862,3.5,1722,0.62,1391,0.15,1191,0.075,無,0,無,0,無,0
F9302-25103325,F9302-25103325,BK,6,SCK-4154AM,N,1.25,Rapido-1,600,1200,900,30*30,249.75,73.49,5.56,A1605-25070212-1A,N,16.60,16.33,-0.28,,-0.12,0.13,0.25,-2.04,-1.94,0.10,,,,,,,0.45,1862,2.5,1391,0.265,1191,0.15,1863,0.01,無,0,無,0,無,0
F9302-25103851,F9302-25103851,GY,2,SCK-3852,N,1.04167,Rapido-1,600,1350,1150,30*40,77.00,360.69,6.27,A1605-21040039-3A,N,29.96,29.82,-0.13,,0.33,0.56,0.23,-2.01,-2.10,-0.09,,,,,,,0.35,1578,0.737,1391,0.2996,1722,0.21,1142,0.194,無,0,無,0,無,0
F9302-25104037,F9302-25104037,KH,2,SW-80216C0,Y,1.04167,Rapido-2,800,1250,1050,35*40,75.50,776.83,4.69,A1605-24120093-3C,N,66.39,67.31,0.92,,0.06,0.22,0.17,6.00,7.11,1.11,,,,,,,1.20,1580,0.0798,1724,0.076,1391,0.019975,無,0,無,0,無,0,無,0
F9302-25104038,F9302-25104038,OL,4,SW-80242C0,Y,1.04167,Rapido-2,400,1200,950,35*40,56.50,674.32,5.92,A1605-25060126-1B,Y,35.87,35.59,-0.28,,-4.20,-4.13,0.07,8.55,7.97,-0.58,,,,,,,0.54,1565,0.826,1191,0.4292,1391,0.2552,1722,0.1856,無,0,無,0,無,0
F9302-25110024,F9302-25110024,BK,3,SW-80216C0,Y,1.04167,Rapido-2,800,1250,1000,30*5,76.50,331.74,5.87,A1605-24030204-1D,N,17.90,18.27,0.37,,0.70,0.60,-0.10,-1.91,-1.88,0.03,,,,,,,0.36,1862,7.47,1722,0.2175,1430,0.07725,1863,0.005,無,0,無,0,無,0
F9302-25110030,F9302-25110030,GY,2,SW-80216C0,Y,1.04167,Rapido-2,200,1200,900,30*40,67.00,651.91,7.41,A1605-25050085-4C,Y,66.76,66.72,-0.05,,2.61,3.35,0.74,4.90,4.55,-0.36,,,,,,,1.28,1310,0.097,1111,0.085,1510,0.00048,無,0,無,0,無,0,無,0
F9302-25110037,F9302-25110037,GY,1,SW-80216C0,Y,1.04167,Rapido-2,400,1250,1000,30*5,61.00,181.95,5.49,A1605-24060005-1G,N,76.00,76.29,0.29,,-1.05,-1.19,-0.14,-0.46,-0.70,-0.24,,,,,,,0.40,1310,0.02525,1111,0.02185,1510,0.00022,無,0,無,0,無,0,無,0
F9302-25110045,F9302-25110045,GR,7,SW-80779C0,Y,1.04167,Rapido-2,400,1200,950,30*40,71.50,224.38,5.69,A1605-25080195-1A,N,27.62,28.26,0.64,,-18.26,-18.11,0.15,-3.77,-4.11,-0.34,,,,,,,0.52,1576,1.012,1565,1,1588,0.78,1191,0.546,無,0,無,0,無,0
F9302-25110092,F9302-25110092,RW,7,SW-80779C0,Y,1.04167,Rapido-2,400,1300,950,35*40,54.00,463.83,6.80,A1605-25080195-4A,N,26.22,26.09,-0.13,,27.18,26.87,-0.31,0.71,0.62,-0.09,,,,,,,0.20,1384,2.4,1430,0.7,1722,0.49,1565,0.415,無,0,無,0,無,0
F9302-25110103,F9302-25110103,BR,5,SK-1133C0,N,0.83333,Rapido-2,50,1150,950,25*2,22.50,2642.40,20.00,A1605-25010113-1B,Y,34.26,36.93,2.66,,10.91,12.35,1.43,11.10,10.83,-0.27,,,,,,,2.47,1724,0.608,1430,0.348,1576,0.325,1142,0.183,無,0,無,0,無,0
F9302-25110124,F9302-25110124,GY,2,SCK-3230,N,1.66667,Rapido-2,200,1050,850,25*2,171.00,130.78,12.50,1711131-1A,N,32.95,32.00,-0.94,,-0.86,-0.88,-0.02,-1.88,-2.09,-0.21,,,,,,,0.62,1576,0.73645,1724,0.54,1430,0.044,無,0,無,0,無,0,無,0
F9302-25110125,F9302-25110125,GY,2,SCK-3230,N,1.66667,Rapido-2,200,1050,850,25*2,159.00,122.36,12.50,1711131-1A,N,32.95,32.58,-0.37,,-0.86,-0.80,0.06,-1.88,-2.03,-0.15,,,,,,,0.31,1576,0.73645,1724,0.54,1430,0.044,無,0,無,0,無,0,無,0
F9302-25110150,F9302-25110150,BL,4,SW-80083C0,Y,1.04167,Rapido-2,200,1200,900,30*40,51.00,71.27,7.35,A1605-25060188-1B,N,36.16,34.10,-2.06,,-4.85,-4.68,0.17,-5.34,-5.78,-0.44,,,,,,,1.26,1576,1.02,1142,0.15,1430,0.09,1722,0.09,無,0,無,0,無,0
F9302-25110151,F9302-25110151,TQ,7,SW-80083C0,Y,1.04167,Rapido-2,100,1200,900,30*40,14.50,2048.55,7.35,A1605-25060188-6A,N,37.08,34.67,-2.41,,-6.88,-3.73,3.15,-32.30,-36.76,-4.46,,,,,,,3.61,1588,1,1681,0.23,1568,0.0185,無,0,無,0,無,0,無,0
F9302-25110160,F9302-25110160,KH,2,SW-80083C0,Y,1.04167,Rapido-2,100,1200,900,30*40,13.50,1409.04,7.35,A1605-25060188-5A,N,59.72,58.70,-1.02,,0.56,0.64,0.07,10.87,10.87,0.00,,,,,,,0.44,1565,0.1,1191,0.08,1391,0.055,1722,0.04,無,0,無,0,無,0
F9302-25110180,F9302-25110180,GR,7,SW-80083C0,Y,1.04167,Rapido-2,100,1200,900,30*40,14.00,2220.43,11.76,A1605-25060182-7D,N,45.43,42.86,-2.57,,-33.10,-32.76,0.33,-15.11,-15.65,-0.55,,,,,,,1.30,1589,2.45,1191,0.127,1585,0.0205,1568,0.008,無,0,無,0,無,0
F9302-25110248,F9302-25110248,BL,3,SCK-3852,N,1.04167,Rapido-1,600,1350,1150,30*40,81.25,443.73,5.00,A1605-21040039-2A,N,29.85,29.45,-0.40,,5.48,5.80,0.32,-38.44,-38.10,0.35,,,,,,,0.40,1584,1.8,1640,0.34944,1585,0.03,1391,0.0297,1142,0.01484,無,0,無,0
F9302-25110249,F9302-25110249,BK,3,SCK-3852,N,1.04167,Rapido-1,600,1350,1150,30*40,75.50,377.10,5.00,A1605-21040039-1C,N,15.59,16.24,0.64,,0.06,0.17,0.11,-1.62,-1.59,0.04,,,,,,,0.65,1862,24,1430,0.39,1142,0.27,1863,0.005,無,0,無,0,無,0
F9302-25110250,F9302-25110250,GR,2,SCK-3673,N,0.69444,Rapido-1,600,1300,1100,30*30,65.00,418.45,8.20,2009044-1B,N,29.74,29.76,0.02,,-11.70,-11.64,0.06,4.06,4.30,0.24,,,,,,,0.25,1578,0.7072,1585,0.0085,1201,0.0055,1191,0.0053,1567,0.004,無,0,無,0
F9302-25110253,F9302-25110253,GR,3,SW-80083C0,Y,1.04167,Rapido-2,100,1200,900,30*40,17.00,1206.53,8.89,A1605-25060182-1B,N,63.84,62.18,-1.66,,-7.37,-6.62,0.75,36.83,37.88,1.05,,,,,,,1.01,1191,0.42,1565,0.064,1391,0.048,1201,0.012,無,0,無,0,無,0
F9302-25110255,F9302-25110255,BL,5,SW-80697C0,Y,1.04167,Rapido-2,50,1200,900,35*40,10.50,2989.71,7.69,A1605-25090208-1A,Y,40.25,41.33,1.07,,-12.41,-12.22,0.20,-9.44,-9.54,-0.10,,,,,,,0.59,1576,0.71823,1191,0.11844,1588,0.04361,無,0,無,0,無,0,無,0
F9302-25110258,F9302-25110258,PU,2,SW-80088AMC0,Y,1.04167,Rapido-2,200,1300,1000,40*30,50.00,512.02,5.68,A1605-25070067-3B1,Y,56.61,55.11,-1.50,,14.66,14.21,-0.44,-12.81,-12.94,-0.12,,,,,,,0.75,1391,0.04,1565,0.005,無,0,無,0,無,0,無,0,無,0
F9302-25110264,F9302-25110264,BL,5,SW-80351C0,Y,0.69444,Rapido-2,400,1250,1000,25*3,29.50,590.78,20.00,A1605-25080069-1A1,N,29.89,29.41,-0.48,,-3.18,-3.28,-0.10,-24.73,-25.03,-0.30,,,,,,,0.35,1565,0.5,1580,0.4,1391,0.06,1191,0.02,無,0,無,0,無,0
F9302-25110266,F9302-25110266,BR,3,SW-8829C0,Y,0.69444,Rapido-2,400,1200,900,25*3,26.00,1468.42,20.00,A1605-25070152-1B1,Y,49.22,48.80,-0.42,,9.69,10.07,0.38,-0.42,-0.93,-0.51,,,,,,,0.69,1391,0.032,1565,0.018,1722,0.007,1142,0.006,無,0,無,0,無,0
F9302-25110272,F9302-25110272,GY,2,SCK-3230,N,1.66667,Rapido-2,200,1050,850,25*2,151.00,183.04,12.50,1711131-1A,Y,32.95,32.14,-0.81,,-0.86,-0.88,-0.02,-1.88,-2.26,-0.39,,,,,,,0.69,1576,0.73645,1724,0.54,1430,0.044,無,0,無,0,無,0,無,0
F9302-25110279,F9302-25110279,BK,6,SW-80591C0,Y,1.04167,Rapido-2,400,1300,1000,35*40,30.50,969.90,9.01,A1605-25070071-1A,N,20.62,20.19,-0.43,,-0.12,-0.08,0.04,-2.18,-2.30,-0.12,,,,,,,0.38,1862,13,1578,1,1391,0.73,1191,0.0054,無,0,無,0,無,0
F9302-25110282,F9302-25110282,BK,3,SW-80216C0,Y,1.04167,Rapido-2,800,1250,1000,35*40,76.50,402.58,5.83,A1605-24030204-1D,N,17.90,18.12,0.22,,0.70,0.67,-0.03,-1.91,-1.97,-0.06,,,,,,,0.22,1862,15,1722,0.2175,1430,0.07725,1863,0.005,無,0,無,0,無,0
F9302-25110283,F9302-25110283,BK,3,SW-80216C0,Y,1.04167,Rapido-2,800,1250,1000,35*40,78.25,360.55,5.83,A1605-24030204-1D,N,17.90,18.49,0.59,,0.70,0.69,-0.01,-1.91,-2.03,-0.12,,,,,,,0.55,1862,2.905,1722,0.2175,1430,0.07725,1863,0.005,無,0,無,0,無,0
F9302-25110291,F9302-25110291,BK,7,SW-80352C01,Y,0.69444,Rapido-2,400,1200,1000,25*3,57.50,417.37,10.39,A1605-24100221-1F,N,18.13,17.24,-0.89,,0.91,0.90,0.00,-0.77,-0.62,0.15,,,,,,,0.82,1862,3.6,1722,0.6386,1391,0.108,1191,0.024,無,0,無,0,無,0
F9302-25110292,F9302-25110292,GY,1,SK-1126,N,1.04167,Conveyor-1,300,80,260,140,491.00,98.94,6.03,A1605-24060108-1E,Y,62.53,63.81,1.28,,-0.57,0.32,0.89,-4.09,-2.80,1.30,,,,,,,1.93,1510,0.097,1310,0.095,1111,0.06448,無,0,無,0,無,0,無,0
F9302-25110300,F9302-25110300,BL,5,SCK-3562,N,0.69444,Rapido-2,400,1350,1100,30*30,64.50,318.87,8.33,A1605-25030249-1C,N,23.24,22.68,-0.56,,8.13,7.54,-0.59,-26.66,-26.02,0.64,,,,,,,0.67,1588,1.204,1578,1.05,1640,0.574,1722,0.05,無,0,無,0,無,0
F9302-25110309,F9302-25110309,WH,1,SK-1008C0,N,0.83333,Rapido-2,400,1250,1000,25*20,85.50,430.68,10.13,A1605-22060153-5E,Y,86.89,88.07,1.18,,-0.95,-2.04,-1.09,4.94,5.65,0.71,,,,,,,1.58,1111,0.01575,1310,0.0096,1510,0.0084,無,0,無,0,無,0,無,0
F9302-25110328,F9302-25110328,BL,5,SW-80352C01,Y,0.69444,Rapido-2,200,1300,1000,25*3,47.00,516.70,12.90,A1605-25030004-1A,N,28.97,28.42,-0.55,,-0.13,0.10,0.23,-6.55,-6.51,0.04,,,,,,,0.47,1578,0.9265,1391,0.425,1191,0.252,1201,0.1188,無,0,無,0,無,0
F9302-25110341,F9302-25110341,BK,3,SCK-3852,N,1.04167,Rapido-1,600,1350,1150,30*40,74.75,350.26,6.28,A1605-21040039-1C,N,15.59,16.06,0.47,,0.06,0.09,0.03,-1.62,-1.63,0.00,,,,,,,0.46,1862,10.8,1430,0.39,1142,0.27,1863,0.005,無,0,無,0,無,0
F9302-25110344,F9302-25110344,BK,3,SK-1008C0,N,0.83333,Rapido-2,400,1250,1050,25*20,89.00,205.98,12.50,A1605-22060153-1A,N,18.29,18.17,-0.12,,0.00,-0.13,-0.14,-2.11,-2.11,-0.01,,,,,,,0.21,1862,10.35,1724,0.55,1430,0.1955,1848,0.01,無,0,無,0,無,0
F9302-25110353,F9302-25110353,BL,2,SK-1008C0,N,0.83333,Rapido-2,400,1250,1050,25*20,85.50,405.66,12.82,A1605-22060153-4B,Y,27.94,28.57,0.63,,-9.35,-9.28,0.07,-17.86,-18.56,-0.70,,,,,,,0.64,1593,1.818,1142,0.1127,1585,0.019,無,0,無,0,無,0,無,0
F9302-25110365,F9302-25110365,BK,3,SW-80216C0,Y,1.04167,Rapido-2,800,1250,1000,30*5,75.50,409.79,5.98,A1605-24030204-1D,N,17.90,18.45,0.55,,0.70,0.84,0.14,-1.91,-1.85,0.06,,,,,,,0.53,1862,7.47,1722,0.2175,1430,0.07725,1863,0.005,無,0,無,0,無,0
F9302-25110366,F9302-25110366,BK,3,SK-548C0,N,1.25,Rapido-2,400,1200,950,25*3,68.50,532.67,10.00,A1605-24060106-1D,N,19.11,19.81,0.70,,0.03,-0.07,-0.11,-3.04,-3.04,0.01,,,,,,,0.62,1862,9,1724,0.276,1430,0.1805,無,0,無,0,無,0,無,0
F9302-25110373,F9302-25110373,BK,3,SCK-4186,N,1.04167,Rapido-2,400,1250,1000,30*30,56.50,515.59,9.26,A1605-23040175-5C,N,15.33,15.82,0.48,,0.62,0.67,0.05,-1.42,-1.18,0.24,,,,,,,0.58,1862,4.375,1722,0.4725,1430,0.2325,1142,0.108,1848,0.008,無,0,無,0
F9302-25110389,F9302-25110389,BK,3,SK-1008C0,N,0.83333,Rapido-2,400,1250,105,25*20,87.00,540.01,12.50,A1605-22060153-1A,Y,18.29,18.16,-0.12,,0.00,0.28,0.28,-2.11,-1.86,0.25,,,,,,,0.51,1862,10.35,1724,0.55,1430,0.1955,1848,0.01,無,0,無,0,無,0
F9302-25110391,F9302-25110391,OR,3,SK-1008C0,N,0.83333,Rapido-2,400,1250,1000,25*20,134.50,152.61,8.33,A1605-22060153-3D,N,50.38,50.13,-0.25,,55.52,56.57,1.05,44.30,44.13,-0.18,,,,,,,0.62,1142,0.3534,1353,0.0248,1530,0.015,1201,0.0025,無,0,無,0,無,0
F9302-25110392,F9302-25110392,BK,3,SCK-3624S,N,1.04167,Rapido-1,600,1250,1000,35*40,103.25,321.75,5.19,A1605-21080149-2B,Y,16.46,17.09,0.63,,0.52,0.64,0.11,-0.89,-0.78,0.12,,,,,,,0.65,1862,18,1430,0.5376,1722,0.525,1588,0.425,1142,0.2645,無,0,無,0
F9302-25110393,F9302-25110393,BK,3,SCK-3716,N,1.04167,Rapido-2,200,1250,1050,40*40,54.00,406.28,7.50,A1605-21040077-2A,N,16.54,16.30,-0.24,,0.56,0.58,0.02,-1.41,-1.13,0.27,,,,,,,0.44,1862,10.35,1722,0.72,1588,0.315,1430,0.147,1848,0.005,無,0,無,0
F9302-25110403,F9302-25110403,GY,3,SCK-4173,N,0.83333,Rapido-2,400,1200,1000,25*30,70.50,407.86,8.33,A1605-24060068-1B,N,18.01,17.45,-0.56,,-0.39,-0.32,0.06,-2.76,-2.23,0.53,,,,,,,0.83,1862,25,1578,1.2,1391,0.84,1142,0.4738,無,0,無,0,無,0
F9302-25110411,F9302-25110411,BK,3,SW-80216C0,Y,1.04167,Rapido-2,800,1250,1000,30*5,78.50,323.75,5.83,A1605-24030204-1D,N,17.90,18.41,0.51,,0.70,0.72,0.02,-1.91,-1.91,0.01,,,,,,,0.46,1862,9.96,1722,0.2175,1430,0.07725,1863,0.005,無,0,無,0,無,0
F9302-25110421,F9302-25110421,TQ,3,SK-1008C0,N,0.83333,Rapido-2,400,1250,1000,25*20,69.50,687.24,13.33,A1605-22070090-1B,Y,39.74,39.85,0.11,,-16.04,-15.42,0.62,-28.17,-28.82,-0.65,,,,,,,0.61,1589,1.08,1565,0.836,1142,0.034,1585,0.018,1201,0.012,無,0,無,0
F9302-25110424,F9302-25110424,BK,3,SCK-3852,N,1.04167,Rapido-1,600,1350,1150,30*40,95.75,285.80,6.28,A1605-21040039-1C,N,15.59,16.40,0.80,,0.06,0.17,0.11,-1.62,-1.55,0.07,,,,,,,0.81,1862,4.8,1430,0.39,1142,0.27,1863,0.005,無,0,無,0,無,0
F9302-25110427,F9302-25110427,YE,1,SK-1107C0,N,0.83333,Rapido-2,100,1200,950,25X2,26.00,745.31,15.00,A1605-25100016-1A,N,86.51,86.80,0.29,,0.33,0.08,-0.26,14.01,14.49,0.48,,,,,,,0.48,1111,0.0412,1310,0.018,1510,0.0058,無,0,無,0,無,0,無,0
F9302-25110436,F9302-25110436,GY,3,SCK-3435AM,N,0.69444,Rapido-2,400,1200,1000,25*3,102.00,345.93,9.26,1810110-8B,N,31.11,29.42,-1.70,,-1.22,-0.67,0.56,-3.51,-2.59,0.92,,,,,,,1.62,1578,0.9065,1724,0.799,1430,0.19,1142,0.0744,無,0,無,0,無,0
F9302-25110455,F9302-25110455,GY,1,SK-1126,N,1.04167,Conveyor-1,300,80,260,140,420.00,78.11,5.03,A1605-24060108-1E,Y,62.53,63.35,0.81,,-0.57,0.37,0.94,-4.09,-2.68,1.41,,,,,,,2.03,1510,0.097,1310,0.095,1111,0.06448,無,0,無,0,無,0,無,0
F9302-25110458,F9302-25110458,OR,3,SK-1008C0,N,0.83333,Rapido-2,400,1250,1000,25*20,58.00,300.76,17.78,A1605-22060153-3D,N,50.38,50.16,-0.22,,55.52,56.92,1.40,44.30,43.90,-0.40,,,,,,,0.89,1142,0.3534,1353,0.0248,1530,0.015,1201,0.0025,無,0,無,0,無,0
F9302-25110463,F9302-25110463,BK,3,SK-1008C0,N,0.83333,Rapido-2,400,1250,1050,25*20,84.00,315.35,10.67,A1605-22060153-1A,N,18.29,18.06,-0.23,,0.00,0.23,0.23,-2.11,-1.90,0.21,,,,,,,0.46,1862,11.5,1724,0.55,1430,0.1955,1848,0.01,無,0,無,0,無,0
F9302-25110470,F9302-25110470,KH,2,SK-1008C0,N,0.83333,Rapido-2,100,1200,950,25*20,39.00,849.64,8.33,A1605-25070179-1E,Y,74.03,73.91,-0.12,,0.78,0.15,-0.63,7.09,7.43,0.34,,,,,,,0.98,1111,0.0815,1310,0.065,1510,0.00043,無,0,無,0,無,0,無,0
F9302-25110478,F9302-25110478,OR,2,SCK-3435AM,N,0.69444,Rapido-2,400,1200,1000,25*3,86.00,260.17,11.11,A1605-24100015-4A,N,56.66,56.94,0.28,,33.22,32.75,-0.48,26.01,25.83,-0.18,,,,,,,0.27,1360,0.5,1142,0.24,1565,0.034,無,0,無,0,無,0,無,0
F9302-25110506,F9302-25110506,BK,3,SCK-3562,N,0.69444,Rapido-1,600,1350,1100,30*30,124.00,231.72,6.69,1911195-3A,N,16.18,16.38,0.20,,0.51,0.56,0.05,-1.46,-1.42,0.05,,,,,,,0.22,1862,7.5,1722,0.616,1430,0.165,1588,0.12,1848,0.005,無,0,無,0
F9302-25110549,F9302-25110549,BK,3,SCK-3624S,N,1.04167,Rapido-1,600,1250,1000,35*40,98.00,229.34,5.20,A1605-21080149-2B,N,16.46,16.58,0.12,,0.52,0.49,-0.03,-0.89,-0.76,0.14,,,,,,,0.23,1862,3.42,1430,0.5376,1722,0.525,1588,0.425,1142,0.2645,無,0,無,0
F9302-25110568,F9302-25110568,BK,3,SW-80779C0,Y,1.04167,Rapido-2,400,1300,1000,35*40,74.50,391.41,5.48,A1605-23110101-1D,N,16.25,17.27,1.02,,0.67,0.66,-0.01,-0.70,-1.24,-0.54,,,,,,,1.26,1862,4.068,1722,0.44,1588,0.015,1848,0.007,無,0,無,0,無,0
F9302-25110580,F9302-25110580,BK,3,SK-1008C0,N,0.83333,Rapido-2,400,1250,1050,25*20,85.00,288.93,11.43,A1605-22060153-1A,N,18.29,17.74,-0.54,,0.00,0.12,0.12,-2.11,-1.87,0.24,,,,,,,0.60,1862,2.185,1724,0.55,1430,0.1955,1848,0.01,無,0,無,0,無,0
F9302-25110590,F9302-25110590,GY,1,SW-80779C0,Y,1.04167,Rapido-2,400,1200,900,30*40,62.00,658.48,5.78,A1605-25080195-2A,Y,78.07,78.35,0.28,,-1.40,-0.88,0.52,3.40,3.88,0.48,,,,,,,0.89,1111,0.02425,1310,0.021712,1510,0.0184,無,0,無,0,無,0,無,0
F9302-25110597,F9302-25110597,BK,6,SK-1298C0,N,1.38889,Rapido-1,600,1300,1100,30*30,65.00,344.25,10.00,A1605-24120054-1C,N,15.26,15.37,0.11,,0.48,0.46,-0.02,-1.17,-1.19,-0.02,,,,,,,0.11,1862,3.1365,1391,0.52,1863,0.01,1191,0.00265,無,0,無,0,無,0
F9302-25110643,F9302-25110643,GY,2,SK-417,N,1.04167,Rapido-2,400,1200,1000,30*40,51.00,312.00,9.26,1803004-1B,N,44.16,41.47,-2.69,,-1.07,-0.80,0.27,0.89,0.67,-0.23,,,,,,,1.41,1724,0.2835,1578,0.2016,1430,0.01696,無,0,無,0,無,0,無,0
F9302-25110660,F9302-25110660,GY,1,SK-1126,N,1.04167,Conveyor-1,300,80,250,140,443.00,43.86,5.03,A1605-24060108-1E,N,62.53,62.64,0.10,,-0.57,-0.44,0.13,-4.09,-3.97,0.12,,,,,,,0.22,1510,0.11349,1310,0.09595,1111,0.0651,無,0,無,0,無,0,無,0
F9302-25110664,F9302-25110664,BK,3,SK-417,N,1.04167,Conveyor-1,300,80,250,140,381.00,56.29,4.65,1111086-3E,N,18.21,16.97,-1.24,,-1.58,-1.43,0.16,-0.39,-0.54,-0.15,,,,,,,1.14,1862,1.656,1724,0.72,1588,0.15,1430,0.05625,無,0,無,0,無,0
F9302-25110731,F9302-25110731,BK,3,SCK-3624S,N,1.04167,Rapido-1,600,1250,1000,35*40,85.25,315.04,5.95,A1605-21080149-2B,N,16.46,16.29,-0.17,,0.52,0.62,0.10,-0.89,-0.68,0.21,,,,,,,0.38,1862,3.42,1430,0.5376,1722,0.525,1588,0.425,1142,0.2645,無,0,無,0
F9302-25110762,F9302-25110762,BK,6,SK-1298C0,N,1.38889,Rapido-1,600,1300,1100,30*30,62.50,401.33,10.00,A1605-24120054-1C,N,15.26,14.97,-0.30,,0.48,0.50,0.02,-1.17,-1.09,0.08,,,,,,,0.31,1862,3.1365,1391,0.52,1863,0.01,1191,0.00265,無,0,無,0,無,0
F9302-25110810,F9302-25110810,BK,3,SK-1008C0,N,0.83333,Rapido-2,400,1150,1000,25*20,73.50,310.94,11.94,A1605-22060153-1A,N,18.29,17.94,-0.34,,0.00,0.28,0.28,-2.11,-1.81,0.30,,,,,,,0.62,1862,2.185,1724,0.55,1430,0.1955,1848,0.01,無,0,無,0,無,0
F9302-25110835,F9302-25110835,BK,3,SK-1133C0,N,0.83333,Rapido-2,400,1150,950,25*2,118.00,274.93,13.33,A1605-23090089-1A,Y,17.16,17.05,-0.11,,0.54,0.41,-0.12,-3.04,-2.59,0.45,,,,,,,0.57,1862,3,1722,0.2125,1430,0.158,1848,0.01,無,0,無,0,無,0
F9302-25110873,F9302-25110873,PU,2,SW-80352C01,Y,0.69444,Rapido-2,400,1200,1000,25*3,59.50,337.66,13.16,A1605-24100159-9A,N,41.73,41.83,0.10,,30.76,30.29,-0.48,-10.37,-10.28,0.09,,,,,,,0.24,1430,0.3996,1580,0.1469,1191,0.01485,1350,0.0021,無,0,無,0,無,0
F9302-25110926,F9302-25110926,BR,4,SCK-3521,N,1.04167,Rapido-1,600,1100,600,40*40,191.75,100.45,3.24,A1605-25060001-1E,N,33.15,32.13,-1.02,,5.12,5.00,-0.12,7.22,7.80,0.58,,,,,,,1.08,1576,0.52,1391,0.25,1722,0.23,1191,0.00265,無,0,無,0,無,0
F9302-25110933,F9302-25110933,GY,2,SCK-3230,N,1.66667,Rapido-2,200,1050,850,25*2,171.00,88.64,12.50,1711131-1A,N,32.95,31.70,-1.25,,-0.86,-0.85,0.01,-1.88,-1.91,-0.03,,,,,,,0.73,1576,0.73645,1724,0.54,1430,0.044,無,0,無,0,無,0,無,0
F9302-25110935,F9302-25110935,GY,2,SCK-3230,N,1.66667,Rapido-2,200,1050,850,25*2,167.00,99.59,12.50,1711131-1A,N,32.95,32.22,-0.73,,-0.86,-0.90,-0.04,-1.88,-2.03,-0.16,,,,,,,0.47,1576,0.73645,1724,0.54,1430,0.044,無,0,無,0,無,0,無,0
F9302-25110954,F9302-25110954,BR,4,SCK-3521,N,1.04167,Rapido-1,600,1100,600,40*40,184.50,116.16,4.17,A1605-25060001-1E,N,33.15,31.56,-1.59,,5.12,5.06,-0.06,7.22,7.75,0.52,,,,,,,1.20,1576,0.52,1391,0.25,1722,0.23,1191,0.00265,無,0,無,0,無,0
F9302-25110972,F9302-25110972,RE,6,SCK-3521,N,1.04167,Rapido-1,600,1100,600,40*40,189.50,141.01,4.17,A1605-25090048-2A,Y,30.47,30.43,-0.05,,32.76,31.80,-0.96,23.41,23.75,0.34,,,,,,,0.78,1142,0.506,1565,0.18,1383,0.02,1201,0.007,無,0,無,0,無,0
F9302-25110988,F9302-25110988,GY,2,SK-1083C0,N,1.25,Rapido-2,200,1200,950,25*3,67.00,260.37,8.89,A1605-25080066-3A,N,60.24,58.91,-1.33,,2.27,2.39,0.13,5.88,5.78,-0.10,,,,,,,0.61,1576,0.095,1191,0.055,1391,0.053,1722,0.023,無,0,無,0,無,0
F9302-25111020,F9302-25111020,BK,3,SW-80216C0,Y,1.04167,Rapido-2,800,1250,1000,35*40,56.00,495.54,6.31,A1605-24030204-1D,N,17.90,18.39,0.49,,0.70,0.97,0.27,-1.91,-1.95,-0.04,,,,,,,0.57,1862,7.65,1722,0.205,1430,0.07725,1863,0.005,無,0,無,0,無,0
F9302-25111021,F9302-25111021,BK,3,SW-80216C0,Y,1.04167,Rapido-2,800,1250,1000,35*40,83.75,327.99,5.43,A1605-24030204-1D,N,17.90,18.50,0.60,,0.70,0.74,0.04,-1.91,-1.98,-0.07,,,,,,,0.55,1862,7.65,1722,0.205,1430,0.07725,1863,0.005,無,0,無,0,無,0
F9302-25111027,F9302-25111027,WH,1,SK-1008C0,N,0.83333,Rapido-2,400,1150,1000,25*20,90.00,185.86,12.50,A1605-22060153-5E,N,86.89,87.14,0.25,,-0.95,-0.96,-0.01,4.94,4.72,-0.22,,,,,,,0.25,1111,0.0159,1310,0.01224,1510,0.0093,無,0,無,0,無,0,無,0
F9302-25111029,F9302-25111029,WH,1,SK-1008C0,N,0.83333,Rapido-2,400,1150,1000,25*20,95.00,222.69,12.50,A1605-22060153-5E,N,86.89,87.03,0.13,,-0.95,-0.96,-0.01,4.94,4.65,-0.29,,,,,,,0.32,1111,0.0159,1310,0.01224,1510,0.0093,無,0,無,0,無,0,無,0
F9302-25111039,F9302-25111039,NB,3,SK-1288,N,2.08333,Rapido-2,400,1400,1200,40*3,55.50,322.14,5.00,A1605-24090006-3E,N,18.89,18.91,0.02,,3.09,3.28,0.19,-12.23,-11.92,0.31,,,,,,,0.39,1593,1.12,1578,0.8136,1391,0.616,1383,0.0045,1191,0.0019,無,0,無,0
F9302-25111045,F9302-25111045,GR,5,SCK-3724,Y,0.69444,Rapido-2,50,1200,900,30*40,14.50,1655.59,8.93,A1605-25040136-1A,N,66.01,65.74,-0.27,,-24.14,-23.38,0.76,64.05,64.07,0.02,,,,,,,0.38,1191,0.982,1142,0.95,1430,0.0165,1580,0.00208,無,0,無,0,無,0
F9302-25111073,F9302-25111073,BL,2,SCK-4135,N,1.04167,Rapido-2,100,1100,900,40*50,22.00,1179.50,7.50,A1605-24080024-6B,Y,45.00,45.34,0.34,,-6.12,-5.54,0.57,-16.03,-17.41,-1.37,,,,,,,1.22,1565,3.06,1430,0.06392,1142,0.035435,無,0,無,0,無,0,無,0
F9302-25111085,F9302-25111085,GY,5,SCK-4489,N,0.52083,Rapido-2,200,1100,800,40*50,84.00,282.96,7.50,A1605-25090026-12F,N,31.83,30.62,-1.21,,-2.28,-2.06,0.23,-5.60,-5.33,0.27,,,,,,,0.81,1576,0.9,1191,0.13,1430,0.087,1201,0.00195,無,0,無,0,無,0
F9302-25111089,F9302-25111089,BK,3,SK-1008C0,N,0.83333,Rapido-2,300,1250,1050,25*20,74.50,285.66,13.51,A1605-22060153-1A,N,18.29,17.81,-0.48,,0.00,0.22,0.21,-2.11,-1.96,0.14,,,,,,,0.54,1862,10.35,1724,5.5,1430,0.1955,1848,0.01,無,0,無,0,無,0
F9302-25111106,F9302-25111106,BK,3,SCK-4100,N,1.04167,Rapido-2,400,1300,1000,45*50,83.00,245.94,5.56,A1605-24040077-2A,N,15.18,14.01,-1.17,,-0.36,-0.19,0.17,-3.27,-3.05,0.22,,,,,,,1.20,1862,9,1722,0.16,1430,0.096,無,0,無,0,無,0,無,0
F9302-25111120,F9302-25111120,RE,6,SCK-3521,N,1.04167,Rapido-1,600,1100,600,40*40,150.00,144.80,4.33,A1605-25090048-2A,N,30.47,29.90,-0.57,,32.76,32.06,-0.70,23.41,22.97,-0.43,,,,,,,0.50,1142,0.506,1383,0.02,1201,0.007,1565,0.0018,無,0,無,0,無,0
F9302-25111214,F9302-25111214,NB,3,SK-1288,N,2.08333,Rapido-2,400,1400,1200,40*3,55.50,373.64,4.98,A1605-24090006-3E,N,18.89,19.04,0.14,,3.09,3.31,0.22,-12.23,-12.02,0.21,,,,,,,0.39,1593,1.12,1578,0.8136,1391,0.616,1191,0.2014,1383,0.0045,無,0,無,0
F9302-25111236,F9302-25111236,KH,2,SCK-2114,N,0.69444,Rapido-2,200,1300,1100,25*20,74.00,333.97,12.50,A1605-25100132-1A,N,52.71,50.29,-2.42,,5.82,6.66,0.84,17.17,15.26,-1.91,,,,,,,2.43,1724,0.4,1565,0.185,1391,0.117,1191,0.093,無,0,無,0,無,0
F9302-25111281,F9302-25111281,BR,2,SW-80180C0,N,1.04167,Rapido-2,50,1350,1200,30*3,9.50,1709.58,11.11,A1605-24090172-1F,N,32.64,32.30,-0.34,,27.17,26.94,-0.23,18.25,18.34,0.09,,,,,,,0.28,1711,1.372,1540,0.72,1240,0.43,1385,0.013,無,0,無,0,無,0
F9302-25111286,F9302-25111286,GY,3,SW-80180C0,N,1.04167,Rapido-2,100,1350,1200,30*3,11.50,1945.39,9.09,A1605-23050031-3F,Y,34.23,34.32,0.09,,-4.45,-4.21,0.24,-0.52,-0.86,-0.34,,,,,,,0.50,1593,0.768,1142,0.2064,1430,0.16435,1201,0.141,無,0,無,0,無,0
F9302-25111294,F9302-25111294,BL,2,SCK-4100,N,1.04167,Rapido-2,400,1100,600,45*40,86.50,364.50,5.56,A1605-24040077-9A,Y,25.50,26.19,0.69,,-4.26,-4.25,0.01,-11.53,-11.59,-0.07,,,,,,,0.48,1593,1.092,1391,0.2139,1191,0.16926,無,0,無,0,無,0,無,0
F9302-25111299,F9302-25111299,BK,3,SCK-3230,N,1.66667,Rapido-2,200,1050,850,25*2,142.00,148.90,12.12,1705112-4A,N,16.14,16.24,0.09,,0.43,0.30,-0.13,-0.59,-0.38,0.22,,,,,,,0.38,1862,9.9,1724,1.4,1588,0.63,1430,0.36,1848,0.005,無,0,無,0
F9302-25111301,F9302-25111301,BK,3,SW-80216C0,Y,1.04167,Rapido-2,800,1250,1000,35*40,71.75,264.78,6.33,A1605-24030204-1D,N,17.90,18.45,0.55,,0.70,0.79,0.09,-1.91,-1.91,0.00,,,,,,,0.51,1862,7.65,1722,0.205,1430,0.07725,1863,0.005,無,0,無,0,無,0
F9302-25111314,F9302-25111314,BR,5,SCK-3714A,N,0.90278,Rapido-2,50,1250,1000,25*30,15.00,1448.27,10.00,A1605-25040183-1B,N,48.69,48.51,-0.18,,14.31,14.70,0.39,35.27,35.07,-0.21,,,,,,,0.44,1724,1,1201,0.294,1565,0.153,1142,0.134,無,0,無,0,無,0
F9302-25111334,F9302-25111334,OL,5,SW-80900C0,Y,1.04167,Rapido-2,400,1250,1000,35*40,49.50,609.84,6.02,A1605-24100184-1D,N,29.10,29.12,0.02,,-10.80,-10.36,0.44,12.57,11.91,-0.66,,,,,,,0.53,1576,1.3,1142,0.8,1722,0.21,無,0,無,0,無,0,無,0
F9302-25111336,F9302-25111336,BK,3,SCK-4100,N,1.04167,Rapido-2,400,1300,1000,45*50,83.00,236.01,5.56,A1605-24040077-2A,N,15.18,14.53,-0.65,,-0.36,-0.31,0.05,-3.27,-2.89,0.38,,,,,,,0.79,1862,9,1722,0.16,1430,0.096,無,0,無,0,無,0,無,0
F9302-25111375,F9302-25111375,CO,4,SW-80216C0,Y,1.04167,Rapido-2,800,1200,950,35*40,79.25,420.64,5.84,A1605-25030216-3G,Y,36.59,36.42,-0.17,,6.25,6.89,0.64,1.52,1.93,0.41,,,,,,,0.78,1430,0.41768,1576,0.2844,1142,0.22464,1588,0.072675,無,0,無,0,無,0
F9302-25111383,F9302-25111383,GY,4,SK-1083C0,N,1.25,Rapido-2,50,1200,1000,25*3,15.00,1860.67,7.50,A1605-25010034-1A,Y,66.11,58.68,-7.43,,7.60,9.37,1.76,-2.28,0.16,2.44,,,,,,,4.48,1576,0.285,1724,0.234,1430,0.0165,無,0,無,0,無,0,無,0
F9302-25111385,F9302-25111385,GR,5,SK-1107C0,N,0.83333,Rapido-2,50,1200,900,25X2,26.00,982.12,7.50,A1605-25100016-2C,N,39.92,38.54,-1.38,,-33.76,-33.08,0.68,11.05,9.79,-1.26,,,,,,,1.06,1567,1.1,1191,0.81,1580,0.027,無,0,無,0,無,0,無,0
F9302-25111387,F9302-25111387,BL,2,SCK-4100,N,1.04167,Rapido-2,400,1100,600,45*40,75.00,325.51,5.75,A1605-24040077-9A,N,25.50,25.49,-0.01,,-4.26,-4.23,0.03,-11.53,-11.53,0.00,,,,,,,0.03,1593,1.128,1391,0.2208,1191,0.17298,無,0,無,0,無,0,無,0
F9302-25111392,F9302-25111392,BK,3,SCK-4100,N,1.04167,Rapido-2,400,1300,1000,45*50,77.50,311.48,5.52,A1605-24040077-2A,N,15.18,14.57,-0.62,,-0.36,-0.15,0.20,-3.27,-2.90,0.38,,,,,,,0.80,1862,2.6,1722,0.16,1430,0.096,無,0,無,0,無,0,無,0
F9302-25111394,F9302-25111394,WH,1,SK-1008C0,N,0.83333,Rapido-2,400,1250,1000,25*20,89.00,227.40,12.50,A1605-22060153-5E,N,86.89,87.13,0.24,,-0.95,-0.91,0.04,4.94,4.66,-0.27,,,,,,,0.30,1111,0.0159,1310,0.01224,1510,0.0093,無,0,無,0,無,0,無,0
F9302-25111406,F9302-25111406,BL,5,SW-80697C0,Y,1.04167,Rapido-2,200,1200,900,35*40,49.00,254.35,8.70,A1605-25090208-1A,N,40.55,40.88,0.34,,-12.11,-12.16,-0.05,-9.61,-9.56,0.05,,,,,,,0.19,1576,0.74244,1191,0.12348,1588,0.04312,無,0,無,0,無,0,無,0
F9302-25111430,F9302-25111430,GY,5,SK-1107C0,N,0.83333,Rapido-2,400,1200,1000,25X2,54.50,420.66,12.00,A1605-24120183-12E,N,26.12,25.72,-0.40,,0.55,0.45,-0.10,-2.52,-2.61,-0.09,,,,,,,0.33,1593,1.196,1724,0.72,1430,0.4,1191,0.1968,無,0,無,0,無,0
F9302-25111433,F9302-25111433,GY,5,SCK-3714A,N,0.90278,Rapido-2,100,1250,1000,25*30,14.50,894.14,12.50,A1605-25100091-1A,N,34.50,34.29,-0.21,,1.11,1.21,0.10,-5.96,-5.83,0.13,,,,,,,0.23,1576,0.902,1724,0.545,1391,0.162,無,0,無,0,無,0,無,0
F9302-25111502,F9302-25111502,GR,4,SW-80779C0,Y,1.04167,Rapido-2,400,1200,900,30*40,64.00,598.33,5.75,A1605-25080216-3A,Y,65.09,63.98,-1.11,,-22.37,-22.77,-0.40,61.89,60.43,-1.46,,,,,,,0.76,1191,0.66,1142,0.623,1580,0.171,1430,0.019,無,0,無,0,無,0
F9302-25111503,F9302-25111503,PU,4,SW-80216C0,Y,1.04167,Rapido-2,400,900,1000,1200,78.00,300.05,5.74,A1605-25030216-1A,N,33.73,33.92,0.19,,19.03,18.91,-0.12,-10.66,-10.20,0.46,,,,,,,0.36,1391,0.77,1578,0.27,1722,0.069,1681,0.014,無,0,無,0,無,0
F9302-25111727,F9302-25111727,WH,3,SCK-3883,Y,1.04167,Rapido-2,400,1250,1000,35*50,35.00,425.60,8.25,A1605-23050004-1D,N,89.59,89.83,0.25,,0.36,0.10,-0.26,6.28,7.08,0.80,,,,,,,0.89,1111,0.005568,1310,0.0044,1510,0.001484,無,0,無,0,無,0,無,0
F9302-25111759,F9302-25111759,BL,5,SCK-4259AM,Y,0.83333,Rapido-2,100,1250,1050,30*40,18.00,807.11,8.11,A1605-25090153-2B,N,31.16,31.64,0.47,,-2.33,-2.08,0.25,6.95,7.54,0.59,,,,,,,0.74,1578,0.83,1191,0.504,1391,0.194,1201,0.0052,無,0,無,0,無,0
F9302-25111780,F9302-25111780,BK,3,SCK-3521,N,1.04167,Rapido-1,600,1100,600,40*40,148.25,141.59,5.26,1905031-8A,N,15.26,13.97,-1.29,,0.48,0.77,0.29,-1.17,-0.96,0.22,,,,,,,1.36,1862,1.8,1724,0.605,1430,0.192,1142,0.024,1848,0.005,無,0,無,0
F9302-25111818,F9302-25111818,BL,4,SCK-3814,N,2.08333,Rapido-1,600,1250,1000,30*4,80.25,459.18,6.27,A1605-21040233-2B,Y,29.94,31.66,1.73,,-2.01,-2.18,-0.17,-15.24,-14.83,0.41,,,,,,,1.13,1593,0.6042,1565,0.441,1724,0.2424,1430,0.0966,無,0,無,0,無,0
F9302-25111823,F9302-25111823,BK,3,SCK-3814,N,2.08333,Rapido-2,800,1300,1100,30*4,62.50,272.45,6.25,2011071-4D,N,15.66,14.73,-0.93,,0.48,0.33,-0.16,-0.79,-1.06,-0.27,,,,,,,1.01,1862,3,1863,0.575,1724,0.56,1391,0.2125,無,0,無,0,無,0
F9302-25111857,F9302-25111857,OR,3,SK-1008C0,N,0.83333,Rapido-2,200,1250,1000,25*20,77.00,363.92,12.50,A1605-22060153-3D,Y,50.38,51.32,0.94,,55.52,56.00,0.47,44.30,44.64,0.34,,,,,,,0.47,1142,0.3534,1201,0.2325,1353,0.0248,1530,0.015,無,0,無,0,無,0
F9302-25111956,F9302-25111956,BK,3,SK-1288,N,2.08333,Rapido-1,600,1400,1200,40*3,68.75,261.82,6.23,A1605-24090006-1G,N,15.49,15.96,0.47,,-0.15,-0.16,-0.01,-0.25,-0.31,-0.06,,,,,,,0.47,1862,3.248,1142,0.517,1430,0.47,無,0,無,0,無,0,無,0
F9302-25112008,F9302-25112008,BK,3,SCK-3521,N,1.04167,Rapido-1,600,1100,600,40*40,165.50,150.37,4.48,1905031-8A,N,15.26,13.86,-1.40,,0.48,0.86,0.37,-1.17,-0.96,0.21,,,,,,,1.50,1862,1.8,1724,0.605,1430,0.192,1142,0.024,1848,0.005,無,0,無,0
F9302-25112226,F9302-25112226,BL,3,SW-8992C0,Y,1.04167,Rapido-2,800,1300,900,45*50,58.00,512.79,5.64,A1605-23100099-1D,Y,27.23,29.16,1.93,,1.71,1.52,-0.19,-8.15,-7.22,0.93,,,,,,,1.54,1722,0.4094,1430,0.05376,1578,0.01,無,0,無,0,無,0,無,0
F9302-25112270,F9302-25112270,BL,2,SW-80352C01,Y,0.69444,Rapido-2,600,1200,950,25*3,43.00,808.67,12.10,A1605-25050142-2B,N,52.87,52.29,-0.58,,-6.51,-6.65,-0.14,-4.49,-4.68,-0.19,,,,,,,0.34,1565,0.3,1391,0.069,1142,0.054,無,0,無,0,無,0,無,0
F9302-25112316,F9302-25112316,BK,3,SCK-3521,N,1.04167,Rapido-1,600,1100,600,40*40,164.25,140.97,4.47,1905031-8A,N,15.26,13.44,-1.82,,0.48,0.59,0.11,-1.17,-0.95,0.23,,,,,,,1.82,1724,0.605,1430,0.192,1142,0.024,1862,0.015,1848,0.005,無,0,無,0
F9302-25112335,F9302-25112335,BK,3,SW-80216C0,Y,1.04167,Rapido-2,800,1250,1000,35*40,81.25,662.38,4.67,A1605-24030204-1D,N,17.90,18.71,0.81,,0.70,-0.39,-1.09,-1.91,-2.56,-0.65,,,,,,,1.86,1863,0.36,1722,0.205,1430,0.07725,1862,0.035,無,0,無,0,無,0
F9302-25112339,F9302-25112339,BK,3,SK-1288,N,2.08333,Rapido-1,600,1400,1200,40*3,67.00,274.15,6.22,A1605-24090006-1G,N,15.49,16.02,0.53,,-0.15,-0.02,0.13,-0.25,-0.26,-0.01,,,,,,,0.55,1142,0.517,1430,0.47,1862,0.029,無,0,無,0,無,0,無,0
F9302-25112443,F9302-25112443,GY,2,SK-1085,N,0.52083,Rapido-2,400,1100,600,45*40,113.00,136.27,4.30,A1605-25050130-8E,N,71.26,70.59,-0.67,,2.59,2.92,0.32,8.08,8.14,0.06,,,,,,,0.55,1111,0.107,1310,0.1008,1510,0.000495,無,0,無,0,無,0,無,0
F9302-25112450,F9302-25112450,BL,6,SCK-3724,Y,0.69444,Rapido-2,50,1200,950,30*40,18.00,1498.44,6.58,A1605-25110009-1C,N,31.42,30.69,-0.74,,10.86,10.50,-0.36,-43.02,-42.75,0.27,,,,,,,0.51,1567,1.5,1681,0.55,1568,0.0155,1374,0.0037,無,0,無,0,無,0
F9302-25112489,F9302-25112489,GY,2,SW-80092C0,Y,1.04167,Rapido-2,400,1300,1100,30X30,45.50,765.10,6.94,1911056-1A,N,29.84,29.09,-0.75,,-0.30,-0.34,-0.05,-4.85,-4.79,0.06,,,,,,,0.48,1430,0.31,1142,0.215,1722,0.123,1578,0.0075,無,0,無,0,無,0
F9302-25112500,F9302-25112500,KH,2,SK-1133C0,N,0.83333,Rapido-2,50,1200,1000,25*2,42.50,923.76,10.53,A1605-25050081-1F,Y,63.57,63.79,0.22,,3.41,3.80,0.39,4.70,4.31,-0.39,,,,,,,0.93,1576,0.0776,1430,0.037,1142,0.03,1722,0.027,無,0,無,0,無,0
F9302-25112505,F9302-25112505,GY,2,SW-80779C0,Y,1.04167,Rapido-2,200,1300,1000,35*40,57.00,480.53,6.90,A1605-24100111-1B,Y,67.17,67.29,0.12,,-2.43,-2.30,0.12,-5.79,-6.03,-0.25,,,,,,,0.32,1310,0.05104,1111,0.03534,1510,0.00082,無,0,無,0,無,0,無,0
F9302-25112512,F9302-25112512,BL,3,SK-1288,N,2.08333,Rapido-2,400,1200,950,35*40,67.00,417.87,6.00,A1605-24090006-4O,N,28.15,27.55,-0.60,,4.03,4.55,0.52,-32.08,-31.68,0.40,,,,,,,0.63,1567,1.05,1191,0.062,1374,0.0098,1568,0.006,無,0,無,0,無,0
F9302-25112522,F9302-25112522,GR,4,SW-80352C01,Y,0.69444,Rapido-2,600,1200,1000,25*3,54.25,436.79,9.20,A1605-25030051-2A,N,33.87,32.85,-1.02,,-8.83,-9.03,-0.19,3.54,3.56,0.02,,,,,,,0.61,1576,0.65,1565,0.61,1191,0.39,1722,0.244,無,0,無,0,無,0
F9302-25112528,F9302-25112528,BL,4,SCK-3883,Y,1.04167,Rapido-2,200,1200,950,35*40,75.00,274.17,6.06,A1605-25090014-1A,N,30.92,29.21,-1.71,,1.70,1.83,0.13,-14.64,-14.29,0.35,,,,,,,1.09,1578,0.96,1391,0.28,1722,0.098,1191,0.061,無,0,無,0,無,0
F9302-25112535,F9302-25112535,BK,7,SW-80352C01,Y,0.69444,Rapido-2,300,1200,1000,25*3,69.50,490.07,9.71,A1605-25050127-1A,Y,18.39,17.34,-1.04,,1.13,0.68,-0.45,-0.26,-0.63,-0.36,,,,,,,1.23,1722,0.62,1391,0.15,1191,0.075,1862,0.035,無,0,無,0,無,0
F9302-25112562,F9302-25112562,BK,3,SCK-3894,N,1.5625,Rapido-1,600,1250,1000,40*3,69.50,359.61,6.25,A1605-21120005-1A,N,15.26,15.35,0.09,,0.48,0.39,-0.09,-1.17,-0.55,0.62,,,,,,,0.88,1722,0.682,1588,0.588,1430,0.265,1191,0.12025,1862,0.026,無,0,無,0
F9302-25112620,F9302-25112620,NB,3,SCK-3852,N,1.04167,Rapido-1,600,1350,1150,30*40,70.50,376.96,10.03,A1605-21020125-1E,N,19.01,20.10,0.06,,1.83,2.83,0.18,-14.81,-12.37,0.30,,,,,,,0.37,1578,1.955,1724,0.588,1430,0.5712,無,0,無,0,無,0,無,0
F9302-25112635,F9302-25112635,GR,4,SK-1083C0,N,1.25,Rapido-2,100,1200,950,25*3,13.00,2214.46,13.33,A1605-25030267-4A,Y,47.88,47.56,-0.32,,-27.31,-27.00,0.31,-7.41,-8.36,-0.94,,,,,,,0.69,1585,0.396,1565,0.351,1588,0.2397,1191,0.1078,無,0,無,0,無,0
F9302-25112644,F9302-25112644,BK,6,SK-1298C0,N,1.38889,Rapido-1,600,1300,1100,30*30,61.00,437.38,8.33,A1605-24120054-1C,N,15.26,15.33,0.07,,0.48,0.46,-0.02,-1.17,-1.26,-0.08,,,,,,,0.14,1863,0.99,1391,0.52,1191,0.30475,1862,0.0255,無,0,無,0,無,0
F9302-25112669,F9302-25112669,GR,2,SK-1083C0,N,1.25,Rapido-2,100,1200,950,25*3,13.00,2432.23,13.33,A1605-23040012-3A,Y,47.42,48.00,0.58,,-6.83,-6.34,0.49,4.98,4.21,-0.77,,,,,,,0.89,1576,0.3038,1142,0.0918,1201,0.085,1565,0.02716,1430,0.0165,無,0,無,0
F9302-25112692,F9302-25112692,PU,1,SCK-1420,N,0.69444,Rapido-2,200,1300,1100,30*30,61.00,301.18,8.33,A1605-24060062-1B,N,59.41,59.22,-0.20,,9.99,10.05,0.07,-1.78,-1.46,0.32,,,,,,,0.37,1391,0.145,1565,0.09,1191,0.043,無,0,無,0,無,0,無,0
F9302-25112705,F9302-25112705,BR,2,SK-1133C0,N,0.83333,Rapido-2,400,1150,900,25*2,68.50,603.74,17.65,A1605-24120095-1B,Y,63.75,64.71,0.96,,0.20,-0.37,-0.57,4.33,5.43,1.10,,,,,,,1.49,1580,0.1908,1724,0.11655,1391,0.0494,無,0,無,0,無,0,無,0
F9302-25112728,F9302-25112728,GY,4,SCK-3575,N,1.04167,Conveyor-1,300,80,260,120,496.00,63.50,5.03,A1605-25030265-1A,Y,28.12,28.79,0.67,,-0.42,-0.14,0.28,-0.83,-0.20,0.63,,,,,,,1.09,1578,0.557,1722,0.211,1191,0.201,1391,0.179,無,0,無,0,無,0
F9302-25112756,F9302-25112756,BK,6,SK-1298C0,N,1.38889,Rapido-1,600,1300,1100,30*30,73.25,365.88,8.37,A1605-24120054-1C,N,15.26,14.92,-0.34,,0.48,0.54,0.06,-1.17,-1.22,-0.04,,,,,,,0.35,1863,0.99,1391,0.52,1191,0.30475,1862,0.0255,無,0,無,0,無,0
F9302-25112765,F9302-25112765,BL,4,SCK-3521,N,1.04167,Rapido-2,400,1100,600,40*40,111.50,349.96,4.30,A1605-25080179-1A,Y,30.29,31.43,1.15,,-13.41,-13.63,-0.21,-16.59,-16.55,0.04,,,,,,,0.73,1576,0.663,1588,0.6,1565,0.2,1191,0.094,無,0,無,0,無,0
F9302-25112776,F9302-25112776,TQ,4,SW-80779C0,Y,1.04167,Rapido-2,400,1200,950,30*40,61.00,601.52,5.81,A1605-25090050-1E,N,47.28,46.30,-0.98,,1.35,1.40,0.06,-39.56,-40.15,-0.59,,,,,,,0.53,1567,0.2679,1681,0.05605,1690,0.00515,1568,0.00221,無,0,無,0,無,0
F9302-25112797,F9302-25112797,BL,3,SW-8992C0,Y,1.04167,Rapido-2,800,1300,900,45*50,58.25,560.65,4.81,A1605-23100099-1D,N,27.23,28.68,1.45,,1.71,1.48,-0.23,-8.15,-7.99,0.16,,,,,,,1.02,1578,0.88,1722,0.391,1430,0.05472,無,0,無,0,無,0,無,0
F9302-25112804,F9302-25112804,KH,2,SW-80216C0,Y,1.04167,Rapido-2,50,1250,1000,35*40,12.50,1612.32,9.09,A1605-24120093-3C,N,67.11,67.14,0.03,,0.44,0.40,-0.05,6.42,6.15,-0.27,,,,,,,0.27,1580,0.08064,1724,0.0752,1391,0.02162,無,0,無,0,無,0,無,0
F9302-25112818,F9302-25112818,BK,7,SW-80352C01,Y,0.69444,Rapido-2,300,1200,1000,25*3,59.50,433.46,10.99,A1605-25050127-1A,N,18.39,17.33,-1.06,,1.13,0.81,-0.32,-0.26,-0.43,-0.16,,,,,,,1.06,1722,0.6758,1391,0.165,1191,0.075,1862,0.035,無,0,無,0,無,0
F9302-25112825,F9302-25112825,BR,5,SK-1133C0,N,0.83333,Rapido-2,400,1150,950,25*2,147.00,197.65,11.76,A1605-25010113-1B,Y,33.66,32.59,-1.08,,11.42,11.57,0.15,11.05,10.53,-0.52,,,,,,,0.98,1724,0.814,1576,0.46,1430,0.45,1142,0.24,無,0,無,0,無,0
F9302-25112835,F9302-25112835,BK,6,SK-1298C0,N,1.38889,Rapido-1,600,1300,1100,30*30,57.50,476.73,8.30,A1605-24120054-1C,N,15.26,15.40,0.14,,0.48,0.46,-0.02,-1.17,-1.27,-0.10,,,,,,,0.20,1863,0.99,1391,0.52,1191,0.30475,1862,0.0255,無,0,無,0,無,0
F9302-25112844,F9302-25112844,BK,3,SW-80264C0,Y,1.04167,Rapido-2,600,1200,950,35*40,85.25,619.12,4.66,A1605-24050070-1B,Y,16.92,17.43,0.52,,0.43,0.75,0.32,-0.83,-1.09,-0.25,,,,,,,0.76,1863,0.45,1430,0.41,1142,0.3384,1862,0.036,無,0,無,0,無,0
F9302-25112853,F9302-25112853,NB,6,SCK-2034,N,1.04167,Rapido-1,600,1250,1000,35*40,79.50,288.03,5.51,A1605-25100071-1B,N,18.31,18.39,0.09,,0.69,0.63,-0.07,-10.28,-10.25,0.03,,,,,,,0.12,1578,1.8,1722,0.23,1430,0.125,1862,0.0085,無,0,無,0,無,0
F9302-25112856,F9302-25112856,NB,2,SK-1008C0,N,0.83333,Rapido-1,600,1250,1050,25*20,84.00,331.67,9.55,A1605-22060153-2B1,Y,20.49,21.66,1.17,,0.50,0.48,-0.02,-10.73,-11.09,-0.37,,,,,,,0.99,1593,0.62,1862,0.45,1430,0.15,無,0,無,0,無,0,無,0
F9302-25112935,F9302-25112935,GY,2,SCK-4482,Y,0.69444,Rapido-2,200,1150,850,30*40,78.00,334.79,8.33,A1605-24100066-4A,N,40.61,40.22,-0.40,,-3.69,-3.31,0.39,-6.84,-7.03,-0.19,,,,,,,0.57,1724,0.5148,1565,0.424,1578,0.3213,1391,0.06552,無,0,無,0,無,0
F9302-25112953,F9302-25112953,BL,5,SK-1298C0,N,1.38889,Rapido-2,200,1200,950,25*30,78.00,316.95,8.47,A1605-25080170-2B,N,22.65,22.43,-0.22,,0.52,0.45,-0.07,-11.97,-11.73,0.24,,,,,,,0.26,1578,1.26,1430,0.21,1722,0.2,1191,0.11,無,0,無,0,無,0
F9302-25113006,F9302-25113006,YE,0,SK-1083C0,N,1.25,Rapido-2,400,1200,950,25*3,37.00,603.81,17.78,2003187-5B,N,99.84,103.67,3.83,,-36.87,-40.39,-3.52,107.61,112.58,4.96,,,,,,,2.21,1013,0.9975,1142,0.0506,無,0,無,0,無,0,無,0,無,0
F9302-25113012,F9302-25113012,GY,5,SCK-3583,N,0.52083,Conveyor-1,300,85,270,140,511.00,60.92,5.56,A1605-25030264-2A,Y,27.64,26.93,-0.71,,-0.80,-0.33,0.47,-0.83,0.00,0.83,,,,,,,1.43,1578,0.67465,1722,0.27192,1191,0.255,1391,0.1957,無,0,無,0,無,0
F9302-25113014,F9302-25113014,BL,1,SCK-4131,N,2.08333,Rapido-2,400,1200,950,30*30,48.50,470.12,10.10,A1605-23080121-1B,Y,84.11,84.27,0.16,,-3.65,-3.92,-0.27,-5.87,-7.17,-1.30,,,,,,,1.32,1510,0.01564,1310,0.00486,1111,0.00328,無,0,無,0,無,0,無,0
F9302-25113038,F9302-25113038,PU,2,SK-1133C0,N,0.83333,Rapido-2,50,1100,900,25*2,40.50,520.59,7.50,A1605-25050080-2B,N,67.24,66.67,-0.57,,5.78,6.15,0.37,-25.92,-26.84,-0.92,,,,,,,0.58,1580,0.11,1681,0.054,1391,0.027,無,0,無,0,無,0,無,0
F9302-25113039,F9302-25113039,BK,3,SCK-3642,N,1.04167,Conveyor-1,300,88,270,140,520.00,40.23,3.35,1911198-2A,N,15.26,14.34,-0.92,,0.48,0.55,0.07,-1.17,-0.82,0.35,,,,,,,1.03,1724,0.792,1430,0.2156,1862,0.012,1848,0.006,無,0,無,0,無,0
F9302-25113126,F9302-25113126,BK,3,SCK-3642,N,1.04167,Conveyor-1,300,88,270,140,508.00,40.78,3.35,1911198-2A,N,15.26,14.51,-0.75,,0.48,0.52,0.03,-1.17,-0.93,0.25,,,,,,,0.82,1724,0.792,1430,0.2156,1862,0.012,1848,0.006,無,0,無,0,無,0
F9302-25113143,F9302-25113143,BL,4,SCK-3521,N,1.04167,Rapido-2,400,1100,600,40*40,121.00,173.03,4.29,A1605-25080179-1A,N,30.29,28.88,-1.40,,-13.41,-13.04,0.37,-16.59,-16.26,0.33,,,,,,,0.92,1576,0.7293,1588,0.66,1565,0.22,1191,0.1034,無,0,無,0,無,0
F9302-25113148,F9302-25113148,BL,5,SCK-3795SAM1,N,1.04167,Rapido-2,400,1200,950,30*40,61.50,443.98,5.00,A1605-25090168-1B,N,39.91,39.21,-0.71,,-2.67,-1.81,0.86,-38.33,-38.15,0.18,,,,,,,0.72,1567,0.96,1430,0.05,1191,0.0105,1568,0.004,無,0,無,0,無,0
F9302-25113159,F9302-25113159,BK,3,SCK-3642,N,1.04167,Conveyor-1,300,88,270,140,445.00,66.61,4.04,1911198-2A,Y,15.26,14.85,-0.41,,0.48,0.19,-0.29,-1.17,-1.13,0.04,,,,,,,0.58,1862,1.62,1724,0.792,1430,0.2156,1848,0.006,無,0,無,0,無,0
F9302-25113167,F9302-25113167,BL,5,SCK-2965,N,1.5625,Rapido-2,400,1200,900,30*40,35.00,514.66,10.00,A1605-25100112-1A,N,28.03,27.39,-0.64,,1.24,1.10,-0.14,-28.07,-27.46,0.61,,,,,,,0.53,1588,0.9,1567,0.655,1640,0.247,1191,0.057,無,0,無,0,無,0
F9302-25113185,F9302-25113185,BK,3,SW-80180,N,1.04167,Rapido-2,400,1350,1200,30*30,39.50,640.20,10.13,A1605-23060205-1A,N,19.10,18.05,-1.04,,-0.33,0.16,0.49,-1.85,-2.17,-0.31,,,,,,,1.19,1862,2.88,1724,0.4452,1430,0.20304,1848,0.005,無,0,無,0,無,0
F9302-25113205,F9302-25113205,YE,3,SW-80591C0,Y,1.04167,Rapido-2,400,1400,800,35*30,69.00,288.03,7.41,A1605-25070071-2D,N,79.86,79.60,-0.26,,15.22,15.17,-0.04,81.53,81.14,-0.39,,,,,,,0.16,1142,0.6,1201,0.0465,1722,0.02,無,0,無,0,無,0,無,0
F9302-25113229,F9302-25113229,TQ,4,SW-80779C0,Y,1.04167,Rapido-2,400,1200,950,30*40,61.00,526.02,5.75,A1605-25090050-1E,N,47.28,46.64,-0.64,,1.35,1.76,0.41,-39.56,-41.30,-1.75,,,,,,,0.86,1567,0.2679,1681,0.05605,1690,0.00515,1568,0.00221,無,0,無,0,無,0
F9302-25113233,F9302-25113233,OL,3,SK-382,N,2.08333,Rapido-2,100,1250,1000,35*40,21.00,1543.29,8.33,A1605-23110185-1A,Y,30.25,29.02,-1.23,,2.80,3.00,0.20,7.55,7.09,-0.46,,,,,,,1.01,1593,0.5888,1191,0.42925,1391,0.4085,1722,0.1995,無,0,無,0,無,0
F9302-25113278,F9302-25113278,BK,6,SK-1298C0,N,1.38889,Rapido-1,600,1300,1100,30*30,73.50,288.10,8.26,A1605-24120054-1C,N,15.26,14.88,-0.38,,0.48,0.43,-0.05,-1.17,-1.22,-0.05,,,,,,,0.39,1862,3.1365,1863,0.99,1391,0.52,1191,0.30475,無,0,無,0,無,0
F9302-25113285,F9302-25113285,BK,3,SW-8992C0,Y,1.04167,Rapido-2,400,1300,900,45*50,47.00,863.64,5.78,A1605-23050074-2A,Y,19.60,21.21,1.60,,-0.84,-0.88,-0.04,-2.03,-2.38,-0.35,,,,,,,1.42,1862,2.14,1142,0.085,1391,0.07,1848,0.005,無,0,無,0,無,0
F9302-25113291,F9302-25113291,BK,3,SCK-3642,N,1.04167,Conveyor-1,300,88,270,140,480.00,41.41,4.02,1911198-2A,N,15.26,14.03,-1.23,,0.48,0.34,-0.14,-1.17,-0.97,0.20,,,,,,,1.25,1862,1.62,1724,0.792,1430,0.2156,1848,0.006,無,0,無,0,無,0
F9302-25113314,F9302-25113314,BK,6,SK-1298C0,N,1.38889,Rapido-1,600,1300,1100,30*30,62.25,354.06,9.90,A1605-24120054-1C,N,15.26,15.24,-0.02,,0.48,0.42,-0.07,-1.17,-1.33,-0.15,,,,,,,0.23,1862,3.1365,1863,0.99,1391,0.52,1191,0.30475,無,0,無,0,無,0
F9302-25113338,F9302-25113338,KH,2,SK-1008C0,N,0.83333,Rapido-2,400,1200,950,25*20,57.50,302.56,12.00,A1605-25070179-1E,N,74.03,74.01,-0.03,,0.78,0.82,0.04,7.09,7.25,0.16,,,,,,,0.16,1111,0.079055,1310,0.0676,1510,0.00043,無,0,無,0,無,0,無,0
F9302-25113347,F9302-25113347,GR,4,SW-80352C01,Y,0.69444,Rapido-2,400,1200,1000,25*3,61.00,506.72,8.51,A1605-25030051-2A,N,33.87,32.06,-1.81,,-8.83,-9.00,-0.16,3.54,3.45,-0.09,,,,,,,1.06,1576,0.65,1565,0.61,1191,0.39,1722,0.244,無,0,無,0,無,0
F9302-25113367,F9302-25113367,BL,5,SCK-3795SAM1,N,1.04167,Rapido-2,400,1200,950,30*40,47.50,493.68,6.67,A1605-25090168-1B,N,39.91,39.00,-0.92,,-2.67,-1.81,0.85,-38.33,-38.10,0.23,,,,,,,0.78,1567,0.96,1430,0.05,1191,0.0105,1568,0.004,無,0,無,0,無,0
F9302-25113538,F9302-25113538,BL,3,SCK-3562,N,0.69444,Rapido-2,100,1250,1000,30*30,24.00,1132.88,7.50,A1605-22030003-1A,N,21.46,21.76,0.30,,0.50,0.57,0.07,-11.76,-11.86,-0.10,,,,,,,0.26,1593,2.016,1724,0.7314,1578,0.616,1430,0.3542,無,0,無,0,無,0
F9302-25113553,F9302-25113553,BK,3,SK-1008C0,N,0.83333,Rapido-1,600,1250,1050,25*20,331.00,68.71,12.00,A1605-24040031-1A,N,17.72,17.80,0.08,,-0.85,-0.94,-0.08,-2.86,-3.26,-0.41,,,,,,,0.51,1862,3.193,1724,0.252,1430,0.115,無,0,無,0,無,0,無,0
F9302-25113554,F9302-25113554,BL,3,SW-80351C0,Y,0.69444,Rapido-2,300,1250,1000,30*30,76.00,536.14,11.32,2003188-11A,N,30.25,29.83,-0.43,,-7.88,-7.37,0.51,-14.54,-14.50,0.04,,,,,,,0.52,1576,1.06,1585,0.693,1578,0.485,1191,0.135,1201,0.0616,無,0,無,0
F9302-25113561,F9302-25113561,RE,6,SCK-3714A,N,0.90278,Rapido-2,100,1200,950,25*30,14.50,1084.83,10.00,A1605-25110089-1A,N,45.52,44.55,-0.97,,59.57,60.44,0.87,27.49,28.32,0.83,,,,,,,0.66,1353,2.1,1384,1.5,1191,0.17,無,0,無,0,無,0,無,0
F9302-25113626,F9302-25113626,RW,7,SCK-2114,N,0.69444,Rapido-2,100,1300,1100,25*20,38.00,532.37,8.11,A1605-25100054-1B1,N,25.98,25.67,-0.31,,21.96,22.34,0.38,3.11,3.71,0.61,,,,,,,0.59,1722,0.55,1384,0.22,1430,0.1,1576,0.06,無,0,無,0,無,0
F9302-25113670,F9302-25113670,YE,1,SK-1216C0,N,0.83333,Rapido-2,200,1250,1000,25*20,91.00,234.45,12.50,A1605-24040078-2B,N,91.31,91.83,0.51,,-0.91,-0.97,-0.06,8.52,8.77,0.25,,,,,,,0.29,1111,0.01274,1310,0.005452,1510,0.00184,無,0,無,0,無,0,無,0
F9302-25113681,F9302-25113681,BK,3,SCK-3230,N,1.66667,Rapido-2,200,1150,950,25*2,104.00,274.39,20.00,A1605-24040033-1A,N,16.08,14.76,-1.32,,-0.10,-0.07,0.02,-2.40,-2.15,0.25,,,,,,,1.32,1862,3.15,1724,0.285,1430,0.1125,無,0,無,0,無,0,無,0
F9302-25113685,F9302-25113685,BL,5,SK-1288,N,2.08333,Rapido-2,400,1250,1050,35*40,63.50,622.58,5.00,A1605-25070127-3A,Y,25.05,25.00,-0.05,,-8.20,-7.28,0.92,-18.74,-19.21,-0.48,,,,,,,0.92,1588,1.8,1578,0.9,1191,0.065,1430,0.012,無,0,無,0,無,0
F9302-25113687,F9302-25113687,OL,5,SCK-4489,N,0.52083,Conveyor-1,300,80,260,140,471.00,64.16,4.18,A1605-25030076-7A,N,30.10,30.24,0.13,,-2.37,-2.13,0.25,13.65,14.15,0.50,,,,,,,0.50,1565,0.83,1142,0.5096,1201,0.443,1430,0.23,無,0,無,0,無,0
F9302-25113701,F9302-25113701,BL,5,SCK-3034,Y,0.69444,Rapido-2,200,1250,1000,35*40,76.00,287.25,5.13,A1605-24060191-1D,N,28.16,27.49,-0.67,,-6.23,-5.91,0.32,-19.22,-18.59,0.62,,,,,,,0.61,1565,1.3,1578,1.3,1191,0.156,無,0,無,0,無,0,無,0
F9302-25113705,F9302-25113705,BK,3,SW-80216C0,Y,1.04167,Rapido-2,800,1250,1000,35*40,75.25,436.39,4.87,A1605-24030204-1D,N,17.90,18.34,0.44,,0.70,0.67,-0.03,-1.91,-2.00,-0.09,,,,,,,0.41,1862,2.975,1863,0.36,1722,0.205,1430,0.07725,無,0,無,0,無,0
F9302-25113765,F9302-25113765,GR,2,SW-80074C0,Y,1.04167,Rapido-2,400,1300,900,45*40,63.50,396.19,4.76,A1605-24120121-5B,N,45.00,44.94,-0.06,,-0.03,0.21,0.23,11.16,11.38,0.21,,,,,,,0.35,1565,0.4266,1191,0.27,1430,0.1734,1201,0.1692,無,0,無,0,無,0
F9302-25113767,F9302-25113767,NB,3,SK-1216C0,N,0.83333,Rapido-2,400,1250,1000,25*2,63.50,344.02,9.84,A1605-24040023-1E,N,22.19,22.04,-0.14,,2.52,2.70,0.18,-14.51,-13.89,0.62,,,,,,,0.55,1593,0.88065,1578,0.855,1724,0.485,1430,0.46,無,0,無,0,無,0
F9302-25113828,F9302-25113828,KH,2,SW-80180,N,1.04167,Rapido-2,400,1350,1200,30*3,51.50,238.68,7.69,A1605-24020057-1D,N,63.96,63.73,-0.24,,1.70,1.89,0.18,10.75,10.57,-0.18,,,,,,,0.34,1565,0.0585,1142,0.0512,1430,0.046,1201,0.02,無,0,無,0,無,0
F9302-25113831,F9302-25113831,OL,5,SCK-4489,N,0.52083,Conveyor-1,300,80,260,140,453.00,88.61,3.35,A1605-25030076-7A,Y,30.10,30.09,-0.01,,-2.37,-1.88,0.49,13.65,13.61,-0.04,,,,,,,0.54,1565,0.83,1142,0.4851,1201,0.443,1430,0.2254,無,0,無,0,無,0
F9302-25113850,F9302-25113850,BL,3,SCK-3673,N,0.69444,Rapido-2,600,1300,1100,30*30,59.75,616.44,6.45,A1605-22060154-1C,Y,52.34,51.80,-0.54,,-19.10,-18.16,0.94,-32.26,-32.56,-0.30,,,,,,,0.68,1585,1.133,1568,0.3876,1191,0.0102,1391,0.00975,無,0,無,0,無,0
F9302-25113853,F9302-25113853,BK,3,SCK-3605,N,1.04167,Rapido-1,600,1300,1100,限上走30*40,63.50,515.42,6.27,A1605-21040068-1F,N,15.78,16.02,0.24,,0.01,0.16,0.16,-1.76,-1.55,0.21,,,,,,,0.42,1862,3.5,1863,1.6,1588,0.7,1430,0.6,1142,0.3,無,0,無,0
F9302-25113889,F9302-25113889,GY,2,SCK-3852,N,1.04167,Rapido-1,600,1350,1150,30*40,67.50,445.93,4.71,A1605-21040039-3AG,N,74.78,73.64,-1.14,,-1.32,-1.54,-0.22,-0.95,-0.89,0.06,,,,,,,0.53,1578,0.0469,1722,0.01,1391,0.0084,1142,0.006,無,0,無,0,無,0
F9302-25113904,F9302-25113904,BK,3,SCK-1838S,N,0.69444,Rapido-2,400,1300,1100,30*30,62.50,538.27,5.71,A1605-24020003-9B,N,16.99,16.45,-0.54,,0.16,0.12,-0.04,-2.39,-2.40,-0.01,,,,,,,0.51,1862,4.4,1724,0.261,1391,0.0022,無,0,無,0,無,0,無,0
F9302-25113918,F9302-25113918,RE,2,SK-1008C0,N,0.83333,Rapido-2,400,1200,900,25*20,64.00,478.03,13.56,A1605-25050135-1F,Y,55.82,55.88,0.05,,17.31,17.93,0.62,2.77,3.05,0.29,,,,,,,0.46,1391,0.25,1565,0.083,1191,0.07,無,0,無,0,無,0,無,0
F9302-25113931,F9302-25113931,BK,3,SK-1216C0,N,0.83333,Rapido-2,400,1250,1000,25*20,65.00,733.52,10.00,A1605-24040023-2F,Y,17.97,17.56,-0.41,,0.16,-0.18,-0.34,-2.43,-2.83,-0.40,,,,,,,0.78,1862,2.99,1863,0.45,1724,0.2635,1430,0.168,無,0,無,0,無,0
F9302-25114010,F9302-25114010,OL,5,SCK-4489,N,0.52083,Conveyor-1,300,80,260,140,450.00,33.68,4.18,A1605-25030076-7A,N,30.10,29.56,-0.54,,-2.37,-2.52,-0.15,13.65,13.61,-0.04,,,,,,,0.38,1565,0.8632,1142,0.5096,1201,0.43857,1430,0.23,無,0,無,0,無,0
F9302-25114038,F9302-25114038,GY,1,SK-1288,N,2.08333,Rapido-2,300,1200,950,35*40,69.00,400.83,3.98,A1605-25070127-5B,N,80.17,80.03,-0.14,,-0.72,-0.86,-0.14,-1.36,-1.12,0.24,,,,,,,0.39,1510,0.019,1310,0.018,1111,0.0135,無,0,無,0,無,0,無,0
F9302-25114044,F9302-25114044,WH,1,SCK-4489,N,0.52083,Rapido-2,400,1050,800,40*50,131.50,132.56,3.86,A1605-25030076-10A,N,83.84,83.81,-0.03,,-0.54,-0.30,0.24,2.20,2.13,-0.06,,,,,,,0.32,1310,0.0126,1111,0.01232,1510,0.0099,無,0,無,0,無,0,無,0
F9302-25114058,F9302-25114058,BK,3,SCK-3605,N,1.04167,Rapido-1,600,1300,1100,限上走30*40,78.00,430.18,4.50,A1605-21040068-1F,N,15.78,15.87,0.09,,0.01,0.09,0.09,-1.76,-1.58,0.18,,,,,,,0.28,1862,3.5,1863,1.6,1588,0.7,1430,0.6,1142,0.3,無,0,無,0
F9302-25114060,F9302-25114060,CO,4,SW-80216C0,Y,1.04167,Rapido-2,800,1200,950,35*40,99.00,382.20,5.15,A1605-25030216-3G,Y,35.45,37.02,1.57,,6.70,6.16,-0.54,1.68,1.45,-0.23,,,,,,,1.04,1430,0.4086,1576,0.29072,1142,0.22464,1588,0.07497,無,0,無,0,無,0
F9302-25114123,F9302-25114123,BK,3,SK-1083C0,N,1.25,Rapido-2,400,1200,950,25*3,35.50,579.30,16.00,2003187-2B,N,18.35,18.73,0.38,,0.71,0.57,-0.15,-2.91,-2.91,0.01,,,,,,,0.39,1861,1.302,1848,0.8,1722,0.3325,1430,0.21,無,0,無,0,無,0
F9302-25114131,F9302-25114131,PU,3,SW-80352C01,Y,0.69444,Rapido-2,200,1200,1000,25*30(2025/11/27),43.00,515.70,13.79,A1605-25090001-5A,N,44.85,43.73,-1.12,,5.62,5.79,0.17,-10.54,-11.14,-0.60,,,,,,,0.74,1565,0.414,1391,0.28,1142,0.0454,無,0,無,0,無,0,無,0
F9302-25114132,F9302-25114132,BR,3,SW-80352C01,Y,0.69444,Rapido-2,400,1200,1000,25*30(2025/11/27),35.50,805.86,16.67,A1605-25090001-2A,Y,44.89,44.19,-0.69,,4.32,4.41,0.09,4.30,3.31,-0.99,,,,,,,1.44,1576,0.312,1391,0.209,1142,0.122,1722,0.058,無,0,無,0,無,0
F9302-25114135,F9302-25114135,YE,2,SW-80352C01,Y,0.69444,Rapido-2,200,1200,950,25*20(2025/11/27),37.00,388.46,16.00,A1605-25090001-7A,N,74.79,74.52,-0.27,,5.39,5.56,0.17,43.49,43.32,-0.16,,,,,,,0.19,1142,0.115,1722,0.045,1565,0.01,無,0,無,0,無,0,無,0
F9302-25114139,F9302-25114139,YE,3,SW-80352C01,Y,0.69444,Rapido-2,200,1200,950,25*20(2025/11/27),33.00,447.73,20.00,A1605-25110024-2A,N,66.50,69.67,3.17,,7.02,22.65,15.63,63.37,68.88,5.51,,,,,,,9.53,1142,0.705,1722,0.107,1391,0.022,無,0,無,0,無,0,無,0
F9302-25114140,F9302-25114140,OL,2,SW-80352C01,Y,0.69444,Rapido-2,100,1200,1000,25*300(2025/11/27),15.50,1466.26,10.00,A1605-25090001-4B,N,55.60,55.49,-0.12,,-8.22,-8.06,0.16,11.20,10.86,-0.33,,,,,,,0.27,1565,0.198,1191,0.15,1391,0.045,1722,0.028,無,0,無,0,無,0
F9302-25114144,F9302-25114144,BK,3,SCK-3605,N,1.04167,Rapido-1,600,1300,1100,限上走30*40,72.50,369.56,5.26,A1605-21040068-1F,N,15.78,15.78,0.00,,0.01,0.10,0.10,-1.76,-1.61,0.15,,,,,,,0.24,1862,3.5,1863,1.6,1588,0.7,1430,0.6,1142,0.3,無,0,無,0
F9302-25114159,F9302-25114159,BL,3,SW-80352C01,Y,0.69444,Rapido-2,100,1200,1000,25*30(2025/11/27),25.50,546.78,10.87,A1605-25090001-3B,N,43.34,43.91,0.57,,-4.00,-4.06,-0.06,-12.45,-12.56,-0.11,,,,,,,0.30,1565,0.67,1391,0.11,1191,0.061,1722,0.029,無,0,無,0,無,0
F9302-25114163,F9302-25114163,OR,3,SCK-4489,N,0.52083,Rapido-2,400,1050,800,40*50,131.50,175.40,4.63,A1605-25030076-5B,Y,63.56,64.20,0.63,,22.51,21.58,-0.93,57.87,57.11,-0.76,,,,,,,0.65,1201,0.26,1142,0.22,1722,0.12,1565,0.0135,無,0,無,0,無,0
F9302-25114178,F9302-25114178,GY,2,SW-80352C01,Y,0.69444,Rapido-2,50,1200,950,25*20(2025/11/27),16.00,1276.19,10.00,A1605-25110024-3B,N,66.23,66.56,0.32,,-0.39,-0.24,0.15,-12.36,-12.43,-0.07,,,,,,,0.23,1510,0.105,1310,0.0645,1111,0.017,無,0,無,0,無,0,無,0
F9302-25114180,F9302-25114180,RE,6,SCK-3521,N,1.04167,Rapido-2,400,1100,600,40*40,109.00,128.23,5.02,A1605-25090048-2A,N,30.47,30.37,-0.10,,32.76,32.54,-0.22,23.41,23.27,-0.14,,,,,,,0.13,1383,2.12,1201,0.7,1142,0.506,1565,0.18,無,0,無,0,無,0
F9302-25114188,F9302-25114188,NB,6,SCK-3714A,N,0.90278,Rapido-2,400,1250 ,1000,30*30,43.00,530.51,10.00,A1605-24040003-2K,N,19.73,19.06,-0.66,,0.62,0.89,0.27,-9.13,-8.98,0.15,,,,,,,0.68,1578,1.575,1862,1.05,1391,0.75,1191,0.2415,無,0,無,0,無,0
F9302-25114212,F9302-25114212,OL,4,SW-80352C01,Y,0.69444,Rapido-2,50,1200,950,25*20(2025/11/27),16.50,1120.97,10.00,A1605-25050142-1B,N,34.53,34.90,0.37,,-1.53,-1.25,0.27,8.50,8.27,-0.23,,,,,,,0.43,1578,0.495,1191,0.41,1201,0.256,1391,0.21,無,0,無,0,無,0
F9302-25114225,F9302-25114225,GY,1,SK-1216C0,N,0.83333,Rapido-2,300,1200,1000,25*2,89.50,204.73,10.00,A1605-25090149-5A,N,52.14,51.29,-0.85,,-0.19,-0.23,-0.05,-2.52,-2.23,0.30,,,,,,,0.54,1576,0.26,1724,0.175,1391,0.029,無,0,無,0,無,0,無,0
F9302-25114240,F9302-25114240,GR,2,SW-80074C0,Y,1.04167,Rapido-2,400,1300,900,45*40,55.00,402.35,4.41,A1605-24120121-5B,Y,45.00,46.97,1.97,,-0.03,-0.10,-0.07,11.16,11.19,0.02,,,,,,,0.96,1565,0.4266,1191,0.27,1430,0.1734,1201,0.1692,無,0,無,0,無,0
F9302-25114242,F9302-25114242,GR,3,SCK-4160,N,1.04167,Rapido-2,400,1250,1000,35*40,53.00,282.28,5.03,A1605-24110022-1B,N,35.34,35.33,-0.01,,-1.10,-1.10,0.00,8.87,8.63,-0.24,,,,,,,0.21,1724,0.81,1576,0.625,1191,0.09,無,0,無,0,無,0,無,0
F9302-25114243,F9302-25114243,GY,2,SCK-3230,N,1.66667,Rapido-2,50,1050,850,25*20,14.50,1749.59,30.00,1711131-1A,N,32.95,33.45,0.51,,-0.86,-0.83,0.03,-1.88,-1.31,0.56,,,,,,,0.80,1576,0.73645,1724,0.54,1430,0.044,無,0,無,0,無,0,無,0
F9302-25114251,F9302-25114251,BR,5,SCK-4489,N,0.52083,Conveyor-1,300,80,260,140,482.00,83.92,3.88,A1605-25030076-4D,Y,36.18,35.82,-0.37,,12.63,11.93,-0.70,29.31,28.18,-1.13,,,,,,,0.70,1142,0.92,1430,0.4,1201,0.35,1565,0.235,無,0,無,0,無,0
F9302-25114252,F9302-25114252,BL,4,SK-1216C0,N,0.83333,Rapido-2,400,1200,950,25*30,70.00,319.81,10.00,A1605-25090149-7A,N,28.63,28.31,-0.32,,2.35,2.43,0.08,-22.76,-22.55,0.21,,,,,,,0.25,1578,1.15,1430,0.24,1191,0.035,無,0,無,0,無,0,無,0
F9302-25114308,F9302-25114308,BL,6,SW-80352C01,Y,0.69444,Rapido-2,50,1200,950,25*20(2025/11/27),16.00,1528.88,7.50,A1605-25090001-6B,N,25.13,24.32,-0.81,,-1.05,-0.53,0.52,-26.56,-27.31,-0.75,,,,,,,0.83,1568,1.5,1578,1.5,1681,0.12,1142,0.007225,無,0,無,0,無,0
F9302-25114313,F9302-25114313,RW,6,SCK-4489,N,0.52083,Conveyor-1,300,80,260,140,492.00,80.72,3.85,A1605-25030076-3A,N,24.58,24.49,-0.09,,11.86,12.61,0.75,1.63,2.51,0.89,,,,,,,1.10,1724,1.18,1430,0.67,1578,0.42,無,0,無,0,無,0,無,0
F9302-25114314,F9302-25114314,GR,1,SCK-4489,N,0.52083,Conveyor-1,300,80,260,140,494.00,33.04,3.86,A1605-25030076-6D,N,78.42,78.36,-0.07,,-8.52,-8.51,0.02,2.35,2.30,-0.04,,,,,,,0.06,1510,0.03,1111,0.02725,1310,0.01017,無,0,無,0,無,0,無,0
F9302-25114316,F9302-25114316,BL,4,SCK-3804,Y,1.04167,Rapido-2,100,刮毛1000,800,40*50,1.50,14424.67,7.89,A1605-24120092-2E,N,40.13,39.20,-0.94,,7.59,7.79,0.20,-39.17,-37.93,1.24,,,,,,,0.78,1565,0.6696,1690,0.342,1681,0.29925,1142,0.006636,無,0,無,0,無,0
F9302-25114333,F9302-25114333,BK,3,SCK-3852,N,1.04167,Rapido-1,600,1350,1150,30*40,82.00,400.01,4.50,A1605-21040039-1C,N,15.59,16.31,0.72,,0.06,0.18,0.12,-1.62,-1.53,0.10,,,,,,,0.73,1862,4.8,1863,0.55,1430,0.42,1142,0.2925,無,0,無,0,無,0
F9302-25114346,F9302-25114346,PU,2,SCK-3724,Y,0.69444,Rapido-2,100,1250,1000,30*40,21.50,796.88,7.69,A1605-24090191-6A,N,28.00,28.24,0.24,,6.85,6.93,0.08,-7.54,-7.38,0.16,,,,,,,0.26,1578,1.0282,1391,0.8099,1722,0.22325,1142,0.1344,無,0,無,0,無,0
F9302-25114366,F9302-25114366,GR,2,SK-1083C0,N,1.25,Rapido-2,200,1200,950,25*30,73.00,281.15,8.70,A1605-25110042-1B,N,60.18,60.46,0.28,,-4.04,-3.90,0.14,29.52,29.45,-0.08,,,,,,,0.16,1191,0.2668,1565,0.08832,1391,0.06256,1201,0.02392,無,0,無,0,無,0
F9302-25114446,F9302-25114446,BL,2,SCK-4160,N,1.04167,Rapido-2,400,1250,1000,40*30,54.00,342.69,5.00,A1605-23110198-3A,N,19.33,18.97,-0.36,,-0.75,-0.55,0.20,-7.83,-7.28,0.55,,,,,,,0.63,1578,1.881,1724,1.078,1430,0.2024,無,0,無,0,無,0,無,0
F9302-25114470,F9302-25114470,CO,4,SW-80216C0,Y,1.04167,Rapido-2,800,1200,950,30*5,78.75,1191.25,5.14,A1605-25030216-3G,N,35.45,38.27,2.81,,6.70,8.08,1.38,1.68,1.65,-0.03,,,,,,,2.08,1430,0.44492,1576,0.30968,1142,0.234,1588,0.07497,無,0,無,0,無,0
F9302-25114485,F9302-25114485,GR,3,SCK-4160,N,1.04167,Rapido-2,400,1250,1000,35*40,64.50,249.92,5.06,A1605-24110022-1B,N,35.34,35.09,-0.25,,-1.10,-1.01,0.09,8.87,8.76,-0.11,,,,,,,0.20,1724,0.81,1576,0.625,1191,0.09,無,0,無,0,無,0,無,0
F9302-25114494,F9302-25114494,BL,4,SK-1216C0,N,0.83333,Rapido-2,400,1200,950,25*30,67.00,529.39,10.00,A1605-25090149-7A,N,28.63,28.27,-0.36,,2.35,2.38,0.02,-22.76,-22.27,0.50,,,,,,,0.37,1578,1.15,1430,0.24,1191,0.035,無,0,無,0,無,0,無,0
F9302-25120065,F9302-25120065,GY,1,SCK-1405,N,0.69444,Rapido-2,300,1200,950,25*20,109.50,137.48,6.61,A1605-24060107-1B,N,63.99,64.06,0.07,,-0.63,-0.36,0.26,-4.59,-4.45,0.14,,,,,,,0.37,1510,0.13312,1310,0.12375,1111,0.07884,無,0,無,0,無,0,無,0
F9302-25120073,F9302-25120073,GR,7,SW-80779C0,Y,1.04167,Rapido-2,400,1250,1000,35*40,50.50,640.10,5.56,A1605-25080195-1A,N,28.23,27.97,-0.26,,-18.00,-17.78,0.22,-4.04,-4.09,-0.04,,,,,,,0.23,1565,1,1191,0.546,1576,0.011,1588,0.0078,無,0,無,0,無,0
F9302-25120076,F9302-25120076,BL,2,SCK-4160,N,1.04167,Rapido-2,400,1250,1000,40*30,53.50,329.14,5.05,A1605-23110198-3A,N,19.33,19.03,-0.31,,-0.75,-0.62,0.13,-7.83,-7.34,0.48,,,,,,,0.53,1578,2.97,1430,0.2024,1724,0.011,無,0,無,0,無,0,無,0
F9302-25120095,F9302-25120095,BL,5,SCK-4191,N,1.04167,Rapido-2,400,1250,1000,25*30,47.00,629.89,13.33,A1605-25030023-2A,N,23.24,23.33,0.09,,8.13,7.57,-0.56,-26.66,-26.13,0.54,,,,,,,0.49,1576,1.8832,1374,1.1752,1565,0.63,1191,0.002914,無,0,無,0,無,0
F9302-25120123,F9302-25120123,GY,2,SW-80074C0,Y,1.04167,Rapido-2,400,1200,800,45*40,108.00,504.83,4.26,A1605-24120121-2A,Y,56.73,58.86,2.12,,0.53,0.91,0.38,7.94,8.04,0.11,,,,,,,1.06,1565,0.1773,1191,0.0873,1201,0.0747,1430,0.06885,無,0,無,0,無,0
F9302-25120124,F9302-25120124,GY,4,SW-80074C0,Y,1.04167,Rapido-2,400,1200,800,45*40,102.00,741.00,4.78,A1605-24120121-4A,N,30.28,33.71,3.43,,-0.54,0.74,1.28,-2.19,-0.05,2.14,,,,,,,3.92,1593,2.4,1191,0.30875,1722,0.1862,1391,0.0044,無,0,無,0,無,0
F9302-25120141,F9302-25120141,BK,5,SCK-4609,N,1.04167,Rapido-2,300,1250,1000,30*40,68.00,257.18,4.44,A1605-25090087-2D,N,18.13,18.30,0.18,,-0.68,-0.34,0.34,-1.93,-1.99,-0.05,,,,,,,0.49,1578,1,1430,0.66,1191,0.61,1862,0.018,無,0,無,0,無,0
F9302-25120158,F9302-25120158,NB,3,SK-637,N,1.04167,Rapido-2,50,1200,950,30*40,8.00,2876.00,11.76,A1605-22050045-2F,N,21.83,21.68,-0.15,,-0.99,-0.94,0.05,-11.52,-11.42,0.11,,,,,,,0.15,1593,1.368,1724,0.46354,1430,0.14841,無,0,無,0,無,0,無,0
F9302-25120159,F9302-25120159,GY,4,SW-80461C0,Y,1.04167,Rapido-2,200,1300,900,35*30,32.00,965.75,9.09,A1605-25110025-1A,N,34.41,34.59,0.17,,-0.30,-0.21,0.09,-4.52,-4.12,0.40,,,,,,,0.46,1576,0.8075,1724,0.47025,1391,0.1596,1191,0.0475,無,0,無,0,無,0
F9302-25120175,F9302-25120175,GY,2,SCK-3804,Y,1.04167,Rapido-2,100,刮毛1000,800,40*50,22.00,607.32,6.58,A1605-24120116-1D,N,73.10,71.43,-1.67,,-2.57,-2.66,-0.09,1.52,1.57,0.05,,,,,,,0.65,1111,0.055,1310,0.051,1510,0.051,無,0,無,0,無,0,無,0
F9302-25120179,F9302-25120179,BK,3,SW-80779C0,Y,1.04167,Rapido-2,400,1300,1100,35*40,73.50,484.04,4.37,A1605-23110101-1D,N,16.25,17.42,1.17,,0.67,0.82,0.15,-0.70,-1.23,-0.53,,,,,,,1.38,1722,0.44,1862,0.036,1588,0.015,1848,0.007,無,0,無,0,無,0
F9302-25120186,F9302-25120186,GY,5,SK-1107C0,N,0.83333,Rapido-2,400,1200,1000,25X2,57.00,812.42,12.50,A1605-24120183-12E2,Y,26.18,25.16,-1.02,,0.82,0.59,-0.23,-2.28,-2.46,-0.18,,,,,,,0.80,1593,3,1724,0.057,1430,0.045,1191,0.018,無,0,無,0,無,0
F9302-25120188,F9302-25120188,RE,6,SCK-3521,N,1.04167,Rapido-2,400,1100,600,40*40,107.50,137.55,5.04,A1605-25090048-2A,N,30.47,30.17,-0.30,,32.76,32.47,-0.29,23.41,23.04,-0.37,,,,,,,0.29,1383,3,1201,0.7,1142,0.506,1565,0.18,無,0,無,0,無,0
F9302-25120190,F9302-25120190,BK,3,SCK-3716,N,1.04167,Rapido-2,200,1250,1050,35*40,37.00,678.97,8.33,A1605-21040077-2A,N,16.54,15.98,-0.56,,0.56,0.53,-0.03,-1.41,-1.23,0.17,,,,,,,0.58,1722,0.72,1588,0.315,1430,0.147,1862,0.0335,無,0,無,0,無,0
F9302-25120194,F9302-25120194,BK,3,SCK-3852,N,1.04167,Rapido-1,600,1350,1150,30*40,81.50,399.60,4.51,A1605-21040039-1C,N,15.59,16.36,0.76,,0.06,0.25,0.19,-1.62,-1.52,0.10,,,,,,,0.81,1430,0.42,1142,0.2925,1862,0.04,1863,0.005,無,0,無,0,無,0
F9302-25120196,F9302-25120196,BK,3,SCK-3642,N,1.04167,Conveyor-1,300,85,260,140,377.00,84.92,5.03,1911198-2A,Y,15.26,14.75,-0.51,,0.48,0.61,0.12,-1.17,-1.02,0.15,,,,,,,0.57,1724,0.792,1430,0.2156,1862,0.012,1848,0.006,無,0,無,0,無,0
F9302-25120202,F9302-25120202,BK,3,SW-80779C0,Y,1.04167,Rapido-2,400,1300,1100,35*40,73.00,461.93,4.44,A1605-23110101-1D,N,16.25,17.16,0.91,,0.67,0.86,0.18,-0.70,-1.23,-0.54,,,,,,,1.20,1722,0.44,1862,0.036,1588,0.015,1848,0.007,無,0,無,0,無,0
F9302-25120205,F9302-25120205,TQ,2,SCK-4223,N,1.04167,Rapido-2,800,1300,1100,30*30,68.25,271.68,5.00,A1605-24030154-1A,N,43.44,43.30,-0.14,,-34.69,-34.48,0.21,-6.93,-7.16,-0.23,,,,,,,0.19,1585,1.43,1191,0.16,1588,0.0058,無,0,無,0,無,0,無,0
F9302-25120220,F9302-25120220,BK,7,SW-80461C0,Y,1.04167,Rapido-2,200,1300,900,35*30,33.00,953.06,10.64,A1605-25110025-3C,N,17.62,17.41,-0.22,,-0.20,0.31,0.51,-0.52,-0.29,0.23,,,,,,,0.85,1191,0.52,1430,0.32,1862,0.026,無,0,無,0,無,0,無,0
F9302-25120221,F9302-25120221,OL,3,SW-80352C01,Y,0.69444,Rapido-2,50,1200,950,25*20(2025/11/27),15.50,1067.55,10.00,A1605-25110024-4B,N,62.44,62.08,-0.36,,-7.39,-7.11,0.29,34.98,34.71,-0.28,,,,,,,0.26,1191,0.41,1565,0.075,1391,0.057,無,0,無,0,無,0,無,0
F9302-25120244,F9302-25120244,BK,5,SCK-4609,N,1.04167,Rapido-2,300,1250,1000,30*40,69.50,262.56,4.44,A1605-25090087-2D,N,18.13,18.38,0.25,,-0.68,-0.30,0.38,-1.93,-1.96,-0.02,,,,,,,0.55,1430,0.66,1191,0.61,1578,0.5,1862,0.018,無,0,無,0,無,0
F9302-25120247,F9302-25120247,BK,3,SW-80779C0,Y,1.04167,Rapido-2,400,1300,1100,35*40,74.00,777.53,4.42,A1605-23110101-1D,Y,16.25,45.43,29.18,,0.67,-2.75,-3.42,-0.70,-2.43,-1.74,,,,,,,28.73,1722,0.44,1862,0.036,1588,0.015,1848,0.007,無,0,無,0,無,0
F9302-25120259,F9302-25120259,BK,3,SCK-3852,N,1.04167,Rapido-1,600,1350,1150,30*40,64.50,468.99,4.51,A1605-21040039-1C,N,15.59,15.83,0.24,,0.06,0.33,0.27,-1.62,-1.51,0.11,,,,,,,0.47,1430,0.42,1142,0.2925,1862,0.04,1863,0.005,無,0,無,0,無,0
F9302-25120278,F9302-25120278,YE,2,SK-637,N,1.04167,Rapido-2,50,1200,950,30*40,8.00,1660.50,8.33,A1605-25080221-1A,N,83.42,83.42,0.01,,3.06,2.69,-0.36,87.40,86.67,-0.73,,,,,,,0.29,1142,0.42,1201,0.03,1565,0.0019,無,0,無,0,無,0,無,0
F9302-25120286,F9302-25120286,GR,6,SCK-3521,N,1.04167,Rapido-2,400,1100,600,40*40,141.00,159.12,3.13,A1605-25090048-1B,N,20.23,19.41,-0.82,,-16.22,-16.07,0.14,-0.09,-0.07,0.02,,,,,,,0.67,1578,1.1,1191,0.9396,1430,0.0988,1588,0.013,無,0,無,0,無,0
F9302-25120317,F9302-25120317,GR,1,SCK-4191,N,1.04167,Rapido-2,400,1250,1000,25*30,65.00,345.68,10.00,A1605-25030023-1G,N,76.86,75.77,-1.09,,-13.31,-14.31,-1.00,-3.45,-4.25,-0.80,,,,,,,1.06,1510,0.05775,1111,0.023278,1310,0.00021,無,0,無,0,無,0,無,0
F9302-25120336,F9302-25120336,RE,6,SCK-3521,N,1.04167,Rapido-2,400,1100,600,40*40,55.00,265.13,8.40,A1605-25090048-2A,N,30.47,30.17,-0.30,,32.76,32.72,-0.04,23.41,23.04,-0.37,,,,,,,0.32,1383,5.3,1201,0.7,1142,0.506,1565,0.18,無,0,無,0,無,0
F9302-25120342,F9302-25120342,GR,7,SW-80779C0,Y,1.04167,Rapido-2,400,1250,1000,35*40,41.00,806.02,6.84,A1605-25080195-1A,N,28.23,28.27,0.04,,-18.00,-18.07,-0.08,-4.04,-4.20,-0.16,,,,,,,0.14,1576,1.012,1565,1,1588,0.78,1191,0.546,無,0,無,0,無,0
F9302-25120345,F9302-25120345,BK,3,SCK-3852,N,1.04167,Rapido-1,600,1350,1150,30*40,83.00,357.04,4.51,A1605-21040039-1C,N,15.59,16.22,0.63,,0.06,0.37,0.31,-1.62,-1.56,0.06,,,,,,,0.75,1430,0.42,1142,0.2925,1862,0.04,1863,0.005,無,0,無,0,無,0
F9302-25120355,F9302-25120355,TQ,2,SCK-4223,N,1.04167,Rapido-2,800,1300,1100,30*30,67.75,312.58,5.01,A1605-24030154-1A,N,43.44,43.65,0.21,,-34.69,-34.46,0.23,-6.93,-7.20,-0.28,,,,,,,0.23,1585,2.321,1191,0.16,1588,0.0058,無,0,無,0,無,0,無,0
F9302-25120412,F9302-25120412,TQ,2,SCK-4223,N,1.04167,Rapido-2,800,1300,1100,30*30,86.25,263.57,4.98,A1605-24030154-1A,N,43.44,43.40,-0.04,,-34.69,-34.44,0.25,-6.93,-7.33,-0.40,,,,,,,0.28,1585,2.321,1191,0.16,1588,0.0058,無,0,無,0,無,0,無,0
F9302-25120432,F9302-25120432,KH,2,SW-80216C0,Y,1.04167,Rapido-2,100,1250,1000,35*40,12.50,2383.20,9.09,A1605-24120093-3C,Y,67.11,67.39,0.27,,0.44,0.27,-0.18,6.42,6.13,-0.28,,,,,,,0.38,1580,0.08064,1724,0.0752,1391,0.02162,無,0,無,0,無,0,無,0
F9302-25120448,F9302-25120448,NB,6,SW-80461C0,Y,1.04167,Rapido-2,200,1300,900,35*30,35.00,773.97,10.20,A1605-25110025-2C,N,20.42,20.51,0.09,,-0.52,-0.43,0.09,-7.06,-6.95,0.11,,,,,,,0.17,1578,1.8525,1430,0.342,1722,0.342,1191,0.28975,無,0,無,0,無,0
F9302-25120453,F9302-25120453,BK,3,SCK-3852,N,1.04167,Rapido-1,600,1350,1150,30*40,82.00,377.89,4.50,A1605-21040039-1C,N,15.59,16.32,0.72,,0.06,0.28,0.22,-1.62,-1.50,0.13,,,,,,,0.79,1430,0.42,1142,0.2925,1862,0.04,1863,0.005,無,0,無,0,無,0
F9302-25120481,F9302-25120481,BK,3,SCK-3673,N,0.69444,Rapido-2,600,1300,1100,30*30,61.00,480.93,7.26,2007138-2P,N,15.33,15.03,-0.29,,0.24,0.67,0.43,-0.71,-0.73,-0.02,,,,,,,0.69,1724,1.552,1430,0.69,1191,0.152,1862,0.04,1848,0.01,1588,0.0075,無,0
F9302-25120493,F9302-25120493,TQ,2,SCK-4223,N,1.04167,Rapido-2,800,1300,1100,30*30,87.50,269.91,5.03,A1605-24030154-1A,N,43.44,43.79,0.35,,-34.69,-34.58,0.11,-6.93,-7.40,-0.47,,,,,,,0.34,1585,2.321,1191,0.16,1588,0.0058,無,0,無,0,無,0,無,0
F9302-25120496,F9302-25120496,GY,2,SCK-3852,N,1.04167,Rapido-1,600,1350,1150,30*40,66.75,516.30,4.51,A1605-21040039-3A,Y,29.96,30.20,0.24,,0.33,0.49,0.16,-2.01,-1.68,0.33,,,,,,,0.52,1578,3.3,1722,0.21,1142,0.198,1391,0.0028,無,0,無,0,無,0
F9302-25120500,F9302-25120500,GR,6,SCK-3521,N,1.04167,Rapido-2,400,1100,600,40*40,123.00,147.06,3.58,A1605-25090048-1B,N,20.23,20.91,0.69,,-16.22,-16.78,-0.57,-0.09,0.44,0.53,,,,,,,0.82,1578,2,1191,0.9396,1430,0.0988,1588,0.013,無,0,無,0,無,0
F9302-25120552,F9302-25120552 D1,BK,3,SCK-3673,N,0.69444,Rapido-2,600,1300,1100,30*30,70.50,388.00,7.59,2007138-2P,N,15.33,15.05,-0.27,,0.24,0.49,0.26,-0.71,-0.77,-0.06,,,,,,,0.47,1724,1.552,1430,0.69,1191,0.152,1862,0.04,1848,0.01,1588,0.0075,無,0
F9302-25120595,F9302-25120595,GR,3,SCK-4160,N,1.04167,Rapido-2,400,1250,1000,40*30,45.50,351.23,5.03,A1605-24110022-1B,N,35.34,34.98,-0.36,,-1.10,-1.04,0.06,8.87,8.72,-0.15,,,,,,,0.25,1724,0.81,1576,0.625,1191,0.09,無,0,無,0,無,0,無,0
F9302-25120630,F9302-25120630,TQ,2,SCK-4223,N,1.04167,Rapido-2,800,1300,1100,30*30,69.00,314.09,5.00,A1605-24030154-1A,N,43.44,43.58,0.14,,-34.69,-34.43,0.26,-6.93,-7.42,-0.49,,,,,,,0.34,1585,2.321,1191,0.16,1588,0.0058,無,0,無,0,無,0,無,0
F9302-25120651,F9302-25120651,GR,6,SCK-3716,N,1.04167,Rapido-2,100,1250,1000,35*40,18.50,2396.76,5.00,A1605-25080194-1B,Y,23.64,23.37,-0.27,,-16.42,-15.80,0.62,-0.12,-1.20,-1.08,,,,,,,1.06,1578,1.3775,1588,1.045,1191,0.86735,1430,0.0247,無,0,無,0,無,0
F9302-25120661,F9302-25120661,BK,3,SCK-3795SAM1,N,1.04167,Rapido-2,400,1200,950,35*40,59.50,375.13,7.14,A1605-22050062-1B,N,15.99,15.27,-0.72,,-0.10,0.24,0.34,-1.70,-1.44,0.26,,,,,,,0.91,1593,3,1142,0.5,1862,0.023,1848,0.02,1391,0.0075,無,0,無,0
F9302-25120707,F9302-25120707,PU,2,SCK-3714A,N,0.90278,Rapido-2,400,1250 ,1000,25*30,100.00,199.14,4.29,A1605-25030156-2B,N,65.64,65.39,-0.25,,4.04,4.53,0.49,-27.94,-28.07,-0.13,,,,,,,0.44,1580,0.075,1640,0.0315,1142,0.002,1690,0.00105,無,0,無,0,無,0
F9302-25120742,F9302-25120742,BL,4,SCK-3814,N,2.08333,Rapido-1,600,1300,1100,30*40,70.50,328.44,5.61,A1605-21040233-2B,N,29.94,30.16,0.22,,-2.01,-2.09,-0.07,-15.24,-15.04,0.20,,15.19,,,262.11,,0.22,1593,3.36,1565,0.468,1724,0.2496,1430,0.09752,無,0,無,0,無,0
F9302-25120774,F9302-25120774,BK,6,SCK-4489,N,0.52083,Conveyor-1,300,80,260,140,481.00,40.07,4.18,A1605-25030076-9D,N,17.17,17.09,-0.08,,0.20,0.38,0.18,-10.16,-10.45,-0.29,,10.45,,,272.09,,0.34,1593,3.63,1724,0.51204,1191,0.1287,1391,0.0051,無,0,無,0,無,0
F9302-25120788,F9302-25120788,BK,3,SCK-3894,N,1.5625,Rapido-2,100,1250,1000,40*30,15.00,1304.33,7.69,A1605-21120005-1A,N,15.55,14.79,-0.77,,0.37,0.39,0.02,-0.18,-0.62,-0.44,,0.73,,,302.47,,1.00,1862,2.73,1722,0.6944,1588,0.56,1430,0.30475,1191,0.13135,無,0,無,0
F9302-25120840,F9302-25120840,BK,3,SK-1083C0,N,1.25,Rapido-2,600,1200,950,25*30,55.75,408.75,10.00,2003187-2B,N,18.35,18.48,0.13,,0.71,0.57,-0.14,-2.91,-2.98,-0.07,,,,,,,0.24,1722,0.3325,1430,0.21,1861,0.014,1848,0.01,無,0,無,0,無,0
F9302-25120862,F9302-25120862,GR,3,SK-417C0,N,1.04167,Rapido-1,600,1250,1050,35*40,57.75,579.15,6.69,A1605-23070074-1B,N,39.26,39.06,-0.20,,-1.84,-1.16,0.68,12.14,13.20,1.06,,13.25,,,95.04,,1.20,1576,0.3,1191,0.289,1722,0.1105,1430,0.088,無,0,無,0,無,0
F9302-25120900,F9302-25120900,BR,4,SCK-4186,N,1.04167,Rapido-2,400,1250,1000,30*30,56.50,346.25,7.48,A1605-25030173-1A,N,37.30,36.65,-0.64,,2.60,2.77,0.16,16.34,16.15,-0.19,,,,,,,0.43,1578,3.09,1191,0.405,1722,0.405,1430,0.0891,無,0,無,0,無,0
F9302-25120907,F9302-25120907,OR,3,SW-80074C0,Y,1.04167,Rapido-2,400,1200,800,45*40,68.50,652.88,4.49,A1605-24100156-7A,N,46.75,47.49,0.74,,12.53,11.97,-0.56,23.19,21.87,-1.32,,,,,,,0.85,1142,0.4125,1565,0.2755,1350,0.2635,無,0,無,0,無,0,無,0
F9302-25120940,F9302-25120940,GR,4,SW-80779C0,Y,1.04167,Rapido-2,100,1300,1100,30*40,12.50,3219.84,10.00,A1605-25080216-3A,N,65.09,65.01,-0.08,,-22.37,-21.72,0.65,61.89,61.82,-0.06,,65.53,,,109.36,,0.31,1191,0.7128,1142,0.65415,1580,0.16245,1430,0.01976,無,0,無,0,無,0
F9302-25120965,F9302-25120965,BL,3,SCK-4489,N,0.52083,Conveyor-1,300,88,270,140,486.00,51.86,4.20,A1605-25030076-11A,N,42.77,42.57,-0.20,,-4.54,-4.41,0.14,-4.92,-5.39,-0.47,,6.96,,,230.72,,0.57,1576,0.3636,1724,0.207,1565,0.0873,1142,0.00735,無,0,無,0,無,0
F9302-25120972,F9302-25120972,BK,6,SCK-4489,N,0.52083,Conveyor-1,300,85,270,140,485.00,38.84,4.18,A1605-25030076-12B,N,15.27,14.76,-0.51,,0.46,0.44,-0.03,-1.07,-1.39,-0.31,,1.45,,,287.53,,0.67,1862,2.55,1191,0.4,1391,0.007,無,0,無,0,無,0,無,0
F9302-25120975,F9302-25120975,BL,6,SW-8797C0,Y,1.04167,Rapido-2,50,1200,950,30*40,11.50,1543.04,9.09,A1605-25090209-2A,N,38.83,38.93,0.11,,0.56,0.75,0.19,-16.43,-16.33,0.10,,,,,,,0.23,1576,0.78,1391,0.165,1191,0.046,無,0,無,0,無,0,無,0
F9302-25120976,F9302-25120976,GY,5,SW-8797C0,Y,1.04167,Rapido-2,50,1200,950,30*40,42.00,875.14,9.52,A1605-25090209-1D,N,38.06,39.97,1.91,,-4.08,-3.73,0.35,-0.28,-0.13,0.15,,3.73,,,182.05,,1.11,1565,0.8,1724,0.48,1391,0.16,1191,0.12,無,0,無,0,無,0
F9302-25120977,F9302-25120977,BK,3,SCK-3642,N,1.04167,Conveyor-1,300,88,270,140,518.00,39.06,4.24,1911198-2A,N,15.26,14.23,-1.03,,0.48,0.44,-0.04,-1.17,-1.20,-0.03,,1.28,,,290.22,,1.01,1724,0.792,1430,0.2156,1862,0.012,1848,0.006,無,0,無,0,無,0
F9302-25120978,F9302-25120978,GY,4,SW-80352C01,Y,0.69444,Rapido-2,50,1200,950,25*20(2025/11/27),15.00,2008.00,7.14,A1605-25110032-1B,N,31.95,31.10,-0.85,,0.02,0.99,0.97,-2.29,-1.99,0.30,,2.23,,,296.36,,1.46,1862,0.83,1391,0.283,1191,0.112,無,0,無,0,無,0,無,0
F9302-25120979,F9302-25120979,WH,1,SCK-4489,N,0.52083,Conveyor-1,300,85,270,140,501.00,38.04,4.18,A1605-25030076-10A,N,83.76,83.09,-0.67,,-0.30,-0.42,-0.12,2.68,2.33,-0.34,,2.37,,,100.28,,0.52,1310,0.0126,1111,0.01232,1510,0.0099,無,0,無,0,無,0,無,0
F9302-25121020,F9302-25121020,BK,3,SK-1083C0,N,1.25,Rapido-2,600,1200,950,25*30,48.50,584.27,10.95,2003187-2B,N,18.35,18.21,-0.14,,0.71,0.56,-0.16,-2.91,-2.93,-0.02,,2.99,,,280.76,,0.25,1722,0.3325,1430,0.21,1861,0.014,1848,0.01,無,0,無,0,無,0
F9302-25121021,F9302-25121021,WH,3,SCK-4186,N,1.04167,Rapido-2,400,1250,1000,30*40,60.50,615.90,9.26,A1605-23100054-2B,Y,90.10,90.21,0.11,,0.39,0.20,-0.19,5.90,7.00,1.11,,7.01,,,88.37,,1.16,1111,0.007808,1310,0.004752,1510,0.001736,無,0,無,0,無,0,無,0
F9302-25121104,F9302-25121104,PU,6,SCK-4482,Y,0.69444,Rapido-2,200,1200,950,30*40,73.00,253.07,7.59,A1605-25040093-1A,N,23.36,22.44,-0.91,,10.34,10.50,0.16,-0.49,-0.54,-0.05,,10.52,,,357.04,,0.69,1722,1.235,1578,1.197,1384,1.045,1391,0.57,無,0,無,0,無,0
F9302-25121109,F9302-25121109,NB,7,SW-80180C0,N,1.04167,Rapido-2,400,1350,1200,30*30,40.00,485.75,8.22,A1605-25080124-3C,N,20.56,20.56,0.00,,-0.50,-0.54,-0.04,-7.62,-7.46,0.16,,7.48,,,265.86,,0.16,1578,1.6,1724,0.8,1862,0.5,1430,0.19,無,0,無,0,無,0
F9302-25121117,F9302-25121117,BK,7,FS-8969C0,N,0.69444,Rapido-2,400,1250,1050,30*30,60.00,605.82,7.14,A1605-24100132-6C,N,17.34,17.29,-0.05,,0.77,0.65,-0.13,-1.39,-1.49,-0.11,,1.63,,,293.44,,0.23,1862,4.025,1578,0.875,1863,0.735,1430,0.48,1722,0.4284,1191,0.23,無,0
F9302-25121125,F9302-25121125,GR,4,SK-1288,N,2.08333,Rapido-2,400,1200,950,35*40,48.00,974.38,5.71,A1605-25070127-2A,N,70.14,69.23,-0.91,,-5.63,-6.14,-0.51,71.02,68.56,-2.46,,68.83,,,95.12,,0.96,1191,0.87,1201,0.064,1565,0.034,1724,0.0037,無,0,無,0,無,0
F9302-25121135,F9302-25121135,BK,3,SW-80134C0,Y,1.04167,Rapido-2,400,1250,800,40*40,21.00,2388.62,7.87,1910204-3A,N,16.93,16.45,-0.47,,-0.35,-0.35,0.00,-2.47,-2.99,-0.52,,3.01,,,263.42,,0.79,1861,3.7,1578,0.55,1848,0.5,1384,0.4136,1142,0.078,無,0,無,0
F9302-25121143,F9302-25121143,GR,2,SK-1083C0,N,1.25,Rapido-2,200,1200,950,25*30,68.00,252.24,8.89,A1605-25110042-1B,N,60.18,60.18,-0.15,,-4.04,-3.87,0.21,29.52,29.11,-0.37,,29.36,,,97.58,,0.24,1191,0.2668,1565,0.08832,1391,0.06256,1201,0.02392,無,0,無,0,無,0
F9302-25121149,F9302-25121149,BK,7,FS-8969C0,N,0.69444,Rapido-2,400,1250,1050,30*30,70.50,406.45,7.69,A1605-24100132-6C,N,17.34,17.52,0.18,,0.77,0.82,0.05,-1.39,-1.41,-0.03,,1.64,,,300.19,,0.19,1862,4.025,1578,0.875,1863,0.735,1430,0.48,1722,0.4284,1191,0.23,無,0
F9302-25121165,F9302-25121165,BL,1,SCK-4068,Y,1.04167,Rapido-2,50,1250,1000,35*40,6.50,3932.92,9.38,A1605-25050164-5B,Y,76.03,75.83,-0.20,,-2.57,-2.61,-0.04,-11.76,-12.38,-0.62,,12.65,,,258.10,,0.49,1510,0.043,1310,0.0172,1111,0.005565,無,0,無,0,無,0,無,0
F9302-25121171,F9302-25121171,WH,3,SK-1324C6,Y,1.04167,Rapido-2,50,1250,1000,35*40,8.00,2111.25,10.53,A1605-25080120-4A,N,91.32,91.31,-0.02,,1.44,1.71,0.28,4.55,4.62,0.06,,4.93,,,69.68,,0.38,1111,0.0041,1310,0.0039,1510,0.0011,無,0,無,0,無,0,無,0
F9302-25121172,F9302-25121172,OL,3,SW-80180C0,N,1.04167,Rapido-2,200,1350,1200,30*30,63.00,219.67,10.00,A1605-25100042-1A,N,51.14,50.61,-0.53,,-8.86,-8.64,0.22,7.37,6.96,-0.41,,11.09,,,141.15,,0.45,1576,0.28,1191,0.2,1391,0.067,無,0,無,0,無,0,無,0
F9302-25121185,F9302-25121185,BK,3,SCK-3549,N,1.04167,Rapido-2,300,1300,1100,30*40,51.50,538.83,6.35,1911097-1A,N,15.26,15.58,0.32,,0.48,0.67,0.18,-1.17,-1.11,0.07,,1.29,,,301.16,,0.42,1862,3.96,1724,1.056,1430,0.57,1588,0.425,1142,0.12,無,0,無,0
F9302-25121211,F9302-25121211,KH,2,SCK-4068,Y,1.04167,Rapido-2,50,1250,1000,35*40,8.00,3023.13,10.53,A1605-25080025-1A,Y,58.82,59.78,0.97,,7.20,7.30,0.10,9.73,10.12,0.39,,12.48,,,54.20,,0.57,1430,0.11655,1191,0.115,1565,0.05202,無,0,無,0,無,0,無,0
F9302-25121213,F9302-25121213,BK,6,SCK-4489,N,0.52083,Conveyor-1,300,85,270,140,453.00,81.67,4.18,A1605-25030076-12B,Y,15.27,15.09,-0.18,,0.46,0.24,-0.22,-1.07,-1.43,-0.36,,1.45,,,279.70,,0.62,1862,2.55,1391,0.714,1191,0.4,無,0,無,0,無,0,無,0
F9302-25121220,F9302-25121220,BK,5,SCK-4609,N,1.04167,Rapido-2,400,1250,1000,30*40,67.00,356.78,5.56,A1605-25090087-2D,N,18.13,18.21,0.09,,-0.68,-0.35,0.33,-1.93,-2.03,-0.10,,2.06,,,260.31,,0.47,1862,1.8,1430,0.66,1191,0.61,1578,0.5,無,0,無,0,無,0
F9302-25121229,F9302-25121229,BK,3,SK-1083C0,N,1.25,Rapido-2,600,1200,950,25*30,41.00,552.37,11.43,2003187-2B,N,18.35,18.42,0.07,,0.71,0.58,-0.13,-2.91,-3.00,-0.09,,3.06,,,280.93,,0.22,1861,1.302,1848,0.8,1722,0.3325,1430,0.21,無,0,無,0,無,0
F9302-25121235,F9302-25121235,BL,4,SCK-3814,N,2.08333,Rapido-1,600,1300,1100,30*40,70.25,475.63,5.63,A1605-21040233-2B,N,29.94,30.23,0.29,,-2.01,-2.13,-0.11,-15.24,-14.87,0.37,,15.02,,,261.86,,0.35,1593,0.6384,1565,0.468,1724,0.2496,1430,0.09752,無,0,無,0,無,0
F9302-25121236,F9302-25121236,NB,7,SW-80180C0,N,1.04167,Rapido-2,400,1350,1200,30*30,42.00,469.10,8.22,A1605-25080124-3C,N,20.56,20.20,-0.36,,-0.50,-0.46,0.04,-7.62,-7.15,0.48,,7.16,,,266.32,,0.53,1578,1.6,1724,0.8,1862,0.5,1430,0.19,無,0,無,0,無,0
F9302-25121260,F9302-25121260,BK,3,SCK-3642,N,1.04167,Conveyor-1,300,88,270,140,500.00,47.79,4.18,1911198-2A,N,15.26,14.45,-0.81,,0.48,0.57,0.08,-1.17,-0.97,0.20,,1.13,,,300.21,,0.85,1862,1.62,1724,0.792,1848,0.63,1430,0.2156,無,0,無,0,無,0
F9302-25121261,F9302-25121261,BK,3,SCK-3642,N,1.04167,Conveyor-1,300,88,270,140,515.00,38.10,4.17,1911198-2A,N,15.26,14.24,-1.03,,0.48,0.63,0.14,-1.17,-0.99,0.18,,1.17,,,302.34,,1.06,1862,1.62,1724,0.792,1848,0.63,1430,0.2156,無,0,無,0,無,0
F9302-25121294,F9302-25121294,BL,4,SCK-3814,N,2.08333,Rapido-1,600,1300,1100,30*40,73.50,338.42,5.63,A1605-21040233-2B,N,29.94,30.43,0.49,,-2.01,-2.12,-0.11,-15.24,-14.93,0.31,,15.08,,,261.90,,0.40,1593,0.6384,1565,0.468,1724,0.2496,1430,0.09752,無,0,無,0,無,0
F9302-25121312,F9302-25121312,KH,1,SCK-1420,N,0.69444,Rapido-2,200,1350,1100,30*30,59.00,374.41,8.33,A1605-25060019-1A,N,80.29,79.64,-0.65,,0.26,-0.08,-0.33,10.95,10.53,-0.42,,10.53,,,90.42,,0.60,1111,0.0545,1310,0.03,1510,0.0155,無,0,無,0,無,0,無,0
F9302-25121315,F9302-25121315,GY,4,SW-80074C0,Y,1.04167,Rapido-2,800,1200,800,45*40,62.75,865.94,4.28,A1605-24120121-4A,N,30.28,31.98,1.70,,-0.54,-1.82,-1.28,-2.19,-1.18,1.01,,2.17,,,212.91,,2.43,1593,1.0925,1391,0.352,1191,0.30875,1722,0.18816,無,0,無,0,無,0
F9302-25121319,F9302-25121319,YE,3,SW-80352C01,Y,0.69444,Rapido-2,50,1200,950,25*20(2025/11/27),15.50,1134.19,7.50,A1605-25110024-2A,N,66.50,66.51,0.01,,7.02,6.79,-0.23,63.37,62.53,-0.84,,62.89,,,83.80,,0.32,1142,0.705,1722,0.107,1565,0.022,無,0,無,0,無,0,無,0
F9302-25121325,F9302-25121325,BK,7,FS-8969C0,N,0.69444,Rapido-2,400,1250,1050,25*30,60.50,332.79,7.62,A1605-24100132-6C,N,17.34,17.38,0.04,,0.77,0.73,-0.05,-1.39,-1.52,-0.13,,1.68,,,295.61,,0.19,1862,4.025,1578,0.875,1863,0.735,1430,0.48,1722,0.4284,1191,0.23,無,0
F9302-25121353,F9302-25121353,BK,3,SK-693,N,1.04167,Rapido-2,200,1250,1000,30*30,62.00,297.65,8.47,A1605-22060206-1A,N,15.86,14.66,-1.20,,-0.30,-0.51,-0.21,-3.22,-3.26,-0.05,,3.30,,,261.13,,1.21,1862,2.25,1848,0.5,1724,0.16,1430,0.0845,1593,0.04,無,0,無,0
F9302-25121357,F9302-25121357,BK,3,SCK-3583,N,0.52083,Conveyor-1,300,85,270,140,510.00,48.61,4.04,2003192-1A,N,18.64,17.36,-1.28,,0.66,0.80,0.14,-2.63,-2.68,-0.05,,2.80,,,286.64,,1.13,1848,1.04,1862,0.78,1722,0.396,1588,0.2,1430,0.18,無,0,無,0
F9302-25121409,F9302-25121409,TQ,5,SW-80290C0,Y,1.04167,Rapido-2,50,1300,1000,35*40,6.50,4146.92,7.89,A1605-25090077-2A,N,30.64,28.72,-1.92,,6.33,7.41,1.08,-36.31,-36.63,-0.32,,37.37,,,281.43,,1.44,1565,1.1,1567,1,1576,0.25,1640,0.11,無,0,無,0,無,0
F9302-25121456,F9302-25121456,GR,6,SCK-4186,N,1.04167,Rapido-2,600,1250,1000,30*30,59.25,496.37,8.37,A1605-25030180-1A,N,28.39,28.31,-0.08,,-18.00,-17.89,0.11,-4.20,-4.31,-0.11,,18.40,,,193.54,,0.13,1576,1.161,1565,0.95,1191,0.563,1588,0.39285,無,0,無,0,無,0
F9302-25121462,F9302-25121462,BK,3,SCK-3654,N,0.90278,Rapido-1,600,1250,1000,30*30,61.50,365.51,10.00,A1605-24020002-11B,N,17.62,17.41,-0.22,,-0.30,-0.40,-0.09,-3.07,-3.23,-0.16,,3.25,,,263.02,,0.30,1862,3.6,1863,0.5,1724,0.34,1430,0.058,無,0,無,0,無,0
F9302-25121463,F9302-25121463,BK,3,SW-8992C0,Y,1.04167,Rapido-2,400,1400,1000,45*50,45.50,644.66,6.38,A1605-23050074-2A,N,19.60,20.35,0.74,,-0.84,-0.76,0.08,-2.03,-2.10,-0.07,,2.24,,,250.06,,0.64,1862,2.24,1848,0.5,1391,0.12,1142,0.119,無,0,無,0,無,0
F9302-25121488,F9302-25121488,BK,6,SCK-4489,N,0.52083,Conveyor-1,300,85,270,140,454.00,51.60,4.18,A1605-25030076-12B,N,15.27,15.32,0.05,,0.46,0.30,-0.16,-1.07,-1.03,0.04,,1.08,,,286.11,,0.24,1862,2.55,1391,0.714,1191,0.4,無,0,無,0,無,0,無,0
F9302-25121493,F9302-25121493,BK,7,FS-8969C0,N,0.69444,Rapido-2,400,1250,1050,25*30,66.50,424.48,7.69,A1605-24100132-6C,N,17.34,17.76,0.42,,0.77,0.87,0.09,-1.39,-1.41,-0.02,,1.65,,,301.67,,0.41,1862,4.025,1578,0.875,1863,0.735,1430,0.48,1722,0.4284,1191,0.23,無,0
F9302-25121534,F9302-25121534,OR,3,SW-80074C0,Y,1.04167,Rapido-2,400,1200,800,45*40,111.50,235.49,4.12,A1605-24100156-7A,N,46.75,46.94,0.19,,12.53,12.63,0.10,23.19,23.27,0.09,,26.48,,,61.52,,0.12,1142,0.4565,1350,0.2728,1565,0.2726,無,0,無,0,無,0,無,0
F9302-25121542,F9302-25121542,GR,2,SCK-4186,N,1.04167,Rapido-2,300,1250,1000,30*40,60.50,442.64,7.41,A1605-24040074-1A,N,32.74,32.12,-0.61,,0.08,0.03,-0.05,5.93,5.88,-0.06,,5.88,,,89.74,,0.37,1578,0.5724,1191,0.3774,1722,0.28028,1391,0.23067,無,0,無,0,無,0
F9302-25121559,F9302-25121559,BK,3,SW-80180,N,1.04167,Rapido-2,400,1350,1200,30*30,100.50,188.10,8.51,A1605-23060205-1A,N,19.68,18.63,-1.05,,-0.18,-0.26,-0.08,-2.21,-2.25,-0.05,,2.27,,,263.51,,0.89,1862,2.568,1848,0.5,1724,0.4293,1430,0.15604,無,0,無,0,無,0
F9302-25121561,F9302-25121561,GY,1,SK-1133C0,N,0.83333,Rapido-2,400,1150,950,25*20,125.00,177.10,9.68,A1605-25080116-1B,N,85.37,85.18,-0.19,,0.30,0.02,-0.27,1.08,0.98,-0.09,,0.98,,,88.62,,0.42,1310,0.018,1510,0.015,1111,0.013,無,0,無,0,無,0,無,0
F9302-25121599,F9302-25121599,KH,2,SW-80180,N,1.04167,Rapido-2,400,1350,1200,30*30,93.50,324.62,7.41,A1605-24020057-1D,N,63.71,64.45,0.74,,1.95,1.88,-0.07,10.25,9.54,-0.71,,9.73,,,78.83,,0.66,1565,0.0585,1142,0.0512,1430,0.046,1201,0.02,無,0,無,0,無,0
F9302-25121608,F9302-25121608,BL,3,SCK-2114,N,0.69444,Rapido-2,400,1200,1000,25*20,82.00,195.48,10.17,A1605-25100054-2C1,N,59.94,58.08,-1.86,,3.53,4.21,0.68,-33.19,-33.40,-0.21,,33.67,,,277.18,,0.95,1580,0.065,1191,0.001,無,0,無,0,無,0,無,0,無,0
F9302-25121613,F9302-25121613,GR,2,SCK-4186,N,1.04167,Rapido-2,300,1250,1000,30*40,40.00,687.18,11.11,A1605-24040074-1A,N,32.74,32.06,-0.68,,0.08,-0.04,-0.12,5.93,5.89,-0.04,,5.89,,,90.37,,0.43,1578,0.5724,1191,0.3774,1722,0.28028,1391,0.23067,無,0,無,0,無,0
F9302-25121624,F9302-25121624,BK,3,SW-80180,N,1.04167,Rapido-2,400,1350,1200,30*30,47.00,369.21,8.51,A1605-23060205-1A,N,19.68,18.80,-0.88,,-0.18,-0.16,0.02,-2.21,-2.28,-0.07,,2.28,,,266.02,,0.74,1862,2.568,1848,0.5,1724,0.4293,1430,0.15604,無,0,無,0,無,0
F9302-25121627,F9302-25121627,BL,4,SCK-3814,N,2.08333,Rapido-2,400,1300,1100,30*40,58.50,359.37,5.71,A1605-21040233-2B,N,29.94,29.95,0.02,,-2.01,-2.08,-0.07,-15.24,-14.89,0.35,,15.04,,,262.04,,0.26,1593,0.6384,1565,0.468,1724,0.2496,1430,0.09752,無,0,無,0,無,0
F9302-25121635,F9302-25121635,BL,4,SW-80180C0,N,1.04167,Rapido-2,400,1350,1200,30*30,40.00,579.75,9.20,A1605-25030194-6D,N,50.64,49.72,-0.92,,-5.35,-5.03,0.32,-44.63,-44.75,-0.12,,45.03,,,263.59,,0.47,1584,1.5,1640,0.023,1191,0.001,無,0,無,0,無,0,無,0
F9302-25121645,F9302-25121645,BL,3,SCK-3852,N,1.04167,Rapido-1,600,1350,1150,30*40,84.25,385.03,4.51,A1605-21040039-2A,N,29.85,29.28,-0.57,,5.48,5.77,0.29,-38.44,-38.03,0.42,,38.46,,,278.62,,0.48,1585,3,1584,1.8,1640,0.34944,1391,0.0297,1142,0.01484,無,0,無,0
F9302-25121663,F9302-25121663,BK,5,SCK-4609,N,1.04167,Rapido-2,400,1250,1000,30*40,59.50,399.06,5.00,A1605-25090087-2D,N,18.13,18.30,0.17,,-0.68,-0.49,0.19,-1.93,-2.00,-0.06,,2.06,,,256.33,,0.31,1862,1.8,1430,0.6468,1191,0.61,1578,0.5,無,0,無,0,無,0
F9302-25121677,F9302-25121677,BK,3,SCK-3642,N,1.04167,Conveyor-1,300,88,270,140,515.00,42.82,4.18,1911198-2A,N,15.26,14.13,-1.13,,0.48,0.55,0.06,-1.17,-0.89,0.28,,1.05,,,301.55,,1.18,1862,1.62,1724,0.792,1848,0.63,1430,0.2156,無,0,無,0,無,0
F9302-25121679,F9302-25121679,GY,2,SCK-2285,N,0.69444,Conveyor-1,300,85,270,140,421.00,36.95,5.08,A1605-24060091-1A,N,30.76,30.25,-0.51,,0.83,0.91,0.08,-1.28,-1.16,0.12,,1.48,,,308.03,,0.37,1724,0.6696,1578,0.5635,1430,0.1177,無,0,無,0,無,0,無,0
F9302-25121723,F9302-25121723,OL,3,SW-80180,N,1.04167,Rapido-2,400,1350,1200,30*30,55.00,447.24,8.51,A1605-23060205-5A,Y,38.07,38.28,0.21,,-0.73,-0.31,0.42,10.61,11.08,0.48,,11.09,,,91.61,,0.69,1724,0.658,1565,0.5808,1142,0.1958,1430,0.1577,無,0,無,0,無,0
F9302-25121744,F9302-25121744,GY,1,SK-1133C0,N,0.83333,Rapido-2,400,1150,950,25*20,99.00,190.61,12.00,A1605-25080116-1B,N,85.37,85.56,0.19,,0.30,-0.06,-0.36,1.08,1.23,0.15,,1.23,,,92.81,,0.56,1310,0.018,1510,0.015,1111,0.013,無,0,無,0,無,0,無,0
F9302-25121766,F9302-25121766,BK,5,SCK-4609,N,1.04167,Rapido-2,400,1250,1000,30*40,60.00,371.08,4.97,A1605-25090087-2D,N,18.13,18.37,0.25,,-0.68,-0.38,0.30,-1.93,-1.83,0.10,,1.87,,,258.26,,0.47,1862,1.8,1430,0.6468,1191,0.61,1578,0.5,無,0,無,0,無,0
F9302-25121767,F9302-25121767,GY,2,SCK-2285,N,0.69444,Conveyor-1,300,85,270,140,424.00,40.77,5.08,A1605-24060091-1A,N,30.76,30.74,-0.02,,0.83,0.95,0.12,-1.28,-1.15,0.13,,1.49,,,309.69,,0.25,1724,0.6696,1578,0.5635,1430,0.1177,無,0,無,0,無,0,無,0
F9302-25121768,F9302-25121768,BK,6,SCK-4489,N,0.52083,Conveyor-1,300,85,270,140,481.00,42.93,3.89,A1605-25030076-12B,N,15.27,15.46,0.19,,0.46,0.36,-0.10,-1.07,-1.07,0.00,,1.13,,,288.55,,0.24,1862,2.55,1391,0.714,1191,0.4,無,0,無,0,無,0,無,0
F9302-25121788,F9302-25121788,BK,3,SW-80180,N,1.04167,Rapido-2,400,1350,1200,30*30,71.50,267.55,8.51,A1605-23060205-1A,N,19.68,18.61,-1.07,,-0.18,-0.16,0.02,-2.21,-2.26,-0.05,,2.26,,,266.03,,0.90,1862,2.568,1848,0.5,1724,0.4293,1430,0.15604,無,0,無,0,無,0
F9302-25121797,F9302-25121797,GY,2,SCK-3814,N,2.08333,Rapido-2,200,1300,1100,30*40,66.00,220.24,7.50,A1605-22110058-4B,N,42.60,42.91,0.31,,-0.43,-0.24,0.19,-1.00,-1.17,-0.17,,1.20,,,258.20,,0.39,1565,0.3339,1430,0.1296,1142,0.08265,1722,0.0475,無,0,無,0,無,0
F9302-25121837,F9302-25121837,BK,7,SW-80351C0,Y,0.69444,Rapido-2,50,1250,1000,25*3,9.00,3179.22,12.50,2003188-1B,Y,18.90,18.92,0.02,,0.61,1.02,0.41,-2.56,-2.92,-0.36,,3.10,,,289.26,,0.70,1862,2.97,1430,0.5904,1142,0.204,1588,0.02,無,0,無,0,無,0
F9302-25121869,F9302-25121869,OL,5,SW-80347C0,Y,1.04167,Rapido-2,400,1400,1000,45*40,74.00,352.27,5.06,A1605-25050137-2C,N,47.32,46.05,-1.27,,4.81,5.73,0.92,-49.58,-49.35,0.23,,49.68,,,276.62,,0.87,1567,0.5625,1191,0.232,1391,0.18,1201,0.152,無,0,無,0,無,0
F9302-25121891,F9302-25121891,BK,3,SCK-4186,N,1.04167,Rapido-2,800,1250,1000,30*30,59.25,465.94,8.37,A1605-23040175-5C,N,15.33,15.82,0.48,,0.62,0.54,-0.08,-1.42,-1.23,0.20,,1.34,,,293.91,,0.55,1862,4.375,1848,0.48,1722,0.4725,1430,0.2325,1142,0.108,無,0,無,0
F9302-25121910,F9302-25121910,BK,7,SW-80779C0,Y,1.04167,Rapido-2,100,1250,1000,35*30(2025/12/12),15.50,2039.10,7.89,A1605-25080195-5A,N,17.62,18.41,0.80,,-0.07,0.22,0.29,-1.32,-1.26,0.06,,1.28,,,280.01,,0.84,1862,3.325,1863,1.33,1142,0.2185,1430,0.1235,無,0,無,0,無,0
F9302-25121995,F9302-25121995,NB,3,SW-80180C0,N,1.04167,Rapido-2,400,1350,1200,30*30,46.50,522.67,8.42,A1605-24030228-6A,Y,21.86,21.44,-0.42,,-0.68,-0.32,0.36,-9.61,-9.48,0.14,,9.48,,,268.09,,0.58,1578,1.152,1593,0.665,1430,0.516,1191,0.3344,1722,0.097,無,0,無,0
F9302-25122015,F9302-25122015,BK,3,SCK-3642,N,1.04167,Conveyor-1,300,88,270,140,514.00,39.06,4.15,1911198-2A,N,15.26,14.05,-1.21,,0.48,0.51,0.03,-1.17,-0.89,0.29,,1.03,,,299.99,,1.25,1862,1.62,1724,0.792,1848,0.63,1430,0.2156,無,0,無,0,無,0
F9302-25122036,F9302-25122036,BK,3,SW-80180C0,N,1.04167,Rapido-2,400,1350,1200,30*30,99.00,235.25,8.16,A1605-24030228-7A,Y,18.68,18.45,-0.24,,-0.01,-0.26,-0.25,-1.09,-1.58,-0.49,,1.60,,,260.80,,0.80,1862,2.8,1430,0.5412,1191,0.412,1588,0.15,無,0,無,0,無,0
F9302-25122066,F9302-25122066,GR,3,SK-1164C0,N,1.04167,Rapido-2,400,1300,1000,30*40,57.00,632.23,6.67,A1605-25100116-3C,Y,56.46,56.37,-0.09,,-11.12,-10.46,0.66,-2.24,-2.89,-0.64,,10.85,,,195.42,,0.88,1565,0.2565,1142,0.0456,1722,0.0194,1391,0.01786,無,0,無,0,無,0
F9302-25122070,F9302-25122070,RE,6,SCK-3883,Y,1.04167,Rapido-2,200,1250,1000,35*40(2025/11/26),69.00,258.26,6.25,A1605-25040126-1A,N,46.04,45.23,-0.81,,60.23,60.26,0.04,29.22,29.44,0.22,,67.07,,,26.03,,0.41,1362,2.268,1351,1.02,1201,0.22155,無,0,無,0,無,0,無,0
F9302-25122084,F9302-25122084,OR,4,SW-80180C0,N,1.04167,Rapido-2,400,1350,1200,30*30,49.50,374.00,8.70,A1605-25030194-4A,N,76.97,76.40,-0.57,,27.85,27.36,-0.48,83.64,83.32,-0.33,,87.70,,,71.82,,0.34,1142,0.47,1201,0.42,無,0,無,0,無,0,無,0,無,0
F9302-25122097,F9302-25122097,BK,6,SK-1298C0,N,1.38889,Rapido-1,600,1250,1000,30*30,72.00,427.06,7.50,A1605-24120054-1C,N,15.26,15.08,-0.19,,0.48,0.41,-0.07,-1.17,-1.29,-0.12,,1.35,,,287.83,,0.26,1862,3.1365,1863,0.99,1391,0.52,1191,0.30475,無,0,無,0,無,0
F9302-25122109,F9302-25122109,WH,3,FS-8969C0,N,0.69444,Rapido-2,400,1300,850,25*30,61.50,215.56,6.12,A1605-24100132-7A,N,88.50,88.63,0.13,,0.45,0.58,0.13,8.49,8.28,-0.21,,8.30,,,86.01,,0.27,1111,0.01533,1310,0.009408,1510,0.00297,無,0,無,0,無,0,無,0
F9302-25122122,F9302-25122122,NB,3,SW-80180C0,N,1.04167,Rapido-2,400,1350,1200,30*30,46.00,316.26,8.42,A1605-24030228-6A,N,21.86,21.50,-0.36,,-0.68,-0.44,0.24,-9.61,-9.90,-0.29,,9.91,,,267.46,,0.49,1578,1.152,1593,0.665,1430,0.534,1191,0.3344,1722,0.097,無,0,無,0
F9302-25122124,F9302-25122124,GR,0,SCK-3562,N,0.69444,Rapido-2,100,1350,1100,30*30,11.50,1995.91,7.50,A1605-25090156-6C,N,98.84,99.69,0.86,,-32.65,-32.85,-0.20,44.31,46.13,1.82,,56.63,,,125.46,,0.80,1013,0.034,1580,0.0032,無,0,無,0,無,0,無,0,無,0
F9302-25122126,F9302-25122126,OR,2,SCK-4191,N,1.04167,Rapido-2,200,1250,1000,25*30,71.00,322.49,10.00,A1605-25090123-2B,N,70.22,69.62,-0.60,,50.27,51.87,1.60,33.53,35.19,1.66,,62.68,,,34.15,,0.91,1021,0.25,1201,0.171,1580,0.0108,1191,0.0021,無,0,無,0,無,0
F9302-25122127,F9302-25122127,TQ,5,SCK-4191,N,1.04167,Rapido-2,400,1250,1000,25*30,71.00,391.00,10.00,A1605-25090123-3B,N,49.45,47.42,-2.04,,4.03,4.55,0.53,-47.27,-46.45,0.82,,46.67,,,275.60,,1.07,1584,0.82,1690,0.465,1681,0.098,無,0,無,0,無,0,無,0
F9302-25122152,F9302-25122152,OL,5,SW-80180C0,N,1.04167,Rapido-2,800,1350,1200,30*30,52.75,477.86,9.85,A1605-25030194-5A,N,34.88,34.48,-0.40,,-2.51,-2.33,0.18,14.51,14.57,0.06,,14.75,,,99.10,,0.31,1565,0.806,1142,0.49,1201,0.441,1430,0.212,無,0,無,0,無,0
F9302-25122162,F9302-25122162,OL,3,SW-80180,N,1.04167,Rapido-2,400,1350,1200,30*30,52.50,293.07,8.42,A1605-23060205-5A,N,38.07,38.33,0.26,,-0.73,-0.72,0.02,10.61,10.52,-0.09,,10.54,,,93.91,,0.16,1724,0.658,1565,0.6138,1142,0.1958,1430,0.1577,無,0,無,0,無,0
F9302-25122261,F9302-25122261,BK,3,SW-80180C0,N,1.04167,Rapido-2,800,1350,1200,30*30,46.50,377.72,9.14,A1605-24030228-7A,N,18.68,18.58,-0.11,,-0.01,-0.05,-0.05,-1.09,-1.37,-0.28,,1.37,,,267.72,,0.41,1862,2.8,1430,0.6336,1191,0.468,1588,0.15,無,0,無,0,無,0
F9302-25122262,F9302-25122262,WH,3,SW-80180C0,N,1.04167,Rapido-2,400,1350,1200,30*30,40.00,384.38,10.96,A1605-24030228-10A,N,82.99,83.29,0.31,,-1.00,-0.91,0.09,4.20,4.42,0.22,,4.52,,,101.60,,0.30,1111,0.02112,1310,0.01716,1510,0.01302,無,0,無,0,無,0,無,0
F9302-25122267,F9302-25122267,BK,6,SCK-4489,N,0.52083,Conveyor-1,300,85,260,140,483.00,51.15,4.17,A1605-25030076-9D,N,17.17,16.53,-0.64,,0.20,0.33,0.13,-10.16,-9.95,0.21,,9.95,,,271.91,,0.64,1593,2.585,1391,0.5406,1724,0.51204,1191,0.1287,無,0,無,0,無,0
F9302-25122281,F9302-25122281,GR,1,SCK-4191,N,1.04167,Rapido-2,400,1250,1000,25*30,60.50,404.73,10.00,A1605-25030023-1G,N,76.86,76.26,-0.60,,-13.31,-13.38,-0.06,-3.45,-4.03,-0.58,,13.97,,,196.75,,0.58,1510,0.05775,1111,0.023278,1310,0.00021,無,0,無,0,無,0,無,0
F9302-25122284,F9302-25122284,BR,3,SCK-4191,N,1.04167,Rapido-2,200,1250,1000,25*30,102.00,207.96,8.47,A1605-25090123-1A,N,48.80,47.77,-1.03,,4.88,4.82,-0.06,8.95,8.50,-0.44,,9.77,,,60.46,,0.66,1576,0.21,1191,0.113,1722,0.109,1391,0.107,無,0,無,0,無,0
F9302-25122292,F9302-25122292,BK,3,SW-80180C0,N,1.04167,Rapido-2,800,1350,1200,30*30,47.00,319.04,9.18,A1605-24030228-7A,N,18.68,18.26,-0.43,,-0.01,0.02,0.03,-1.09,-1.25,-0.16,,1.25,,,270.85,,0.44,1862,2.8,1430,0.6336,1191,0.468,1588,0.15,無,0,無,0,無,0
F9302-25122293,F9302-25122293,BK,6,SK-1298C0,N,1.38889,Rapido-1,600,1250,1000,30*30,73.50,386.93,7.50,A1605-24120054-1C,N,15.26,15.31,0.04,,0.48,0.38,-0.10,-1.17,-1.28,-0.11,,1.34,,,286.59,,0.21,1862,3.1365,1863,0.99,1391,0.52,1191,0.30475,無,0,無,0,無,0
F9302-25122308,F9302-25122308,OL,5,SW-80180C0,N,1.04167,Rapido-2,800,1350,1200,30*30,51.25,444.57,8.91,A1605-25030194-5A,N,34.88,34.21,-0.67,,-2.51,-2.26,0.25,14.51,14.66,0.16,,14.84,,,98.78,,0.49,1565,0.806,1142,0.49,1201,0.441,1430,0.212,無,0,無,0,無,0
F9302-25122318,F9302-25122318,KH,2,SW-80180,N,1.04167,Rapido-2,400,1350,1200,30*30,44.50,302.34,7.41,A1605-24020057-1D,N,63.71,64.01,0.30,,1.95,2.03,0.08,10.25,10.13,-0.12,,10.33,,,78.68,,0.21,1565,0.0585,1142,0.0512,1430,0.04646,1201,0.0204,無,0,無,0,無,0
F9302-25122329,F9302-25122329,GY,1,SCK-3344,N,1.04167,Rapido-2,400,1300,1050,35*40,58.00,458.83,5.00,A1605-25060007-1B,Y,80.54,80.58,0.04,,1.30,0.74,-0.56,3.23,3.11,-0.12,,3.20,,,76.63,,0.76,1310,0.022325,1111,0.02193,1510,0.01635,無,0,無,0,無,0,無,0
F9302-25122342,F9302-25122342,BK,7,SK-1008C0,N,0.83333,Rapido-2,400,1200,950,25*20,62.50,409.31,10.00,A1605-25110036-1A,N,17.29,17.20,-0.09,,-0.51,-0.23,0.28,-0.52,-0.53,-0.01,,0.58,,,246.18,,0.42,1862,2.8,1863,1,1191,0.5,1391,0.485,無,0,無,0,無,0
F9302-25122344,F9302-25122344,BK,6,SCK-4489,N,0.52083,Conveyor-1,300,85,260,120,363.00,67.47,10.13,A1605-25030076-9D,N,17.17,16.70,-0.46,,0.20,0.30,0.09,-10.16,-10.32,-0.16,,10.32,,,271.64,,0.46,1593,2.585,1391,0.5406,1724,0.51204,1191,0.1287,無,0,無,0,無,0
F9302-25122349,F9302-25122349,YE,7,SW-80779C0,Y,1.04167,Rapido-2,100,1250,1000,35*30(2025/12/12),13.50,3109.11,8.57,A1605-25090068-2A,Y,46.73,46.23,-0.50,,-0.21,-0.94,-0.74,38.91,38.13,-0.78,,38.14,,,91.42,,0.69,1191,0.58,1142,0.46,1722,0.275,1576,0.2522,無,0,無,0,無,0
F9302-25122351,F9302-25122351,CO,4,SW-80779C0,Y,1.04167,Rapido-2,100,1250,1000,35*30(2025/12/12),13.50,2044.52,8.57,A1605-25090068-4C,N,33.03,32.44,-0.59,,6.61,7.14,0.53,10.97,10.97,0.00,,13.09,,,56.94,,0.92,1724,1.05,1576,0.62,1391,0.4429,1191,0.31,無,0,無,0,無,0
F9302-25122375,F9302-25122375,BK,7,SW-80264C0,Y,1.04167,Rapido-2,800,1300,1000,35*30,77.25,474.89,4.51,A1605-25110126-1A,N,18.84,17.91,-0.93,,-0.44,-0.34,0.10,-2.60,-2.44,0.16,,2.47,,,262.11,,0.84,1862,3.5,1848,0.3,1142,0.035,無,0,無,0,無,0,無,0
F9302-25122379,F9302-25122379,RE,3,SW-80180C0,N,1.04167,Rapido-2,300,1350,1200,30*30,50.50,265.88,7.48,A1605-25030194-1B,N,52.84,52.31,-0.53,,24.47,24.53,0.05,11.30,11.82,0.52,,27.22,,,25.72,,0.50,1391,0.32,1724,0.118,1142,0.062,1565,0.0495,無,0,無,0,無,0
F9302-25122382,F9302-25122382,OL,1,SCK-3562,N,0.69444,Rapido-2,50,1350,1100,30*30,11.00,1783.82,7.50,A1605-25090127-1A,N,59.76,59.93,0.17,,-5.10,-4.40,0.69,23.58,22.35,-1.23,,22.78,,,101.15,,0.83,1142,0.21,1565,0.125,1391,0.092,無,0,無,0,無,0,無,0
F9302-25122383,F9302-25122383,BL,2,SCK-3562,N,0.69444,Rapido-2,50,1350,1100,30*30,11.50,1783.13,7.50,A1605-25090127-2A,N,49.87,49.52,-0.35,,4.75,5.15,0.41,-31.95,-32.44,-0.49,,32.85,,,279.03,,0.41,1567,0.29,1640,0.087,1580,0.085,1142,0.005,無,0,無,0,無,0
F9302-25122385,F9302-25122385,GY,1,SW-80779C0,Y,1.04167,Rapido-2,100,1250,1000,35*30(2025/12/12),21.00,892.38,5.26,A1605-25090068-5B,N,58.10,57.67,-0.43,,-0.91,-1.20,-0.29,-1.12,-0.20,0.93,,1.22,,,189.29,,1.36,1565,0.145,1724,0.125,1391,0.02744,無,0,無,0,無,0,無,0
F9302-25122422,F9302-25122422,GR,3,SW-80779C0,Y,1.04167,Rapido-2,200,1250,1000,35*40(2025/12/12),57.00,358.56,6.90,A1605-25090068-3C,N,45.39,44.54,-0.85,,-11.94,-11.42,0.52,0.17,-0.23,-0.40,,11.42,,,181.14,,0.70,1576,0.54,1191,0.17,1201,0.028,1391,0.008,無,0,無,0,無,0
F9302-25122423,F9302-25122423,BL,4,SW-80779C0,Y,1.04167,Rapido-2,200,1250,1000,35*40(2025/12/12),60.00,359.68,6.98,A1605-25090160-2A,N,37.49,36.91,-0.58,,0.47,0.74,0.27,-15.42,-15.50,-0.08,,15.52,,,272.74,,0.44,1576,0.85,1391,0.142,1722,0.0415,1191,0.0305,無,0,無,0,無,0
F9302-25122425,F9302-25122425,GY,1,SW-80779C0,Y,1.04167,Rapido-2,100,1250,1000,35*30(2025/12/12),12.50,1522.24,8.82,A1605-25090160-1A,N,79.69,79.57,-0.12,,-1.66,-1.44,0.22,0.09,-0.30,-0.40,,1.47,,,191.95,,0.62,1510,0.019,1310,0.018,1111,0.015,無,0,無,0,無,0,無,0
F9302-25122439,F9302-25122439,BL,6,SCK-3562,N,0.69444,Rapido-2,50,1250,1000,30*40,12.00,2725.00,10.00,A1605-25090156-2B,N,32.63,30.82,-1.81,,12.51,12.83,0.32,-45.01,-44.95,0.06,,46.74,,,285.93,,1.09,1567,1.1,1568,0.8,1681,0.48,1374,0.35,無,0,無,0,無,0
F9302-25122440,F9302-25122440,GY,3,SCK-3562,N,0.69444,Rapido-2,50,1250,1000,30*30,12.00,1487.00,10.00,A1605-25090156-1A,N,57.13,56.23,-0.89,,-0.62,-0.80,-0.18,-0.91,-1.24,-0.34,,1.48,,,237.32,,0.66,1565,0.22,1724,0.165,1391,0.042,無,0,無,0,無,0,無,0
F9302-25122441,F9302-25122441,CO,6,SCK-3562,N,0.69444,Rapido-2,50,1250,1000,30*30,13.00,1801.92,10.00,A1605-25090156-3A,N,33.61,33.51,-0.11,,8.44,8.98,0.54,1.61,0.93,-0.68,,9.03,,,5.92,,1.04,1391,0.78,1576,0.69,1142,0.3,無,0,無,0,無,0,無,0
F9302-25122459,F9302-25122459,BR,4,SCK-3562,N,0.69444,Rapido-2,50,1250,1000,30*30,11.50,2025.13,10.00,A1605-25090156-5A,N,47.10,46.71,-0.39,,21.35,21.04,-0.31,28.57,28.30,-0.27,,35.27,,,53.37,,0.28,1142,0.62,1350,0.22,1430,0.2,1565,0.094,無,0,無,0,無,0
F9302-25122505,F9302-25122505,RE,1,SCK-3344,N,1.04167,Rapido-2,400,1300,1050,35*40,46.50,983.55,4.44,A1605-23080103-8B,Y,77.88,78.61,0.73,,14.29,15.49,1.20,0.97,1.79,0.81,,15.60,,,6.58,,1.19,1400,0.02576,1181,0.004416,1530,0.003672,無,0,無,0,無,0,無,0
F9302-25122538,F9302-25122538,BK,6,SCK-4489,N,0.52083,Conveyor-1,300,85,270,140,482.00,46.50,4.17,A1605-25030076-9D,N,17.17,16.72,-0.44,,0.20,0.29,0.09,-10.16,-9.78,0.38,,9.78,,,271.68,,0.53,1593,2.585,1391,0.5406,1724,0.51204,1191,0.1287,無,0,無,0,無,0
F9302-25122541,F9302-25122541,GY,2,SCK-3230,N,1.66667,Rapido-2,200,1050,850,25*20,167.00,108.63,10.53,1711131-1A,N,32.95,32.47,-0.48,,-0.86,-0.83,0.03,-1.88,-1.81,0.07,,1.99,,,245.39,,0.30,1576,0.73645,1724,0.54,1430,0.044,無,0,無,0,無,0,無,0
F9302-25122555,F9302-25122555,BR,3,SK-727,N,0.52083,Conveyor-1,300,75,230,140,454.00,38.16,5.71,A1605-25010126-1B,N,52.77,50.31,-2.47,,3.17,3.64,0.47,15.55,15.69,0.14,,16.11,,,76.94,,1.24,1724,0.3456,1565,0.152,1142,0.0475,1430,0.04,無,0,無,0,無,0
F9302-25122558,F9302-25122558,PI,1,SK-1085,N,0.52083,Rapido-2,400,1100,600,45*50,92.50,182.30,4.98,A1605-25050130-3A,N,75.44,74.82,-0.60,,13.36,13.26,0.13,5.07,4.95,0.07,,14.15,,,20.46,,0.25,1310,0.09975,1111,0.04876,1510,0.01734,無,0,無,0,無,0,無,0
F9302-25122586,F9302-25122586,GR,2,SW-80074C0,Y,1.04167,Rapido-2,400,1300,900,45*40,68.00,433.04,4.80,A1605-24120121-5B,N,45.00,46.62,1.62,,-0.03,-0.14,-0.11,11.16,11.15,-0.01,,11.15,,,90.73,,0.80,1565,0.4266,1191,0.27,1430,0.1734,1201,0.1692,無,0,無,0,無,0
F9302-25122613,F9302-25122613,BR,2,SCK-2965,N,1.5625,Rapido-2,50,1200,950,30*40,9.00,2241.56,7.50,A1605-25100073-1A,N,51.73,49.77,-1.97,,6.11,6.20,0.09,15.54,13.28,-2.26,,14.66,,,65.00,,2.13,1191,0.184,1430,0.112,1576,0.098,1722,0.0432,無,0,無,0,無,0
F9302-25122614,F9302-25122614,GY,4,SCK-3549,N,1.04167,Rapido-2,50,1300,1100,30*30,8.50,3051.53,8.33,A1605-25100074-1A,N,32.12,33.06,0.94,,0.12,0.48,0.36,-1.30,-1.28,0.02,,1.37,,,290.44,,0.76,1576,0.92,1201,0.235,1391,0.22,1191,0.187,無,0,無,0,無,0
F9302-25122618,F9302-25122618,GY,2,SK-727,N,0.52083,Conveyor-1,300,75,230,140,455.00,33.55,4.98,0909165-1B,N,32.36,30.87,-1.48,,-0.48,-0.49,-0.01,0.68,0.59,-0.09,,0.76,,,129.79,,0.89,1576,0.7344,1430,0.3636,1142,0.318,無,0,無,0,無,0,無,0
F9302-25122625,F9302-25122625,BL,4,SK-1164C0,N,1.04167,Rapido-1,600,1300,1000,30*40,60.75,480.82,5.61,A1605-25100116-2D,N,40.06,40.53,0.47,,-3.82,-3.96,-0.14,-12.64,-12.74,-0.11,,13.34,,,252.74,,0.29,1565,0.76,1391,0.1653,1191,0.0912,1722,0.02375,無,0,無,0,無,0
F9302-25122633,F9302-25122633,BL,6,SW-80779C0,Y,1.04167,Rapido-2,400,1250,1000,35*30(2025/12/12),32.00,1154.16,8.33,A1605-25120036-1A,N,34.14,33.53,-0.61,,8.30,7.87,-0.44,-44.45,-44.47,-0.02,,45.16,,,280.03,,0.47,1567,1.2,1568,0.9,1034,0.0047,無,0,無,0,無,0,無,0
F9302-25122640,F9302-25122640,BK,6,SK-1298C0,N,1.38889,Rapido-1,600,1250,1000,30*30,74.75,393.70,7.56,A1605-24120054-1C,N,15.26,15.32,0.06,,0.48,0.45,-0.04,-1.17,-1.34,-0.16,,1.41,,,288.59,,0.24,1862,3.1365,1863,0.99,1391,0.52,1191,0.30475,無,0,無,0,無,0
F9302-25122645,F9302-25122645,GY,4,SCK-2965,N,1.5625,Rapido-2,50,1200,1000,30*40,9.50,2601.79,7.50,A1605-25100073-2A,N,31.82,30.13,-1.68,,0.17,0.38,0.21,-1.40,-1.83,-0.43,,1.87,,,281.78,,1.21,1576,0.862,1201,0.232,1391,0.2,1191,0.162,無,0,無,0,無,0
F9302-25122657,F9302-25122657,NB,6,SCK-4160,N,1.04167,Rapido-2,100,1250,1000,40*30,13.50,1450.44,7.50,A1605-25110131-1B,N,22.32,21.43,-0.89,,1.86,1.61,-0.25,-14.05,-14.14,-0.09,,14.23,,,276.49,,0.75,1578,1.4,1391,0.451,1191,0.118,1201,0.11,無,0,無,0,無,0
F9302-25122659,F9302-25122659,GY,2,SCK-4186EM,N,1.04167,Rapido-2,100,1250,1000,30*30,22.00,986.09,8.57,A1605-25120041-2A,N,45.70,45.36,-0.34,,-10.94,-10.76,0.18,0.37,0.16,-0.21,,10.76,,,179.16,,0.31,1576,0.303,1565,0.268,1191,0.136,1201,0.096,無,0,無,0,無,0
F9302-25122671,F9302-25122671,BL,2,SW-80425C0,Y,1.04167,Rapido-2,800,1250,900,40*30,82.00,384.96,4.24,A1605-24100020-1B,N,27.54,26.28,-1.26,,-3.54,-3.53,0.01,-7.14,-7.74,-0.60,,8.51,,,245.48,,1.02,1578,1.05,1191,0.29,1430,0.25,1722,0.088,無,0,無,0,無,0
F9302-25122705,F9302-25122705,GY,1,SCK-4191,N,1.04167,Rapido-2,400,1250,1000,25*30,48.50,429.53,10.00,A1605-25090123-4A,N,78.68,77.72,-0.96,,-1.13,-1.04,0.09,3.56,4.08,0.51,,4.21,,,104.30,,0.71,1111,0.0322,1310,0.0283,1510,0.0223,無,0,無,0,無,0,無,0
F9302-25122706,F9302-25122706,RE,1,SCK-4186,N,1.04167,Rapido-2,100,1250,1000,30*30,11.50,1697.57,11.11,A1605-25090099-4D,N,72.83,72.73,-0.10,,38.00,38.53,0.53,11.49,11.96,0.46,,40.34,,,17.24,,0.35,1350,0.06,1201,0.03,1580,0.0003,無,0,無,0,無,0,無,0
F9302-25122707,F9302-25122707,GR,3,SCK-4186EM,N,1.04167,Rapido-2,100,1250,1000,30*30,22.00,930.41,8.33,A1605-25120041-1A,N,57.91,56.60,-1.31,,-0.69,-0.48,0.21,-0.50,-0.30,0.20,,0.57,,,212.20,,0.70,1565,0.167,1724,0.138,1391,0.032,無,0,無,0,無,0,無,0
F9302-25122757,F9302-25122757,BL,5,SK-1288,N,2.08333,Rapido-2,400,1250,1000,35*40,38.50,943.79,6.61,A1605-25070127-3A,Y,24.99,24.99,0.00,,-7.82,-7.51,0.31,-18.81,-19.41,-0.60,,20.81,,,248.84,,0.53,1588,1.8,1578,0.882,1191,0.065,1430,0.0102,無,0,無,0,無,0
F9302-25122758,F9302-25122758,OR,7,SW-8947C0,Y,0.69444,Rapido-2,400,1200,900,30*40,74.00,381.84,4.21,A1605-25070076-1C,N,44.90,45.56,0.66,0.32,53.73,55.92,2.19,41.48,43.98,2.50,,71.14,1.11,,38.19,0.45,1.24,1353,3,1142,0.84,1391,0.36,無,0,無,0,無,0,無,0
F9302-25122771,F9302-25122771,OR,5,SK-1288,N,2.08333,Rapido-2,400,1250,950,35*40,42.00,595.67,8.33,A1605-25070127-4A,N,46.20,46.35,0.15,,52.28,52.41,0.13,44.21,45.15,0.94,,69.18,,,40.75,,0.53,1353,2.268,1142,0.453,1201,0.2205,1565,0.02303,無,0,無,0,無,0
F9302-25122776,F9302-25122776,TQ,5,SCK-3714A,N,0.90278,Rapido-2,400,1250 ,1000,25*30,69.50,469.74,7.92,A1605-24120191-8F,N,26.29,26.13,-0.16,,2.49,2.06,-0.43,-21.72,-22.05,-0.33,,22.15,,,275.33,,0.51,1578,1.5,1391,0.315,1191,0.051,無,0,無,0,無,0,無,0
F9302-25122794,F9302-25122794,GY,3,SK-1107C0,N,0.83333,Rapido-2,400,1200,1000,25X2,78.50,362.33,8.57,A1605-24120183-7A,N,48.71,47.92,-0.79,,0.32,0.34,0.01,0.31,0.64,0.33,,0.72,,,62.14,,0.62,1565,0.29355,1430,0.13736,1191,0.123384,1722,0.049995,無,0,無,0,無,0
F9302-25122838,F9302-25122838,BK,3,SCK-3883,Y,1.04167,Rapido-2,50,1250,1000,35*40(2025/11/26),7.50,3170.53,10.53,A1605-21050131-12A,N,16.79,17.05,0.26,,0.39,0.79,0.39,-1.44,-1.53,-0.09,,1.72,,,297.23,,0.61,1862,3.7,1848,0.5,1722,0.455,1391,0.295,1588,0.28,無,0,無,0
F9302-25122852,F9302-25122852,BK,6,SK-1298C0,N,1.38889,Rapido-1,600,1250,1000,30*30,65.25,474.57,7.56,A1605-24120054-1C,N,15.26,15.31,0.05,,0.48,0.43,-0.06,-1.17,-1.20,-0.02,,1.27,,,289.58,,0.10,1862,3.1365,1863,0.99,1391,0.52,1191,0.30475,無,0,無,0,無,0
F9302-25122853,F9302-25122853,BR,4,SK-1085,N,0.52083,Rapido-1,600,1100,600,45*50,173.25,124.08,3.10,A1605-25030054-1B,N,31.92,32.17,0.25,,10.08,10.15,0.06,10.06,10.18,0.12,,14.37,,,45.08,,0.18,1724,1.21,1576,0.311,1430,0.297,1588,0.176,無,0,無,0,無,0
F9302-25122873,F9302-25122873,RE,4,SCK-4186,N,1.04167,Rapido-2,100,1250,1000,30*30,12.00,2245.33,11.11,A1605-25090081-4B,N,55.93,55.28,-0.65,,54.25,55.89,1.64,15.91,17.33,1.42,,58.52,,,17.23,,0.95,1353,0.582,1383,0.356,1201,0.062,1580,0.0025,無,0,無,0,無,0
F9302-25122874,F9302-25122874,GR,4,SCK-4186,N,1.04167,Rapido-2,100,1250,1000,30*30,11.00,1922.73,11.11,A1605-25090081-3A,N,57.47,57.08,-0.39,,-40.60,-40.05,0.55,12.79,12.54,-0.25,,41.97,,,162.62,,0.31,1584,0.78,1191,0.252,無,0,無,0,無,0,無,0,無,0
F9302-25122897,F9302-25122897,GR,1,SCK-2965,N,1.5625,Rapido-2,50,1200,1000,30*40,8.50,2342.59,7.89,A1605-25090076-1A,N,77.53,76.58,-0.96,,-8.29,-8.34,-0.05,24.87,23.29,-1.58,,24.74,,,109.71,,0.97,1191,0.047,1565,0.022,1201,0.0113,1391,0.003,無,0,無,0,無,0
F9302-25122898,F9302-25122898,NB,7,SCK-4186,N,1.04167,Rapido-2,50,1250,1000,30*30,10.50,2782.19,8.33,A1605-25040003-3B,N,17.47,17.06,-0.42,,0.19,0.40,0.21,-6.49,-6.43,0.06,,6.44,,,273.55,,0.48,1578,2.2,1862,1,1724,0.825,1391,0.37,無,0,無,0,無,0
F9302-25122915,F9302-25122915,PU,5,SCK-3883,Y,1.04167,Rapido-2,100,1250,1000,35*30(2025/11/26),7.50,3183.07,10.53,A1605-25090126-1A,N,31.54,30.24,-1.30,,36.57,36.56,0.00,-23.91,-23.56,0.36,,43.49,,,327.20,,0.81,1374,2.09,1640,0.5415,1191,0.01425,1580,0.01425,無,0,無,0,無,0
F9302-25122944,F9302-25122944,GR,1,SCK-4186,N,1.04167,Rapido-2,100,1250,1000,30*30,11.00,2041.73,11.11,A1605-25040083-3C,N,77.49,76.45,-1.04,,-8.19,-8.74,-0.55,24.47,23.26,-1.21,,24.85,,,110.60,,0.97,1191,0.059,1565,0.027,1722,0.014,無,0,無,0,無,0,無,0
F9302-25122946,F9302-25122946,GR,2,SCK-3883,Y,1.04167,Rapido-2,100,1250,1000,35*30(2025/11/26),8.00,1916.38,10.53,A1605-25090051-2A,N,82.27,82.31,0.04,,-7.30,-8.04,-0.73,4.54,3.23,-1.31,,8.66,,,158.08,,1.68,1111,0.0193,1510,0.0174,1310,0.0061,無,0,無,0,無,0,無,0
F9302-25122947,F9302-25122947,BL,1,SK-1107C0,N,0.83333,Rapido-2,400,1200,1000,25X2,102.50,200.58,10.13,A1605-24120183-9E,N,89.61,89.27,-0.33,,-4.82,-5.10,-0.28,-4.05,-4.24,-0.18,,6.63,,,219.74,,0.35,1510,0.01296,1111,0.00192,1310,0.00113,無,0,無,0,無,0,無,0
F9302-25122957,F9302-25122957,BK,6,SK-1288,N,2.08333,Rapido-2,800,1250,1000,35*40,61.75,362.41,4.76,A1605-25070127-1A,N,18.23,18.06,-0.17,,-0.35,-0.22,0.13,-2.15,-2.07,0.08,,2.08,,,264.00,,0.25,1862,1.848,1391,0.46,1578,0.4,1191,0.28,無,0,無,0,無,0
F9302-25122958,F9302-25122958,BK,7,SCK-3714A,N,0.90278,Rapido-1,600,1250 ,1000,25*30,54.25,491.61,12.77,A1605-22030229-1C,N,18.05,17.26,-0.79,,0.46,0.75,0.30,-1.87,-1.91,-0.04,,2.06,,,291.45,,0.81,1862,3.399,1724,0.5985,1430,0.525,1142,0.2331,無,0,無,0,無,0
F9302-25122966,F9302-25122966,YE,0,SCK-3714A,N,0.90278,Rapido-2,400,1250 ,1000,30*30,90.50,284.63,9.88,2007140-1J,N,102.63,103.48,0.85,,-37.04,-36.65,0.38,110.87,113.37,2.49,,119.14,,,107.92,,0.83,1013,1.236,1191,0.07776,無,0,無,0,無,0,無,0,無,0
F9302-25122969,F9302-25122969,YE,1,SCK-3883,Y,1.04167,Rapido-2,100,1250,1000,35*30(2025/11/26),8.00,1866.63,10.53,A1605-25090051-1A,N,82.24,82.17,-0.07,,1.54,1.19,-0.35,10.48,10.16,-0.32,,10.23,,,83.34,,0.53,1111,0.031,1310,0.019,1510,0.0075,無,0,無,0,無,0,無,0
F9302-25122971,F9302-25122971,BL,2,SW-80352C01,Y,0.69444,Rapido-1,600,1200,950,25*25,52.50,550.50,13.95,A1605-25050142-2B,Y,52.87,54.04,1.16,,-6.51,-6.35,0.16,-4.49,-4.89,-0.39,,8.01,,,217.58,,0.71,1565,0.261,1391,0.06052,1142,0.04895,無,0,無,0,無,0,無,0
F9302-25122988,F9302-25122988,BL,4,SW-80661C0,Y,1.04167,Rapido-2,400,1350,1050,35*30,57.00,434.00,5.26,A1605-25060006-1B,N,29.00,28.93,-0.06,,-2.32,-2.21,0.11,-14.48,-14.80,-0.32,,14.97,,,261.51,,0.28,1578,1.02,1722,0.13515,1191,0.0404,1391,0.03741,無,0,無,0,無,0
F9302-25122990,F9302-25122990,NB,5,SW-80074C0,Y,1.04167,Rapido-2,800,1200,800,45*40,63.00,595.60,4.84,A1605-24120121-3A,N,23.19,23.76,0.57,,-2.61,-2.37,0.24,-7.22,-7.45,-0.23,,7.82,,,252.33,,0.59,1578,1.05,1576,0.98,1391,0.6868,1142,0.43065,無,0,無,0,無,0
F9302-25122998,F9302-25122998,GY,1,SCK-4186,N,1.04167,Rapido-2,50,1250,1000,30*30,10.50,2032.38,11.11,A1605-25090099-1A,N,79.71,78.93,-0.78,,-1.23,-1.27,-0.04,0.12,0.35,0.22,,1.31,,,164.70,,0.43,1310,0.0232,1510,0.023,1111,0.0208,無,0,無,0,無,0,無,0
F9302-25122999,F9302-25122999,PU,2,SCK-4186,N,1.04167,Rapido-2,50,1250,1000,30*30,11.00,1813.09,11.11,A1605-25040084-1A,N,50.94,49.97,-0.97,,4.98,6.17,1.19,-32.87,-33.68,-0.81,,34.24,,,280.39,,1.08,1681,0.227,1588,0.203,無,0,無,0,無,0,無,0,無,0
F9302-25123000,F9302-25123000,CO,4,SCK-4186,N,1.04167,Rapido-2,50,1250,1000,30*30,10.50,2188.57,11.11,A1605-25090161-5A,N,33.25,33.10,-0.15,,8.72,8.88,0.16,1.13,0.60,-0.53,,8.90,,,3.84,,0.69,1576,0.65,1391,0.648,1191,0.285,1722,0.097,無,0,無,0,無,0
F9302-25123001,F9302-25123001,BL,4,SCK-3883,Y,1.04167,Rapido-2,50,1250,1000,35*30(2025/11/26),6.50,3333.23,10.53,A1605-25090126-2A,N,36.79,34.73,-2.06,,0.61,0.81,0.20,-15.05,-15.09,-0.03,,15.11,,,273.09,,1.15,1576,0.97,1391,0.16,1722,0.052,1191,0.041,無,0,無,0,無,0
F9302-25123005,F9302-25123005,GY,4,SCK-3883,Y,1.04167,Rapido-2,100,1250,1000,35*30(2025/11/26),8.00,1540.13,10.53,A1605-25100062-1A,N,57.34,56.08,-1.26,,-0.60,-0.44,0.16,-1.13,-1.00,0.13,,1.09,,,246.37,,0.61,1565,0.185,1724,0.17,1391,0.039,無,0,無,0,無,0,無,0
F9302-25123007,F9302-25123007,OL,5,SK-1085,N,0.52083,Rapido-1,600,1100,600,45*40,105.50,188.09,4.22,A1605-25030054-3C,N,39.98,39.66,-0.32,,-10.03,-9.99,0.05,4.21,4.52,0.31,,10.96,,,155.62,,0.37,1576,0.665,1191,0.252,1201,0.181,1580,0.14,無,0,無,0,無,0
F9302-25123011,F9302-25123011,GY,2,SCK-2285,N,0.69444,Conveyor-1,300,85,270,140,424.00,36.40,5.08,A1605-24060091-1A,N,30.76,30.19,-0.57,,0.83,0.70,-0.13,-1.28,-1.43,-0.14,,1.59,,,296.13,,0.44,1724,0.6696,1578,0.5243,1430,0.1221,無,0,無,0,無,0,無,0
F9302-25123021,F9302-25123021,BK,7,SCK-3828,N,1.04167,Conveyor-1,300,80,270,140,485.00,46.54,4.41,A1605-25060044-1B,N,12.13,11.62,-0.51,,0.49,0.70,0.21,-3.29,-2.97,0.32,,3.05,,,283.28,,0.70,1862,3.15,1430,0.319,1724,0.14,無,0,無,0,無,0,無,0
F9302-25123054,F9302-25123054,BL,4,SW-80661C0,Y,1.04167,Rapido-2,400,1350,1050,35*30,52.00,502.33,5.95,A1605-25060006-1B,N,29.00,28.82,-0.18,,-2.32,-2.24,0.08,-14.48,-14.82,-0.34,,14.99,,,261.39,,0.29,1578,1.02,1722,0.13515,1191,0.0412,1391,0.03741,無,0,無,0,無,0
F9302-25123056,F9302-25123056,GY,2,SCK-2285,N,0.69444,Conveyor-1,300,85,270,140,425.00,37.98,5.08,A1605-24060091-1A,N,30.76,30.45,-0.31,,0.83,0.72,-0.11,-1.28,-1.38,-0.10,,1.56,,,297.62,,0.28,1724,0.6696,1578,0.5243,1430,0.1221,無,0,無,0,無,0,無,0
F9302-25123057,F9302-25123057,GY,2,SK-1085,N,0.52083,Rapido-1,600,1100,600,45*40,139.00,187.41,3.92,A1605-25050130-8E,N,70.92,69.50,-1.42,,2.91,3.00,0.09,8.07,8.06,-0.01,,8.60,,,69.58,,0.57,1111,0.107,1310,0.1008,1510,0.0495,無,0,無,0,無,0,無,0
F9302-25123070,F9302-25123070,KH,2,SW-80425C0,Y,1.04167,Rapido-2,400,1400,1000,45*30,55.50,532.65,6.15,A1605-24080102-1B,N,27.97,28.67,0.70,,1.58,1.86,0.28,4.57,4.75,0.18,,5.10,,,68.60,,0.61,1593,0.8928,1391,0.4142,1191,0.404,1722,0.3531,無,0,無,0,無,0
F9302-25123084,F9302-25123084,OL,2,SCK-3883,Y,1.04167,Rapido-2,50,1250,1000,35*40(2025/11/26),7.00,2541.86,7.50,A1605-22050040-2B,N,45.68,45.16,-0.53,,-10.44,-10.47,-0.04,0.53,1.56,1.02,,10.59,,,171.55,,1.11,1593,0.47,1191,0.15,1201,0.06324,1430,0.004,無,0,無,0,無,0
F9302-25123100,F9302-25123100,OL,5,SCK-3828,N,1.04167,Conveyor-1,300,80,270,140,423.00,46.76,5.26,A1605-25070130-1D,N,25.28,24.96,-0.32,,-0.79,-0.89,-0.10,6.55,6.57,0.01,,6.63,,,97.72,,0.26,1576,0.85,1722,0.37,1142,0.265,1391,0.076,無,0,無,0,無,0
F9302-25123110,F9302-25123110,BL,3,SK-1085,N,0.52083,Rapido-1,600,1100,600,40*30,170.50,330.56,3.09,A1605-25030054-7B,Y,30.17,31.73,1.56,,-4.58,-5.19,-0.61,-5.41,-5.88,-0.46,,7.84,,,228.55,,1.21,1578,0.784,1191,0.241,1391,0.15865,1201,0.133,無,0,無,0,無,0
F9302-25123114,F9302-25123114,GY,1,SCK-3714A,N,0.90278,Rapido-2,600,1250 ,1000,25*30,49.25,895.90,8.57,A1605-25030156-3B,Y,73.40,73.93,0.53,,0.81,0.75,-0.06,-5.68,-4.83,0.84,,4.89,,,278.80,,0.89,1565,0.046,1391,0.032,1191,0.0127,無,0,無,0,無,0,無,0
F9302-25123150,F9302-25123150,BK,6,SCK-3230,N,1.66667,Rapido-2,200,1050,850,25*20,164.00,166.27,10.00,A1605-25030186-1A,N,16.32,15.93,-0.40,,0.51,0.54,0.03,-2.83,-2.53,0.30,,2.59,,,282.07,,0.53,1862,2.2,1391,0.6,1578,0.5,1142,0.25,無,0,無,0,無,0
F9302-25123152,F9302-25123152,BK,6,SCK-3230,N,1.66667,Rapido-2,200,1050,850,25*20,161.00,154.53,10.00,A1605-25030186-1A,N,16.32,16.24,-0.09,,0.51,0.61,0.10,-2.83,-2.68,0.15,,2.74,,,282.75,,0.25,1862,2.2,1391,0.6,1578,0.5,1142,0.25,無,0,無,0,無,0
F9302-25123159,F9302-25123159,OL,3,SCK-4514,N,0.69444,Rapido-2,100,1250,1000,35*30,9.00,2437.89,10.00,A1605-25090049-1A,N,58.94,59.80,0.86,,-5.51,-5.19,0.32,23.27,22.44,-0.84,,23.03,,,103.02,,0.62,1142,0.19,1565,0.11349,1391,0.08,無,0,無,0,無,0,無,0
F9302-25123174,F9302-25123174,BK,6,SK-1288,N,2.08333,Rapido-2,800,1250,1000,35*40,52.00,549.65,5.61,A1605-25070127-1A,N,18.23,18.06,-0.17,,-0.35,-0.31,0.03,-2.15,-2.16,-0.01,,2.18,,,261.72,,0.15,1862,1.848,1391,0.46,1578,0.4,1191,0.28,無,0,無,0,無,0
F9302-25123175,F9302-25123175,PI,1,SCK-3883,Y,1.04167,Rapido-2,100,1250,1000,35*40(2025/11/26),8.50,2523.65,10.53,A1605-25090126-3D,N,91.89,91.09,-0.80,,5.44,6.50,1.07,-2.76,-3.27,-0.52,,7.28,,,333.27,,1.22,1033,0.0045,1690,0.000024,無,0,無,0,無,0,無,0,無,0
F9302-25123192,F9302-25123192,NB,7,SW-80105C6,N,0.69444,Rapido-2,800,1250,1000,25*30,100.25,241.67,9.09,A1605-25030181-1B,N,21.19,21.07,-0.12,,0.46,0.37,-0.09,-9.11,-9.36,-0.25,,9.37,,,272.27,,0.27,1593,1.5444,1578,1.457,1391,0.98,1142,0.35855,無,0,無,0,無,0
F9302-25123211,F9302-25123211,BL,4,SCK-3724,Y,0.69444,Rapido-2,50,1200,1000,30*30,9.00,2041.22,7.89,A1605-25100069-1A,N,36.79,36.37,-0.41,,0.73,1.03,0.30,-15.37,-15.57,-0.20,,15.60,,,273.78,,0.43,1576,1.178,1391,0.19,1722,0.06175,1191,0.04408,無,0,無,0,無,0
F9302-25123234,F9302-25123234,GR,3,SCK-4160,N,1.04167,Rapido-2,200,1250,1000,35*30,47.00,330.36,7.50,A1605-24110022-1B,N,35.34,35.02,-0.32,,-1.10,-1.01,0.09,8.87,8.72,-0.15,,8.78,,,96.62,,0.24,1724,0.81,1576,0.625,1191,0.09,無,0,無,0,無,0,無,0
F9302-25123240,F9302-25123240,GY,2,SCK-2285,N,0.69444,Conveyor-1,300,85,270,140,427.00,39.97,7.30,A1605-24060091-1A,N,30.76,30.20,-0.56,,0.83,0.80,-0.03,-1.28,-1.19,0.09,,1.44,,,303.95,,0.36,1724,0.6696,1578,0.5243,1430,0.1221,無,0,無,0,無,0,無,0
F9302-25123247,F9302-25123247,GY,4,SCK-4514,N,0.69444,Rapido-2,100,1250,1000,35*40,9.50,2984.42,10.00,A1605-25090074-2A,N,30.78,29.81,-0.97,,0.46,1.29,0.83,-1.36,-1.42,-0.06,,1.92,,,312.21,,1.30,1862,0.9,1391,0.4,1191,0.165,1588,0.085,無,0,無,0,無,0
F9302-25123248,F9302-25123248,GY,1,SCK-4514,N,0.69444,Rapido-2,100,1250,1000,35*40,12.50,1972.08,8.33,A1605-25090100-2A,N,79.46,78.61,-0.85,,-1.35,-1.49,-0.14,-0.07,0.08,0.14,,1.49,,,177.06,,0.42,1510,0.025,1310,0.0245,1111,0.0225,無,0,無,0,無,0,無,0
F9302-25123251,F9302-25123251,KH,2,SCK-4514,N,0.69444,Rapido-2,100,1250,1000,35*40,14.50,1493.38,8.33,A1605-25090100-3A,N,70.01,69.49,-0.52,,2.31,1.91,-0.41,10.19,10.58,0.39,,10.75,,,79.79,,0.78,1111,0.135,1310,0.1,1510,0.0495,無,0,無,0,無,0,無,0
F9302-25123259,F9302-25123259,BL,4,SW-80180C0,N,1.04167,Rapido-2,400,1350,1200,30*30,54.00,386.57,9.30,A1605-25030194-6D,N,50.64,50.17,-0.47,,-5.35,-5.34,0.01,-44.63,-44.21,0.41,,44.53,,,263.12,,0.27,1584,1.455,1640,0.02185,1191,0.00095,無,0,無,0,無,0,無,0
F9302-25123267,F9302-25123267,BK,7,SCK-3828,N,1.04167,Conveyor-1,300,80,270,140,501.00,45.76,4.48,A1605-25060044-1B,N,12.13,11.70,-0.43,,0.49,0.65,0.16,-3.29,-2.96,0.34,,3.03,,,282.48,,0.63,1862,3.15,1430,0.319,1724,0.14,無,0,無,0,無,0,無,0
F9302-25123272,F9302-25123272,BK,6,SCK-3230,N,1.66667,Rapido-2,200,1050,850,25*20,130.00,171.98,13.33,A1605-25030186-1A,N,16.32,15.89,-0.43,,0.51,0.42,-0.09,-2.83,-2.51,0.32,,2.55,,,279.46,,0.58,1862,2.2,1391,0.6,1578,0.5,1142,0.25,無,0,無,0,無,0
F9302-25123311,F9302-25123311,OR,3,SCW-136WP4,Y,0.69444,Rapido-2,100,1200,900,25X3,16.00,937.56,10.53,A1605-25100103-1A,N,68.25,71.72,3.47,,35.30,34.44,-0.86,59.71,60.13,0.43,,69.30,,,60.20,,1.60,1201,0.561,1722,0.056,1580,0.0017,無,0,無,0,無,0,無,0
F9302-25123321,F9302-25123321,BR,3,SCK-4186,N,1.04167,Rapido-2,50,1200,900,30*30,11.50,1857.83,8.33,A1605-25110057-1A,N,41.63,41.07,-0.57,,1.73,1.69,-0.04,5.70,5.48,-0.22,,5.73,,,72.89,,0.37,1576,0.465,1722,0.175,1191,0.174,1391,0.134,無,0,無,0,無,0
F9302-25123343,F9302-25123343,BK,5,SW-80661C0,Y,1.04167,Rapido-2,400,1350,1050,35*30,51.50,674.64,4.79,A1605-25100126-1D,N,20.56,21.23,0.67,0.54,0.09,0.22,0.13,-2.32,-2.55,-0.23,,2.56,0.30,,274.99,0.15,0.64,1862,2,1863,0.3,1430,0.2,1191,0.115,無,0,無,0,無,0
F9302-25123347,F9302-25123347,GY,2,SCK-4514,N,0.69444,Rapido-2,100,1250,1000,35*40,9.00,2347.22,10.00,A1605-25090100-4B,N,56.52,55.16,-1.36,,-0.93,-0.02,0.92,-1.25,-2.26,-1.01,,2.26,,,269.62,,1.97,1565,0.205,1391,0.086,1191,0.051,1722,0.029,無,0,無,0,無,0
F9302-25123362,F9302-25123362,BK,7,SW-80425C0,Y,1.04167,Rapido-2,800,14002025/12/16),1000,45*30,75.00,551.01,5.01,A1605-24080102-4D,Y,17.56,19.37,1.82,1.65,-0.29,-0.18,0.10,-2.56,-2.49,0.07,,2.50,-0.10,,265.77,0.13,1.66,1862,2.64,1588,0.5,1722,0.252,1430,0.105,無,0,無,0,無,0
F9302-25123363,F9302-25123363,BL,5,SCK-4514,N,0.69444,Rapido-2,100,1250,1000,35*40,9.00,2304.44,10.00,A1605-25090049-2B,N,21.22,19.53,-1.68,,0.76,0.61,-0.16,-11.80,-11.96,-0.16,,11.97,,,272.90,,1.35,1578,1.88,1430,0.54,1191,0.247,1722,0.168,無,0,無,0,無,0
F9302-25123367,F9302-25123367,GY,2,SCK-4482,Y,0.69444,Rapido-2,50,1200,950,30*40,9.50,2266.00,8.33,A1605-24100066-4A,N,40.61,41.15,0.53,,-3.69,-3.63,0.07,-6.84,-7.20,-0.36,,8.07,,,243.26,,0.47,1724,0.5148,1565,0.424,1578,0.3213,1391,0.06552,無,0,無,0,無,0
F9302-25123379,F9302-25123379,NB,2,SCK-4186,N,1.04167,Rapido-2,50,1250,1000,30*30,10.50,2413.90,8.33,A1605-23050057-2C,N,25.81,25.75,-0.06,,-9.88,-9.79,0.09,-12.20,-12.26,-0.06,,15.69,,,231.41,,0.11,1585,1.9,1578,0.75,1567,0.52,1191,0.35,1430,0.29,無,0,無,0
F9302-25123426,F9302-25123426,BK,7,FS-8969C0,N,0.69444,Rapido-2,400,1300,850,25*30,39.50,528.53,12.12,A1605-24100132-6C,N,17.34,17.45,0.11,0.10,0.77,0.74,-0.04,-1.39,-1.50,-0.11,,1.67,0.11,,296.19,-0.12,0.19,1862,4.025,1578,0.875,1863,0.735,1430,0.48,1722,0.4284,1191,0.23,無,0
F9302-25123443,F9302-25123443,NB,7,SW-80105C6,N,0.69444,Rapido-2,800,1250,1000,25*30,68.75,372.41,8.07,A1605-25030181-1B,N,21.19,21.08,-0.11,,0.46,0.44,-0.02,-9.11,-9.27,-0.16,,9.28,,,272.74,,0.17,1593,1.5444,1578,1.457,1391,0.98,1142,0.35855,無,0,無,0,無,0
F9302-25123448,F9302-25123448,GY,2,SCK-3714A,N,0.90278,Rapido-2,600,1250 ,1000,30*30,49.25,448.93,8.63,A1605-21120180-6E,N,44.45,43.78,-0.84,-0.41,0.21,-0.03,-0.23,-1.69,-1.60,0.01,,1.60,-0.03,,269.09,-0.32,0.52,1724,0.3774,1593,0.37,1391,0.0836,無,0,無,0,無,0,無,0
F9302-25123476,F9302-25123476,BK,3,SK-1288,N,2.08333,Rapido-1,600,1250,1000,40*30,76.00,223.46,4.49,A1605-24090006-1G,N,15.83,15.81,-0.02,,0.24,0.13,-0.11,-0.05,-0.24,-0.18,,0.27,,,299.19,,0.33,1862,3.335,1142,0.5405,1430,0.517,無,0,無,0,無,0,無,0
F9302-25123480,F9302-25123480,BK,3,SCK-3922,Y,0.59524,Rapido-2,100,1250,1000,35*40,18.00,1491.56,7.50,A1605-21100133-1A,N,15.26,15.22,-0.04,-0.04,0.48,0.86,0.37,-1.17,-0.96,0.22,,1.28,0.02,,311.91,0.61,0.61,1862,3.33,1722,0.85,1588,0.585,1848,0.555,1430,0.385,無,0,無,0
F9302-25123481,F9302-25123481,WH,1,SCK-4514,N,0.69444,Rapido-2,50,1250,1000,35*40,8.00,2606.25,10.00,A1605-25080218-2A,N,89.50,89.59,0.08,,-0.03,0.19,0.23,6.32,6.04,-0.28,,6.05,,,88.17,,0.41,1111,0.0086,1310,0.0063,1510,0.0028,無,0,無,0,無,0,無,0
F9302-25123492,F9302-25123492,BK,3,SCK-4482,Y,0.69444,Rapido-2,50,1200,950,30*40,10.50,2453.90,11.11,A1605-24100066-5F,N,18.48,18.52,0.04,0.03,0.68,0.81,0.13,-1.28,-1.06,0.22,,1.33,-0.16,,307.37,0.32,0.36,1862,3.5,1863,0.9,1578,0.776,1430,0.6175,1191,0.48,1722,0.4,無,0
F9302-25123512,F9302-25123512,GR,4,SW-80352C01,Y,0.69444,Rapido-2,300,1200,950,25*20(2025/11/27),43.00,447.98,8.00,A1605-25030051-2A,N,34.29,34.51,0.21,,-9.19,-9.26,-0.06,3.83,3.79,-0.04,,10.00,,,157.76,,0.14,1576,0.5525,1565,0.5124,1191,0.3393,1722,0.2074,無,0,無,0,無,0
F9302-25123640,F9302-25123640,YE,3,SCK-4186,N,1.04167,Rapido-2,50,1200,900,30*30,11.00,1601.36,11.11,A1605-25040072-3A,N,82.85,82.68,-0.18,-0.06,-5.33,-5.58,-0.26,66.48,66.84,0.36,,67.07,0.13,,94.77,0.13,0.19,1191,0.39,1201,0.022,1565,0.006,無,0,無,0,無,0,無,0
F9302-25123685,F9302-25123685,PU,3,SCK-3928,N,1.04167,Rapido-2,100,1300,1050,35*30,12.00,1532.67,7.50,A1605-25090179-1D,N,52.08,50.53,-1.55,-0.70,9.39,9.18,-0.21,-18.04,-17.73,0.31,,19.96,-0.22,,297.39,-0.04,0.73,1565,0.17,1391,0.07,1640,0.069,1191,0.028,無,0,無,0,無,0
F9302-25123699,F9302-25123699,BK,5,SW-80661C0,Y,1.04167,Rapido-2,400,1350,1050,35*30,49.00,636.29,5.03,A1605-25100126-1D,N,20.56,20.77,0.21,0.17,0.09,0.17,0.08,-2.32,-2.61,-0.29,,2.62,0.38,,273.77,0.08,0.42,1862,2,1863,0.3,1430,0.2,1191,0.115,無,0,無,0,無,0
F9302-25123702,F9302-25123702,OR,3,SCK-4186,N,1.04167,Rapido-2,50,1200,900,30*30,11.50,1560.43,11.11,A1605-25090161-6B,N,57.15,57.08,-0.07,-0.03,53.65,53.88,0.23,33.49,34.20,0.71,,63.81,0.20,,32.40,0.32,0.38,1350,0.334,1201,0.291,1722,0.102,無,0,無,0,無,0,無,0
F9302-25123717,F9302-25123717,PU,3,SCK-4482,Y,0.69444,Rapido-2,100,1200,900,25*30,11.00,2448.64,11.11,A1605-25090125-1D,N,48.21,48.63,0.43,0.20,26.81,26.77,-0.04,-37.90,-38.44,-0.54,,46.84,0.17,,304.85,-0.22,0.34,1033,0.582,1681,0.3,1580,0.0046,1690,0.00315,無,0,無,0,無,0
F9302-25123721,F9302-25123721,GY,3,SW-80216C0,Y,1.04167,Rapido-2,200,1250,1000,35*40,61.00,461.59,7.32,A1605-25070105-2A,N,47.39,47.10,-0.29,-0.14,2.39,2.59,0.20,6.17,6.00,-0.16,,6.54,-0.07,,66.64,-0.39,0.42,1565,0.19691,1430,0.1813,1142,0.148,1722,0.0174,無,0,無,0,無,0
F9302-25123753,F9302-25123753,BR,4,SCK-4514,N,0.69444,Rapido-2,50,1200,950,35*30(2025/12/23),8.50,3530.24,10.00,A1605-25090074-4A,N,47.31,45.70,-1.61,-0.76,21.19,21.95,0.76,27.99,26.36,-1.63,,34.30,-0.37,,50.21,-1.98,2.15,1391,0.555,1142,0.475,1576,0.095,1722,0.037,無,0,無,0,無,0
F9302-25123755,F9302-25123755,PU,6,SW-80352C01,Y,0.69444,Rapido-2,400,1250,1000,25*30(2025/11/27),49.00,955.16,10.53,A1605-25030051-1A,Y,25.02,25.54,0.52,0.37,17.58,16.90,-0.68,-2.54,-3.14,-0.60,,17.19,-0.37,,349.47,-0.62,0.81,1384,1.665,1383,1.08,1578,0.50544,1191,0.34,無,0,無,0,無,0
F9302-25123772,F9302-25123772,GY,2,SCK-3230,N,1.66667,Rapido-2,200,1050,850,25*20,167.00,125.98,11.76,1711131-1A,N,32.95,32.30,-0.65,-0.38,-0.86,-0.78,0.08,-1.88,-2.10,-0.22,,2.24,0.23,,249.64,0.21,0.49,1576,0.73645,1724,0.54,1430,0.044,無,0,無,0,無,0,無,0
F9302-25123792,F9302-25123792,BK,3,SK-1288,N,2.08333,Rapido-1,600,1250,1000,40*30,70.00,244.87,4.50,A1605-24090006-1G,N,15.83,15.65,-0.18,-0.17,0.24,0.27,0.02,-0.05,-0.20,-0.14,,0.33,0.13,,323.48,-0.18,0.28,1862,3.335,1142,0.5405,1430,0.517,無,0,無,0,無,0,無,0
F9302-25123802,F9302-25123802,BL,3,SCK-4482,Y,0.69444,Rapido-2,100,1200,900,25*30(2525/12/23),10.50,1981.90,11.11,A1605-25090125-2B,N,49.33,49.46,0.13,0.06,5.19,5.36,0.17,-32.92,-32.64,0.28,,33.08,-0.12,,279.32,0.17,0.22,1681,0.29,1580,0.26,1191,0.0105,1690,0.00315,無,0,無,0,無,0
F9302-25123811,F9302-25123811,BR,3,SK-1008C0,N,0.83333,Conveyor-1,300,1200,950,25*20,451.00,69.83,7.50,A1605-25070177-1A,N,50.34,49.46,-0.88,-0.40,1.75,2.08,0.32,8.09,8.35,0.26,,8.60,0.29,,76.03,-0.39,0.63,1565,0.245,1391,0.192,1191,0.182,1201,0.042,無,0,無,0,無,0
F9302-25123814,F9302-25123814,BR,6,SW-80352C01,Y,0.69444,Rapido-2,50,1200,950,25*30(2025/11/27),6.00,3675.00,18.75,A1605-25030051-3A,N,44.84,44.67,-0.17,-0.08,16.29,16.09,-0.20,37.13,37.22,0.08,,40.55,0.00,,66.62,0.21,0.23,1724,1.18,1191,0.885,1430,0.14,1565,0.1,無,0,無,0,無,0
F9302-25123816,F9302-25123816,OL,5,SCK-4489,N,0.52083,Conveyor-1,300,80,260,140,391.00,52.77,6.25,A1605-25030076-7A,N,30.54,30.18,-0.36,-0.22,-2.23,-2.51,-0.28,13.90,13.75,-0.15,,13.98,-0.07,,100.33,0.33,0.40,1565,0.8632,1142,0.5096,1201,0.43857,1430,0.23,無,0,無,0,無,0
F9302-25123825,F9302-25123825,OL,2,SCK-4482,Y,0.69444,Rapido-2,50,1200,900,25*30(2525/12/23),9.50,1574.00,8.33,A1605-25090125-4A,N,59.44,59.88,0.44,0.18,-5.20,-5.29,-0.09,23.73,22.26,-1.46,,22.88,-0.77,,103.37,0.35,0.87,1142,0.252,1567,0.106,1391,0.098,1580,0.012,無,0,無,0,無,0
F9302-25123833,F9302-25123833,OL,4,SCK-3928,N,1.04167,Rapido-2,100,1300,1050,35*30,12.00,1574.83,7.50,A1605-25120021-1C,N,36.81,34.95,-1.86,-1.01,-1.42,-1.40,0.02,10.57,9.64,-0.93,,9.74,-0.75,,98.27,0.14,1.27,1565,0.7,1142,0.4,1430,0.3,1201,0.2,無,0,無,0,無,0
F9302-25123892,F9302-25123892,WH,1,SCK-4482,Y,0.69444,Rapido-2,50,1200,900,25*30(2525/12/23),9.50,1377.79,11.11,A1605-25090125-3A,N,90.49,91.25,0.76,0.27,0.38,1.57,1.19,5.69,4.52,-1.17,,4.79,-0.94,,70.82,-1.92,2.16,1310,0.0038,1111,0.0026,1510,0.0008,無,0,無,0,無,0,無,0
F9302-25123909,F9302-25123909,OL,2,SCK-3724,Y,0.69444,Rapido-2,50,1100,800,30*40,10.50,1306.86,10.53,A1605-25120043-1A,N,62.45,62.52,0.07,0.03,-8.77,-8.80,-0.03,3.28,3.09,-0.20,,9.33,-0.03,,160.67,0.22,0.22,1576,0.153,1191,0.062,1201,0.0132,無,0,無,0,無,0,無,0
F9302-25123916,F9302-25123916,GY,2,SCK-3724,Y,0.69444,Rapido-2,50,1200,900,30*30,11.50,1112.96,10.53,A1605-25120039-4A,N,57.40,57.31,-0.10,-0.04,-0.74,-0.82,-0.08,-0.83,-1.45,-0.62,,1.67,0.79,,240.35,0.41,0.89,1565,0.24,1724,0.209,1391,0.0435,無,0,無,0,無,0,無,0
F9302-25123928,F9302-25123928,BK,7,SW-80347C0,Y,1.04167,Rapido-2,400,1400,1000,45*40,47.50,617.60,5.11,A1605-25050137-1C,N,16.92,16.61,-0.32,-0.30,-0.94,-0.84,0.10,-4.13,-3.57,0.56,,3.67,-0.63,,256.84,-0.03,0.70,1862,2.444,1578,1.3,1191,0.198,1391,0.076,無,0,無,0,無,0
F9302-25123942,F9302-25123942,BL,7,SCK-4482,Y,0.69444,Rapido-2,100,1200,900,25*30(2525/12/23),11.00,2612.55,11.11,A1605-25090159-2C,N,31.99,30.16,-1.83,-1.09,11.63,12.17,0.54,-44.84,-45.42,-0.58,,47.02,0.28,,285.00,0.26,1.16,1568,2.1,1584,1.23,1681,0.81,1640,0.118,無,0,無,0,無,0
F9302-25123960,F9302-25123960,PU,3,SCK-3724,Y,0.69444,Rapido-2,100,1200,900,30*30,11.50,1425.04,10.53,A1605-25120043-2A,N,50.35,50.04,-0.31,-0.14,5.38,5.64,0.25,-33.20,-32.54,0.67,,33.02,-0.29,,279.83,0.30,0.44,1681,0.293,1580,0.265,1191,0.0103,1690,0.0025,無,0,無,0,無,0
F9302-25123961,F9302-25123961,BK,6,SCK-4489,N,0.52083,Conveyor-1,300,85,270,140,498.00,46.11,4.17,A1605-25030076-12B,N,15.27,15.52,0.26,0.25,0.46,0.41,-0.05,-1.07,-1.18,-0.11,,1.25,0.12,,289.21,-0.13,0.30,1862,2.55,1391,0.714,1191,0.4,無,0,無,0,無,0,無,0
F9302-25123963,F9302-25123963,BL,6,SK-1263C6,N,0.69444,Rapido-2,800,1250,1000,30*30,77.50,235.91,6.02,A1605-25120062-1A,N,32.48,33.18,0.71,0.42,7.71,7.39,-0.32,-39.25,-39.23,0.02,,39.92,-0.03,,280.67,-0.24,0.48,1565,0.95,1374,0.617,1576,0.115,無,0,無,0,無,0,無,0
F9302-25123970,F9302-25123970,GY,5,SCK-4370AM,N,0.90278,Rapido-2,100,1200,950,30*30,14.50,1608.90,10.00,A1605-25120118-4A,N,30.60,30.30,-0.30,-0.18,-2.69,-2.68,0.02,5.44,4.81,-0.63,,5.50,-0.57,,119.11,0.34,0.69,1593,1,1722,0.7,1142,0.25,1588,0.2,無,0,無,0,無,0
F9302-25123971,F9302-25123971,NB,5,SCK-4370AM,N,0.90278,Rapido-2,100,1200,950,30*30,14.00,1834.29,10.00,A1605-25120118-1A,N,25.88,26.13,0.25,0.17,-0.72,-0.82,-0.10,-22.97,-23.26,-0.29,,23.27,0.16,,267.98,-0.09,0.26,1578,1.552,1576,0.7275,1191,0.04656,無,0,無,0,無,0,無,0
F9302-25123972,F9302-25123972,CO,7,SW-80216C0,Y,1.04167,Rapido-2,200,1250,1000,35*30,61.00,433.13,7.32,A1605-25090079-1A,N,24.42,23.94,-0.49,-0.35,8.09,7.69,-0.39,0.72,0.64,-0.08,,7.72,-0.36,,4.74,-0.06,0.51,1383,1.92,1576,1.2,1191,0.485,1722,0.3,無,0,無,0,無,0
F9302-25123973,F9302-25123973,GY,1,SCK-3724,Y,0.69444,Rapido-2,50,1200,900,30*30,10.50,1262.19,10.53,A1605-25120043-4A,N,80.19,79.92,-0.27,-0.10,-1.51,-1.51,0.00,0.08,-0.25,-0.32,,1.53,0.02,,189.23,0.44,0.45,1310,0.0202,1510,0.02,1111,0.0162,無,0,無,0,無,0,無,0
F9302-25123974,F9302-25123974,KH,2,SCK-3724,Y,0.69444,Rapido-2,50,1200,900,30*30,15.00,781.80,10.53,A1605-25120044-3A,N,70.86,70.79,-0.08,-0.03,2.01,1.52,-0.49,10.15,9.47,-0.68,,9.59,-0.62,,80.91,0.54,0.82,1111,0.135,1310,0.1,1510,0.04,無,0,無,0,無,0,無,0
F9302-25123994,F9302-25123994,GY,4,SCK-3724,Y,0.69444,Rapido-2,100,1200,900,30*30,11.50,1399.91,10.53,A1605-25120039-2A,N,31.96,31.65,-0.31,-0.19,0.30,0.38,0.07,-1.38,-1.31,0.07,,1.36,-0.07,,285.99,0.12,0.23,1576,1.41,1201,0.35,1391,0.335,1191,0.26,無,0,無,0,無,0
F9302-25124039,F9302-25124039,PU,6,SW-80352C01,Y,0.69444,Rapido-2,400,1200,950,25*20(2025/11/27),60.00,357.72,6.74,A1605-25030051-1A,N,25.02,24.28,-0.74,-0.52,17.58,17.24,-0.34,-2.54,-2.28,0.27,,17.39,-0.24,,352.47,0.19,0.61,1384,1.887,1383,1.08,1578,0.49572,1191,0.34,無,0,無,0,無,0
F9302-25124049,F9302-25124049,GY,3,SCK-4160,N,1.04167,Rapido-1,600,1250,1000,40*30,77.25,227.02,4.52,A1605-25110117-1H,N,54.24,54.64,0.40,0.18,0.46,0.50,0.04,-0.04,-0.20,-0.16,,0.54,0.12,,337.79,-0.22,0.31,1565,0.17,1391,0.0795,1191,0.0535,1722,0.0294,無,0,無,0,無,0
F9302-25124053,F9302-25124053,BR,3,SCK-4186,N,1.04167,Rapido-2,50,1250,1000,30*30,10.50,1908.29,8.33,A1605-25040072-4A,N,47.32,47.71,0.39,0.18,8.55,9.29,0.74,3.95,3.50,-0.45,,9.93,0.43,,20.64,-0.99,1.10,1360,0.265,1576,0.22,1142,0.12,無,0,無,0,無,0,無,0
F9302-25124057,F9302-25124057,BK,6,SCK-4489,N,0.52083,Conveyor-1,300,85,270,140,481.00,52.13,4.24,A1605-25030076-12B,N,15.27,15.56,0.30,0.29,0.46,0.49,0.03,-1.07,-1.19,-0.12,,1.28,0.16,,292.40,-0.03,0.33,1862,2.55,1391,0.714,1191,0.4,無,0,無,0,無,0,無,0
F9302-25124061,F9302-25124061,PU,1,SCK-4186,N,1.04167,Rapido-2,50,1250,1000,30*30,10.50,1780.38,8.33,A1605-25090099-3D,N,74.51,74.46,-0.05,-0.02,22.89,23.28,0.39,-15.79,-16.45,-0.65,,28.51,0.36,,324.76,-0.23,0.43,1034,0.04,1640,0.006,1201,0.0034,1690,0.00027,無,0,無,0,無,0
F9302-25124062,F9302-25124062,TQ,2,SCK-4370AM,N,0.90278,Rapido-2,100,1200,950,30*30,13.50,1243.78,10.00,A1605-25120118-2A,N,84.10,83.72,-0.38,-0.14,-19.47,-19.53,-0.06,-8.83,-9.42,-0.59,,21.68,0.18,,205.73,0.39,0.45,1580,0.105,1013,0.0013,無,0,無,0,無,0,無,0,無,0
F9302-25124074,F9302-25124074,NB,3,SK-1288,N,2.08333,Rapido-2,800,1250,1000,35*30,80.50,304.46,4.96,A1605-24090006-3E,N,18.13,18.01,-0.12,-0.11,3.00,3.02,0.02,-12.14,-11.45,0.69,,11.84,-0.50,,284.77,0.25,0.57,1593,1.18,1578,0.9,1391,0.6655,1383,0.531,1191,0.2147,無,0,無,0
F9302-25124084,F9302-25124084,BR,4,SCK-3724,Y,0.69444,Rapido-2,50,1200,900,30*30,10.50,1583.52,10.53,A1605-25120044-1A,N,46.99,47.40,0.41,0.19,21.17,21.34,0.17,28.62,28.93,0.32,,35.95,0.16,,53.59,0.06,0.26,1142,0.68,1350,0.23,1430,0.21,1565,0.087,無,0,無,0,無,0
F9302-25124087,F9302-25124087,OL,4,SCK-3724,Y,0.69444,Rapido-2,50,1200,900,30*30,10.00,1784.70,10.53,A1605-25120044-2A,N,47.93,47.05,-0.87,-0.41,0.43,0.16,-0.26,40.84,40.69,-0.15,,40.69,-0.07,,89.77,0.19,0.46,1191,0.9,1142,0.65,1722,0.38,1576,0.31,無,0,無,0,無,0
F9302-25124101,F9302-25124101,PU,6,SCK-4514,N,0.69444,Rapido-2,400,1200,950,35*30(2025/12/23),50.00,490.62,6.61,A1605-25080219-3B,N,25.68,25.90,0.22,0.15,6.36,6.20,-0.16,-8.03,-8.13,-0.10,,10.22,-0.02,,307.30,-0.23,0.28,1576,1.3984,1391,0.7942,1191,0.19665,1722,0.1349,無,0,無,0,無,0
F9302-25124109,F9302-25124109,BK,7,SW-80347C0,Y,1.04167,Rapido-2,400,1400,1000,45*40,47.50,592.63,4.96,A1605-25050137-1C,N,16.92,16.59,-0.34,-0.32,-0.94,-0.83,0.11,-4.13,-3.55,0.59,,3.64,-0.67,,256.89,-0.03,0.74,1862,2.444,1578,1.3,1191,0.209,1391,0.076,無,0,無,0,無,0
F9302-25124119,F9302-25124119,BK,6,SCK-4489,N,0.52083,Conveyor-1,300,85,270,140,485.00,54.48,4.17,A1605-25030076-12B,N,15.27,15.46,0.19,0.19,0.46,0.36,-0.10,-1.07,-1.28,-0.21,,1.33,0.24,,285.76,-0.24,0.38,1862,2.55,1391,0.714,1191,0.4,無,0,無,0,無,0,無,0
F9302-25124135,F9302-25124135,GY,1,SK-1288,N,2.08333,Rapido-2,400,1250,1000,35*40,46.00,542.85,5.76,A1605-25070127-5B,N,80.17,79.86,-0.32,-0.12,-0.90,-0.80,0.10,-0.95,-0.96,-0.01,,1.25,-0.08,,230.28,0.12,0.19,1510,0.01805,1310,0.018,1111,0.0135,無,0,無,0,無,0,無,0
F9302-25124153,F9302-25124153,BR,4,SCK-3724,Y,0.69444,Rapido-2,50,1200,900,30*30,9.00,1972.44,10.53,A1605-25120044-4A,N,52.15,51.37,-0.78,-0.35,6.26,6.45,0.19,15.70,16.20,0.50,,17.44,0.35,,68.28,0.00,0.50,1191,0.28,1430,0.17,1576,0.13,1722,0.073,無,0,無,0,無,0
F9302-25124159,F9302-25124159,BK,6,SK-348,N,0.69444,Rapido-2,300,1200,900,30X30,71.00,262.63,8.70,A1605-25110037-1A,N,15.79,14.79,-0.99,-0.97,-0.63,-0.65,-0.03,-0.31,-0.37,-0.06,,0.75,0.08,,209.42,0.06,0.97,1862,2.0475,1863,0.525,1391,0.493,1191,0.46,無,0,無,0,無,0
F9302-25124170,F9302-25124170,BK,6,SCK-4370AM,N,0.90278,Rapido-2,100,1200,900,30*30,13.50,1802.59,10.00,A1605-25120115-1A,N,19.59,19.43,-0.16,-0.13,-0.44,-0.36,0.08,-4.10,-3.95,0.16,,3.96,-0.19,,264.79,0.08,0.24,1862,3,1430,0.324,1142,0.132,無,0,無,0,無,0,無,0
F9302-25124204,F9302-25124204,CO,6,SCK-3724,Y,0.69444,Rapido-2,50,1200,900,30*30,10.50,1702.10,10.53,A1605-25120039-5A,N,31.69,30.55,-1.14,-0.68,7.79,7.98,0.18,10.82,11.22,0.40,,13.77,0.32,,54.60,0.16,0.77,1724,1.26,1576,0.938,1391,0.9,1191,0.735,無,0,無,0,無,0
F9302-25124226,F9302-25124226,BL,2,SW-80900C0,Y,1.04167,Rapido-2,200,1200,950,35*40,51.00,363.53,7.89,A1605-25040009-2B,N,53.92,53.70,-0.22,-0.10,-1.98,-2.03,-0.05,-13.85,-13.77,0.07,,13.92,-0.05,,261.63,-0.06,0.13,1565,0.255,1391,0.07125,1191,0.027,無,0,無,0,無,0,無,0
F9302-25124227,F9302-25124227,PI,3,SCK-4370AM,N,0.90278,Rapido-2,50,1200,950,30*30,13.50,1584.67,10.00,A1605-25120118-3A,N,53.98,53.21,-0.77,-0.34,48.33,49.35,1.02,-13.27,-13.04,0.23,,51.05,0.36,,345.20,0.26,0.56,1374,0.73,1350,0.15,1580,0.017,無,0,無,0,無,0,無,0
F9302-25124233,F9302-25124233,GY,5,SW-80661C0,Y,1.04167,Rapido-2,400,1350,1050,35*30,67.00,330.85,3.94,A1605-24060130-3A,N,30.35,31.05,0.69,0.43,0.48,0.45,-0.03,-2.22,-2.44,-0.22,,2.49,0.27,,280.48,-0.09,0.52,1593,0.8262,1391,0.42,1191,0.26532,1722,0.07452,無,0,無,0,無,0
F9302-25124246,F9302-25124246,TQ,5,SCK-4186EM,N,1.04167,Rapido-2,400,1250,1000,25*30(2025/12/23),42.00,732.48,11.27,A1605-25120109-1A,N,43.60,42.42,-1.18,-0.58,3.71,4.39,0.68,-41.89,-41.81,0.08,,42.04,-0.01,,276.00,0.49,0.76,1585,1.05,1681,0.29,1567,0.26,無,0,無,0,無,0,無,0
F9302-25124267,F9302-25124267,GY,2,SCK-4370AM,N,0.90278,Rapido-2,100,1200,950,30*30,15.00,1397.93,10.00,A1605-25120116-2A,N,63.02,62.64,-0.38,-0.15,-9.40,-9.18,0.22,4.64,3.72,-0.91,,9.90,-0.47,,157.91,0.78,0.93,1576,0.128,1142,0.072,1430,0.03,1580,0.025,無,0,無,0,無,0
F9302-25124275,F9302-25124275,KH,2,SCK-4068,Y,1.04167,Rapido-2,50,1200,900,35*40,7.00,3276.43,13.33,A1605-25080025-1A1,Y,58.22,58.12,-0.10,-0.04,7.15,6.81,-0.34,9.63,9.78,0.16,,11.92,-0.06,,55.15,0.71,0.72,1430,0.045,1191,0.016,無,0,無,0,無,0,無,0,無,0
F9302-25124276,F9302-25124276,NB,3,SW-80180C0,N,1.04167,Rapido-2,400,1350,1200,30*30,48.00,375.67,7.84,A1605-24030228-6A,N,21.86,21.43,-0.43,-0.33,-0.68,-0.65,0.03,-9.61,-9.78,-0.16,,9.80,0.14,,266.20,0.05,0.36,1578,1.152,1593,0.665,1430,0.522,1191,0.3344,1722,0.097,無,0,無,0
F9302-25124279,F9302-25124279,PU,6,SCK-3724,Y,0.69444,Rapido-2,50,1200,900,30*30,10.50,2397.43,10.53,A1605-25120039-1A,N,31.14,30.81,-0.34,-0.20,35.35,35.98,0.63,-22.46,-22.60,-0.14,,42.49,0.26,,327.86,0.13,0.35,1374,3.45,1640,0.48,1383,0.45,1567,0.15,無,0,無,0,無,0
F9302-25124287,F9302-25124287,YE,0,SCK-4173,N,0.83333,Rapido-2,200,1250,1000,30*30,69.00,496.14,8.77,A1605-25030028-1A,N,102.06,103.37,1.31,0.44,-38.73,-38.19,0.54,110.75,111.76,1.01,,118.11,0.22,,108.87,-0.34,0.60,1013,1.045,1142,0.0525,無,0,無,0,無,0,無,0,無,0
F9302-25124332,F9302-25124332,BK,6,SK-1008C0,N,0.83333,Rapido-2,400,1200,950,25*20,63.50,478.50,9.84,A1605-25020024-1A,N,17.74,17.52,-0.22,-0.20,-0.55,-0.28,0.27,-2.77,-2.56,0.20,,2.58,-0.30,,263.81,0.31,0.48,1862,3.5,1430,0.25,1191,0.14,無,0,無,0,無,0,無,0
F9302-25124333,F9302-25124333,RE,7,SCK-4370AM,N,0.90278,Rapido-2,100,1200,950,30*30,14.50,3876.14,10.00,A1605-25120116-3A,Y,43.40,46.58,3.18,1.58,60.07,59.82,-0.25,35.81,38.19,2.38,,70.97,0.35,,32.55,1.39,2.13,1353,3,1384,0.85,1142,0.48,無,0,無,0,無,0,無,0
F9302-25124354,F9302-25124354,PI,1,SCK-3724,Y,0.69444,Rapido-2,50,1200,900,30*30,10.50,1356.00,10.53,A1605-25120043-5A,N,82.45,82.55,0.10,0.04,9.54,9.99,0.46,-3.39,-4.60,-1.21,,11.00,0.73,,335.28,-1.05,1.28,1310,0.0285,1510,0.006,無,0,無,0,無,0,無,0,無,0
F9302-25124372,F9302-25124372,CO,5,SCK-3344,N,1.04167,Rapido-2,100,1300,1050,35*40,13.50,2932.30,7.69,A1605-25110079-1B,Y,27.26,28.62,1.37,0.91,4.48,4.92,0.44,7.82,7.52,-0.31,,8.98,-0.03,,56.81,-0.99,1.34,1565,0.88,1191,0.85,1430,0.75,1722,0.18,無,0,無,0,無,0
F9302-25124382,F9302-25124382,GY,3,SCK-4160,N,1.04167,Rapido-1,600,1250,1000,40*30,0.75,682.67,4.50,A1605-25110117-1H,N,54.24,54.05,-0.19,-0.09,0.46,0.43,-0.03,-0.04,-0.02,0.03,,0.43,-0.04,,357.74,0.04,0.10,1565,0.1717,1391,0.080295,1191,0.054035,1722,0.029694,無,0,無,0,無,0
F9302-25124415,F9302-25124415,GY,2,SCK-3549,N,1.04167,Rapido-2,400,1200,900,30*30,53.50,584.13,7.48,A1605-25090129-1A,N,63.22,63.05,-0.17,-0.07,0.27,0.31,0.03,-1.26,-1.46,-0.20,,1.49,0.28,,281.85,-0.01,0.29,1565,0.084,1724,0.071,1430,0.0188,無,0,無,0,無,0,無,0
F9302-25124416,F9302-25124416,BK,7,SK-1008C0,N,0.83333,Rapido-1,600,1200,950,25*20,89.00,260.99,7.27,A1605-25070177-3A,N,15.68,15.74,0.06,0.06,0.12,0.16,0.05,-0.78,-0.60,0.17,,0.63,-0.23,,285.00,0.12,0.27,1862,3.5,1863,1.1,1391,0.6,1191,0.53,無,0,無,0,無,0
F9302-25124417,F9302-25124417,BK,3,SK-1126,N,1.04167,Rapido-1,600,1250,1000,30*40,47.00,412.40,6.79,A1605-24040095-1A,N,15.60,14.74,-0.86,-0.84,-0.14,-0.18,-0.03,-2.64,-2.56,0.08,,2.56,-0.10,,266.05,-0.05,0.85,1862,2.397,1724,0.3784,1430,0.176,無,0,無,0,無,0,無,0
F9302-25124427,F9302-25124427,TQ,5,SCK-4186EM,N,1.04167,Rapido-2,400,1250,1000,25*30(2025/12/23),41.50,725.76,11.11,A1605-25120109-1A,N,43.60,42.86,-0.74,-0.37,3.71,4.28,0.56,-41.89,-41.76,0.13,,41.98,-0.03,,275.85,0.41,0.55,1585,1.05,1681,0.29,1567,0.26,無,0,無,0,無,0,無,0
F9302-25124447,F9302-25124447,GY,5,SW-80661C0,Y,1.04167,Rapido-2,400,1350,1050,35*30,67.50,374.67,3.98,A1605-24060130-3A,N,30.35,31.19,0.84,0.52,0.48,0.31,-0.17,-2.22,-2.40,-0.18,,2.42,0.19,,277.37,-0.27,0.61,1593,0.8262,1391,0.42,1191,0.26532,1722,0.07452,無,0,無,0,無,0
F9302-25124452,F9302-25124452,GR,5,SCK-4186,N,1.04167,Rapido-2,200,1250,1000,30*30,63.00,413.49,9.26,A1605-25090161-2F,N,70.13,71.02,0.89,0.35,60.75,60.23,-0.51,67.87,67.72,-0.15,,90.63,-0.14,,48.35,0.21,0.43,1082,0.9,1013,0.3,1350,0.09,1091,0.025,無,0,無,0,無,0
F9302-25124462,F9302-25124462,BK,6,SK-1008C0,N,0.83333,Rapido-2,400,1200,950,25*20,57.50,423.36,11.32,A1605-25020024-1A,N,17.74,17.37,-0.36,-0.33,-0.55,-0.38,0.17,-2.77,-2.64,0.13,,2.67,-0.19,,261.83,0.19,0.43,1862,3.5,1430,0.25,1191,0.14,無,0,無,0,無,0,無,0
F9302-25124483,F9302-25124483,YE,1,SK-1216C0,N,0.83333,Rapido-2,400,1200,950,25*20,86.00,239.90,8.57,A1605-24040078-2B,N,91.31,91.23,-0.08,-0.03,-0.91,-1.02,-0.11,8.52,8.58,0.06,,8.64,0.06,,96.80,0.13,0.15,1111,0.01274,1310,0.005452,1510,0.00184,無,0,無,0,無,0,無,0
F9302-25124505,F9302-25124505,PU,3,SK-1294,N,1.04167,Conveyor-1,300,85,270,140,453.00,55.19,5.00,A1605-25100098-1F,Y,40.73,40.18,-0.55,-0.28,4.36,3.81,-0.55,-15.68,-15.22,0.45,,15.69,-0.39,,284.05,-0.48,0.68,1576,0.41,1391,0.15,1142,0.022,無,0,無,0,無,0,無,0
F9302-25124521,F9302-25124521,PU,7,SCK-4482,Y,0.69444,Rapido-2,50,1200,900,25*30(2525/12/23),12.00,2027.50,11.76,A1605-25120037-1A,N,30.18,29.88,-0.31,-0.19,34.50,35.78,1.29,-22.28,-21.61,0.66,,41.80,0.32,,328.87,0.76,0.84,1374,3.5,1383,0.66,1640,0.5,1567,0.17,無,0,無,0,無,0
F9302-25124522,F9302-25124522,BK,3,SK-1126,N,1.04167,Rapido-1,600,1250,1000,30*40,54.75,286.43,6.95,A1605-24040095-1A,N,15.60,14.35,-1.24,-1.22,-0.14,-0.14,0.00,-2.64,-2.59,0.05,,2.59,-0.07,,266.89,0.00,1.22,1862,2.397,1724,0.3784,1430,0.176,無,0,無,0,無,0,無,0
F9302-25124544,F9302-25124544,GR,4,SK-1294,N,1.04167,Conveyor-1,300,85,270,140,481.00,42.04,4.55,A1605-25100098-2A,N,32.27,30.67,-1.60,-0.95,-12.69,-12.33,0.36,-6.28,-6.50,-0.22,,13.94,-0.16,,207.80,0.34,1.02,1588,0.714,1576,0.546,1722,0.13125,1142,0.084,無,0,無,0,無,0
F9302-25124593,F9302-25124593,YE,1,SK-1216C0,N,0.83333,Rapido-2,400,1200,900,25*20,69.00,256.65,10.00,A1605-24040078-2B,N,91.31,91.34,0.03,0.01,-0.91,-0.96,-0.04,8.52,8.39,-0.13,,8.45,-0.11,,96.50,0.07,0.13,1111,0.01274,1310,0.005452,1510,0.00184,無,0,無,0,無,0,無,0
F9302-25124611,F9302-25124611,BK,6,SK-1008C0,N,0.83333,Rapido-2,200,1200,950,25*20,81.00,251.58,8.82,A1605-25010106-1C,N,19.31,18.93,-0.38,-0.32,-1.53,-1.40,0.13,-0.42,-0.42,0.00,,1.47,-0.16,,196.63,0.05,0.37,1862,2.058,1191,0.5978,1391,0.561,1578,0.465,無,0,無,0,無,0
F9302-25124616,F9302-25124616,NB,3,SK-1216C0,N,0.83333,Rapido-2,400,1200,900,25*2,89.50,292.55,7.50,A1605-24040023-1E,N,22.19,21.83,-0.35,-0.27,2.52,2.57,0.05,-14.51,-14.52,-0.01,,14.75,0.01,,280.05,0.06,0.28,1578,0.88065,1430,0.46,1724,0.46,1593,0.00855,無,0,無,0,無,0
F9302-25124637,F9302-25124637,GR,6,SCK-4186,N,1.04167,Rapido-2,400,1250,1000,30*30,94.50,362.23,7.48,A1605-25090080-2D,N,42.40,41.15,-1.25,-0.63,-40.77,-38.76,2.01,-6.64,-6.86,-0.22,,39.36,-0.83,,190.04,0.31,1.09,1568,1.15,1585,0.98,1191,0.215,1013,0.035,無,0,無,0,無,0
F9302-25124646,F9302-25124646,GR,4,SK-1294,N,1.04167,Conveyor-1,300,80,260,140,455.00,52.71,5.00,A1605-25100098-2A,N,32.27,31.41,-0.86,-0.51,-12.69,-12.20,0.49,-6.28,-6.09,0.19,,13.63,-0.38,,206.53,0.05,0.64,1588,0.714,1576,0.546,1722,0.13125,1142,0.084,無,0,無,0,無,0
F9302-25124653,F9302-25124653,PU,3,SK-1294,N,1.04167,Conveyor-1,300,85,270,140,453.00,34.97,5.00,A1605-25100098-1F,N,40.73,40.01,-0.72,-0.37,4.36,4.02,-0.34,-15.68,-14.98,0.70,,15.51,-0.51,,285.02,-0.17,0.65,1576,0.41,1391,0.153,1142,0.022,無,0,無,0,無,0,無,0
F9302-25124660,F9302-25124660,BK,3,SW-80180C0,N,1.04167,Rapido-2,400,1350,1200,30*30,48.00,346.27,7.77,A1605-24030228-7A,N,18.68,18.71,0.02,0.02,-0.01,0.09,0.10,-1.09,-1.29,-0.20,,1.29,0.28,,274.11,0.13,0.31,1862,2.625,1430,0.6336,1191,0.468,1588,0.15,無,0,無,0,無,0
F9302-25124674,F9302-25124674,GY,2,SCK-4186,N,1.04167,Rapido-2,400,1250,1000,30*30,74.50,290.23,6.40,A1605-24030236-3L,N,56.57,56.53,-0.04,-0.02,-2.06,-2.07,-0.01,-1.60,-1.46,0.14,,2.54,-0.09,,215.25,-0.15,0.18,1576,0.18,1724,0.11,1191,0.011,1430,0.0108,無,0,無,0,無,0
F9302-25124700,F9302-25124700,PU,3,SK-1294,N,1.04167,Conveyor-1,300,85,270,140,395.00,75.76,6.29,A1605-25100098-1F,Y,40.73,41.35,0.62,0.32,4.36,3.68,-0.68,-15.68,-14.64,1.04,,15.10,-0.79,,284.12,-0.45,0.96,1576,0.41,1391,0.153,1142,0.02134,無,0,無,0,無,0,無,0
F9302-25124740,F9302-25124740,BK,3,SW-80328C0,Y,1.04167,Rapido-2,400,1300,1000,35*30,65.00,533.62,4.69,A1605-23100160-1D,N,16.66,17.55,0.89,0.84,-0.15,0.18,0.33,-1.85,-1.92,-0.08,,1.93,0.10,,275.20,0.45,0.96,1862,3.36,1722,0.2574,1588,0.2,1848,0.005,無,0,無,0,無,0
F9302-25124781,F9302-25124781,BK,5,SK-1008C0,N,0.83333,Rapido-1,600,1200,950,25*20,87.25,341.58,9.93,A1605-25120051-1B,N,19.44,19.37,-0.07,-0.06,-1.06,-1.07,-0.01,-4.16,-4.09,0.07,,4.23,-0.07,,255.36,-0.03,0.10,1862,1.9,1578,0.55,1430,0.4,1191,0.285,無,0,無,0,無,0
F9302-25124821,F9302-25124821,BR,3,SK-282,N,1.04167,Conveyor-1,300,1250 ,1000  (270),30*40 (140),467.00,108.52,4.02,A1605-24060016-1B,Y,22.88,24.07,1.19,0.89,3.19,3.12,-0.07,7.38,8.15,0.77,,8.73,0.62,,69.06,0.59,1.24,1722,0.4929,1142,0.39525,1430,0.2883,1593,0.0075,無,0,無,0,無,0
F9302-25124823,F9302-25124823,BL,2,SK-1216C0,N,0.83333,Conveyor-1,300,85,270,120,422.00,62.84,10.00,A1605-24040023-5B,N,28.10,26.73,-1.37,-0.89,2.65,2.64,-0.01,-22.51,-22.52,-0.01,,22.68,0.01,,276.69,-0.01,0.89,1578,1.173,1430,0.2592,1191,0.0315,無,0,無,0,無,0,無,0
F9302-25124825,F9302-25124825,OL,5,SK-1216C0,N,0.83333,Conveyor-1,300,85,260,150,448.00,57.24,8.57,A1605-25040025-6B,N,27.87,27.64,-0.23,-0.15,-7.02,-6.87,0.15,-0.67,-0.66,0.01,,6.90,-0.14,,185.49,0.01,0.20,1578,1.0089,1191,0.37525,1722,0.27455,1391,0.0171,無,0,無,0,無,0
F9302-25125021,F9302-25125021,NB,6,SW-80078C07,Y,1.04167,Rapido-2,400,1300,1000,35*30,53.50,543.16,4.91,A1605-25030133-2B,N,20.01,19.42,-0.59,-0.49,0.91,0.90,-0.01,-8.49,-8.31,0.18,,8.36,-0.16,,276.19,0.01,0.52,1578,1.496,1862,1.023,1722,0.2604,1391,0.2511,無,0,無,0,無,0
F9302-25125028,F9302-25125028,BK,5,SK-1008C0,N,0.83333,Rapido-1,600,1200,950,25*20,77.75,261.90,10.64,A1605-25120051-1B,N,19.44,19.37,-0.07,-0.06,-1.06,-1.05,0.01,-4.16,-4.09,0.07,,4.22,-0.08,,255.62,-0.01,0.10,1862,1.9,1578,0.55,1430,0.4,1191,0.285,無,0,無,0,無,0
F9302-25125035,F9302-25125035,GR,3,SCK-4186EM,N,1.04167,Rapido-2,50,1250,1000,25*30(2025/12/23),11.00,2018.55,11.11,A1605-25120045-1A,N,97.79,98.12,0.33,0.11,-34.65,-35.05,-0.40,44.71,45.33,0.63,,57.30,0.27,,127.71,-0.03,0.30,1013,0.03,1580,0.0064,無,0,無,0,無,0,無,0,無,0
F9302-25125037,F9302-25125037,BL,7,SCK-4186EM,N,1.04167,Rapido-2,100,1250,1000,25*30(2025/12/23),11.00,2085.00,11.11,A1605-25120045-5A,N,31.11,28.49,-2.63,-1.60,11.81,13.06,1.24,-44.94,-44.15,0.80,,46.04,-0.17,,286.47,1.00,1.89,1567,1.65,1690,1,1584,0.88,1374,0.585,無,0,無,0,無,0
F9302-25125047,F9302-25125047,GY,2,SCK-3549,N,1.04167,Rapido-2,400,1200,900,30*30,51.50,489.71,7.48,A1605-25090129-1A,N,63.22,62.43,-0.79,-0.32,0.27,0.34,0.07,-1.26,-1.40,-0.14,,1.44,0.21,,283.73,0.05,0.39,1565,0.084,1724,0.071,1430,0.0188,無,0,無,0,無,0,無,0
F9302-25125049,F9302-25125049,GY,2,SCK-3549,N,1.04167,Rapido-2,400,1200,900,30*30,59.50,370.67,6.35,A1605-25090129-1A,N,63.22,62.10,-1.12,-0.46,0.27,0.35,0.08,-1.26,-1.33,-0.08,,1.38,0.13,,284.67,0.08,0.48,1565,0.084,1724,0.071,1430,0.0188,無,0,無,0,無,0,無,0
F9302-25125052,F9302-25125052,GY,2,SCK-3344,N,1.04167,Rapido-2,400,1300,1050,35*40,57.50,401.30,5.59,A1605-23080138-14B,N,37.95,37.06,-0.89,-0.48,-1.44,-1.48,-0.04,-11.00,-11.26,-0.27,,11.36,0.22,,262.49,-0.01,0.53,1567,0.594,1430,0.245,1142,0.10815,1722,0.026,無,0,無,0,無,0
F9302-25125095,F9302-25125095,BR,3,SK-282,N,1.04167,Conveyor-1,300,1250 ,1000  (280),30*40 (140),456.00,44.39,4.00,A1605-24060016-1B,N,22.88,22.38,-0.50,-0.37,3.19,3.24,0.05,7.38,7.73,0.34,,8.38,0.30,,67.26,0.15,0.50,1593,0.795,1722,0.5247,1142,0.42075,1430,0.3162,無,0,無,0,無,0
F9302-25125098,F9302-25125098,GR,5,SCK-4186EM,N,1.04167,Rapido-2,50,1250,1000,25*30(2025/12/23),10.00,3063.00,8.33,A1605-25120045-3A,N,57.88,57.33,-0.54,-0.23,-41.32,-39.36,1.96,13.15,12.45,-0.70,,41.28,-0.87,,162.45,0.04,0.90,1584,0.78,1191,0.252,無,0,無,0,無,0,無,0,無,0
F9302-25125108,F9302-25125108,BR,2,SCK-4173,N,0.83333,Rapido-2,50,1250,1000,25*30,13.50,1526.81,10.00,A1605-25100101-2B,N,52.56,53.03,0.48,0.21,10.92,10.57,-0.35,14.52,14.87,0.35,,18.24,0.05,,54.61,0.82,0.85,1191,0.15,1430,0.12,1576,0.076,1722,0.065,無,0,無,0,無,0
F9302-25125114,F9302-25125114,BK,3,SW-80328C0,Y,1.04167,Rapido-2,400,1300,1000,35*30,66.00,605.21,4.72,A1605-23100160-1D,Y,16.66,17.24,0.58,0.55,-0.15,0.32,0.48,-1.85,-1.87,-0.02,,1.90,0.06,,279.85,0.65,0.85,1862,3.36,1848,0.485,1722,0.2574,1588,0.2,無,0,無,0,無,0
F9302-25125131,F9302-25125131,BK,3,SK-1216C0,N,0.83333,Rapido-2,600,1200,900,25*20,56.00,419.80,11.88,A1605-24040023-2F,N,17.97,17.74,-0.22,-0.20,0.16,0.21,0.04,-2.43,-2.60,-0.17,,2.61,0.22,,274.52,0.04,0.30,1862,3.34,1724,0.2635,1430,0.1596,無,0,無,0,無,0,無,0
F9302-25125180,F9302-25125180,BK,7,SK-1216C0,N,0.83333,Rapido-2,600,1200,900,25*20,66.25,525.30,13.33,A1605-25090149-1A,Y,18.35,18.74,0.38,0.34,-0.06,0.46,0.52,-2.81,-2.58,0.23,,2.62,-0.24,,280.13,0.71,0.82,1862,3,1724,0.3,1430,0.19,無,0,無,0,無,0,無,0
F9302-25125184,F9302-25125184,RW,7,SK-1216C0,N,0.83333,Rapido-2,400,1200,900,25*30,47.50,792.34,15.00,A1605-25060052-1B,Y,25.60,25.37,-0.22,-0.15,20.31,20.27,-0.04,1.58,0.60,-0.98,,20.28,-0.06,,1.70,-0.87,0.89,1383,2.725,1430,0.6615,1565,0.6592,1142,0.54,無,0,無,0,無,0
F9302-25125191,F9302-25125191,RE,0,SCK-4173,N,0.83333,Rapido-2,100,1250,1000,25*30,12.50,2083.76,10.00,A1605-25100101-3A,N,66.47,64.85,-1.62,-0.65,78.74,78.18,-0.57,42.14,43.45,1.30,,89.44,0.04,,29.06,0.80,1.03,1021,1.8,1082,0.25,1350,0.05,無,0,無,0,無,0,無,0
F9302-25125222,F9302-25125222,BK,7,SW-8947C0,Y,0.69444,Conveyor-1,300,85,270,140,484.00,68.24,3.77,A1605-25070076-2A,N,18.56,18.42,-0.14,-0.12,0.41,0.50,0.10,-2.55,-2.36,0.19,,2.41,-0.22,,282.05,0.18,0.30,1862,3.5,1863,0.4,1430,0.18,1142,0.05,無,0,無,0,無,0
F9302-25125305,F9302-25125305,GR,2,SCK-4131,N,2.08333,Rapido-2,200,刮毛1050,800,30*30,89.00,367.36,6.25,A1605-23040011-3A,Y,47.18,45.86,-1.31,-0.62,-6.99,-6.36,0.63,4.98,2.16,-2.82,,6.72,-1.65,,161.23,2.46,3.03,1576,0.20655,1565,0.1105,1201,0.0836,1142,0.065,1430,0.016046,無,0,無,0
F9302-25125318,F9302-25125318,WH,3,SCK-4100,N,1.04167,Rapido-2,200,1200限上走,800,45*40,73.00,180.73,5.56,A1605-24040077-8H,N,72.64,72.18,-0.46,-0.18,0.18,0.12,-0.06,9.11,9.16,0.05,,9.16,0.04,,89.26,0.08,0.20,1111,0.0645,1310,0.0475,1510,0.0285,無,0,無,0,無,0,無,0
F9302-25125320,F9302-25125320,BK,3,SCK-3682WP4,N,0.59524,Rapido-2,400,1250,1000,35*30,41.50,356.02,6.67,1603087-3A,N,19.22,18.39,-0.83,-0.71,0.38,0.44,0.06,-1.85,-1.85,0.00,,1.90,0.01,,283.31,0.08,0.71,1861,3.7,1724,1.177,1391,1.06,1593,0.42,1142,0.165,無,0,無,0
F9302-25125344,F9302-25125344,BL,5,SCK-4100,N,1.04167,Rapido-2,200,1200限上走,800,45*40,78.00,315.53,4.83,A1605-24120140-1C,N,34.78,34.30,-0.48,-0.27,-0.95,-0.50,0.45,-29.80,-29.63,0.17,,29.63,-0.09,,269.02,0.36,0.46,1565,0.75,1690,0.24,1681,0.2,1142,0.03395,無,0,無,0,無,0
F9302-25125359,F9302-25125359,BK,7,SW-80078C07,Y,1.04167,Rapido-2,400,1300,1000,35*30,70.00,538.96,4.90,A1605-25030133-1B,N,17.24,18.30,1.06,0.98,-0.98,-0.84,0.15,-1.67,-2.12,-0.45,,2.28,0.45,,248.39,0.44,1.16,1862,3.5,1863,0.368,1588,0.325,1142,0.085,無,0,無,0,無,0
F9302-26010061,F9302-26010061,BK,3,SW-80180C0,N,1.04167,Rapido-2,400,1350,1200,30*30,46.00,457.67,8.33,A1605-24030140-4D,N,17.97,17.57,-0.40,-0.36,0.93,0.79,-0.13,-2.55,-2.70,-0.15,,2.81,0.13,,286.38,-0.23,0.44,1862,3.22,1430,0.245,1722,0.2376,無,0,無,0,無,0,無,0
F9302-26010081,F9302-26010081,BK,3,SCK-3682WP4,N,0.59524,Rapido-2,400,1250,1000,35*30,43.50,397.75,6.67,1603087-3A,N,19.22,18.11,-1.10,-0.94,0.38,0.47,0.09,-1.85,-1.89,-0.04,,1.95,0.08,,283.98,0.11,0.95,1861,3.7,1724,1.177,1391,1.06,1593,0.42,1142,0.165,無,0,無,0
F9302-26010125,F9302-26010125,BK,7,SW-80264C0,Y,1.04167,Rapido-2,800,1300,1000,35*30,75.50,482.69,4.21,A1605-25110126-1A,N,18.08,17.91,-0.17,-0.15,-0.38,-0.33,0.05,-2.44,-2.49,-0.05,,2.51,0.05,,262.56,0.08,0.18,1862,3.85,1848,0.33,1142,0.035,無,0,無,0,無,0,無,0
F9302-26010152,F9302-26010152,PI,6,SCK-4173,N,0.83333,Rapido-2,400,1250,1000,30*30,35.00,819.17,10.17,A1605-25020181-1A,N,41.37,40.81,-0.56,-0.29,46.08,45.72,-0.36,-32.08,-31.81,0.26,,55.70,-0.16,,325.17,0.01,0.33,1374,0.483,1034,0.4606,1640,0.14175,1690,0.1155,無,0,無,0,無,0
F9302-26010201,F9302-26010201,OL,5,SW-80347C0,Y,1.04167,Rapido-2,400,1400,1000,45*40,44.50,464.63,4.96,A1605-25050137-2C,N,37.98,37.31,-0.67,-0.36,-4.33,-4.02,0.31,4.22,4.56,0.35,,6.08,0.03,,131.37,-0.56,0.66,1567,0.54,1191,0.2523,1391,0.19,1201,0.1712,無,0,無,0,無,0
F9302-26010202,F9302-26010202,NB,6,SW-80242C07,Y,1.04167,Rapido-2,400,1300,1050,35*30,66.00,509.33,4.41,A1605-25020162-2A,N,18.64,17.99,-0.64,-0.56,1.44,1.46,0.02,-8.20,-7.98,0.22,,8.11,-0.19,,280.40,0.08,0.60,1862,1.6625,1578,1.52,1391,0.6175,1191,0.0285,無,0,無,0,無,0
F9302-26010213,F9302-26010213,BK,7,SW-80264C0,Y,1.04167,Rapido-2,800,1300,1000,35*30,76.00,388.86,4.16,A1605-25110126-1A,N,18.08,17.78,-0.30,-0.27,-0.38,-0.12,0.26,-2.44,-2.26,0.18,,2.27,-0.26,,267.03,0.32,0.49,1862,3.85,1848,0.33,1142,0.035,無,0,無,0,無,0,無,0
F9302-26010224,F9302-26010224,BK,3,SCK-3682WP4,N,0.59524,Rapido-2,400,1250,1000,35*30,43.50,402.05,6.72,1603087-3A,N,19.22,18.38,-0.83,-0.71,0.38,0.45,0.07,-1.85,-1.90,-0.05,,1.95,0.08,,283.25,0.08,0.72,1861,3.7,1724,1.177,1391,1.06,1593,0.42,1142,0.165,無,0,無,0
F9302-26010244,F9302-26010244,BL,1,SCK-4131,N,2.08333,Rapido-2,400,刮毛1050,800,30*30,96.00,504.86,4.47,A1605-23080121-1B,Y,84.11,84.77,0.66,0.24,-3.65,-3.79,-0.14,-5.87,-5.64,0.23,,6.79,-0.11,,236.10,-0.30,0.40,1510,0.01445,1310,0.0048,1111,0.00336,無,0,無,0,無,0,無,0
F9302-26010451,F9302-26010451,BK,3,SCK-3894,N,1.5625,Rapido-2,800,1250,1000,40*30限上走,68.75,420.55,4.50,A1605-21120005-1A,N,15.55,14.99,-0.56,-0.55,0.37,0.45,0.08,-0.18,-0.68,-0.50,,0.81,0.61,,303.21,-0.46,0.94,1862,2.86,1722,0.682,1588,0.588,1430,0.265,1191,0.111,無,0,無,0
F9302-26010496,F9302-26010496,BK,3,SCK-3642,N,1.04167,Conveyor-1,300,88,270,140,455.00,50.24,5.03,1911198-2A,N,15.26,14.10,-1.16,-1.14,0.48,0.25,-0.23,-1.17,-1.06,0.11,,1.09,-0.25,,283.20,-0.27,1.20,1862,1.62,1724,0.792,1848,0.63,1430,0.2156,無,0,無,0,無,0
F9302-26010510,F9302-26010510,BK,3,SCK-3814,N,2.08333,Rapido-2,400,1300,1100,30*40,63.00,268.78,5.00,2011071-4D,N,15.26,15.32,0.05,0.05,0.48,0.56,0.07,-1.17,-1.14,0.03,,1.27,0.00,,295.92,0.11,0.12,1862,3,1863,0.575,1724,0.56,1391,0.2125,無,0,無,0,無,0
F9302-26010696,F9302-26010696,KH,2,SK-1008C0,N,0.83333,Rapido-2,50,1200,950,25*20,12.00,1405.92,15.00,A1605-25070179-1E,N,74.03,74.35,0.31,0.12,0.78,0.73,-0.06,7.09,7.31,0.22,,7.35,0.21,,84.34,0.11,0.26,1111,0.079055,1310,0.0676,1510,0.04257,無,0,無,0,無,0,無,0
F9302-26010739,F9302-26010739,BR,5,SK-1133C0,N,0.83333,Rapido-2,400,1000,800,25*20,98.50,208.61,19.51,A1605-25010113-1B,N,33.04,33.37,0.33,0.19,10.58,10.69,0.11,10.85,10.83,-0.02,,15.22,0.04,,45.36,-0.15,0.25,1724,0.814,1576,0.4462,1430,0.3915,1142,0.2424,無,0,無,0,無,0
F9302-26010821,F9302-26010821,BK,6,SW-80242C07,Y,1.04167,Rapido-2,400,1300,1100,35*30,56.50,448.04,6.35,A1605-25020162-1A,N,18.88,19.17,0.29,0.25,0.40,0.67,0.27,-2.43,-2.26,0.17,,2.36,-0.14,,286.49,0.40,0.50,1862,3.267,1722,0.182,1430,0.1155,1588,0.105,無,0,無,0,無,0
F9302-26010829,F9302-26010829,BK,3,SCK-3814,N,2.08333,Rapido-2,400,1300,1100,30*40,60.00,267.70,5.00,2011071-4D,N,15.26,15.46,0.20,0.19,0.48,0.51,0.02,-1.17,-1.14,0.04,,1.24,-0.03,,294.12,0.05,0.20,1862,3,1863,0.575,1724,0.56,1391,0.2125,無,0,無,0,無,0
F9302-26010852,F9302-26010852,BK,3,SW-80779C0,Y,1.04167,Rapido-2,800,1350,1050,35*30(2025/12/12),71.75,401.10,3.90,A1605-23110101-1D,N,16.25,17.18,0.93,0.90,0.67,0.80,0.13,-0.70,-1.28,-0.58,,1.51,0.77,,301.94,-0.36,1.24,1862,4.068,1722,0.44,1848,0.392,1588,0.015,無,0,無,0,無,0
F9302-26010861,F9302-26010861,GY,3,SCK-3435AM,N,0.69444,Rapido-2,100,1200,950,25*20,38.00,555.39,8.33,1810110-8B,N,30.98,29.05,-1.93,-1.17,-1.29,-1.41,-0.13,-3.51,-3.54,-0.03,,3.81,0.09,,248.26,-0.14,1.18,1578,0.9065,1724,0.799,1430,0.19,1142,0.0744,無,0,無,0,無,0
F9302-26010891,F9302-26010891,BR,1,SCK-1134S,N,1.25,Rapido-2,400,1200,950,25*30,131.00,235.91,6.67,A1605-25080197-1B,N,76.23,76.16,-0.08,-0.03,-1.36,-1.91,-0.55,8.88,8.56,-0.32,,8.77,-0.18,,102.61,0.77,0.79,1111,0.064,1310,0.0393,1510,0.029,無,0,無,0,無,0,無,0
F9302-26010920,F9302-26010920,GR,1,SCK-4173,N,0.83333,Rapido-2,200,1250,1000,25*30,27.00,962.70,10.00,A1605-25100101-1C,N,81.35,81.61,0.26,0.10,-8.15,-8.49,-0.34,-0.81,-0.06,0.76,,8.49,0.27,,180.39,-0.87,0.92,1510,0.027,1111,0.018,1310,0.0067,無,0,無,0,無,0,無,0
F9302-26010931,F9302-26010931,RE,2,SCK-3435AM,N,0.69444,Rapido-2,100,1200,950,25*20,37.50,444.08,8.33,A1605-25110011-4B,N,72.85,72.89,0.05,0.02,39.02,39.50,0.47,12.59,13.52,0.94,,41.75,0.32,,18.90,0.53,0.61,1350,0.078,1201,0.0415,1580,0.0005,無,0,無,0,無,0,無,0
F9302-26010970,F9302-26010970,BL,4,SCK-3814,N,2.08333,Rapido-1,600,1300,1100,30*40,76.75,290.21,5.61,A1605-21040233-2B,N,29.94,30.21,0.27,0.17,-2.01,-2.09,-0.07,-15.24,-14.93,0.31,,15.07,-0.21,,262.04,-0.12,0.29,1593,0.6384,1565,0.468,1724,0.2496,1430,0.09752,無,0,無,0,無,0
F9302-26011014,F9302-26011014,BL,4,SCK-3814,N,2.08333,Rapido-1,600,1300,1100,30*40,52.00,363.37,6.43,A1605-21040233-2B,N,29.94,30.44,0.50,0.31,-2.01,-2.07,-0.06,-15.24,-15.09,0.16,,15.23,-0.10,,262.18,-0.09,0.34,1593,0.6384,1565,0.468,1724,0.2496,1430,0.09752,無,0,無,0,無,0
F9302-26011027,F9302-26011027,GR,7,SW-80779C0,Y,1.04167,Rapido-2,400,1350,1050,35*30(2025/12/12),68.00,577.43,4.69,A1605-25080195-1A,N,28.23,27.79,-0.44,-0.29,-18.00,-17.54,0.45,-4.04,-3.73,0.32,,17.93,-0.32,,192.00,-0.17,0.46,1576,1.012,1565,1,1588,0.78,1191,0.546,無,0,無,0,無,0
F9302-26011038,F9302-26011038,GY,1,SW-80779C0,Y,1.04167,Rapido-2,800,1350,1050,35*30(2025/12/12),63.50,485.42,4.40,A1605-25080195-2A,N,78.07,78.27,0.21,0.08,-1.40,-1.45,-0.05,3.40,3.44,0.04,,3.73,0.07,,112.91,0.04,0.11,1111,0.02425,1310,0.021476,1510,0.0196,無,0,無,0,無,0,無,0
F9302-26011116,F9302-26011116,YE,4,SCK-4100,N,1.04167,Rapido-2,200,1200限上走,800,45*40,60.00,296.53,5.61,A1605-24040077-4E,N,61.60,59.69,-1.91,-0.79,2.24,2.54,0.30,63.71,62.68,-1.04,,62.73,-0.36,,87.68,-0.20,0.89,1191,1.15,1201,0.096,1565,0.041,1430,0.027,無,0,無,0,無,0
F9302-26011190,F9302-26011190,BR,1,SCK-1134S,N,1.25,Rapido-2,400,1200,950,25*30,76.50,241.05,8.00,A1605-25080197-1B,N,76.23,75.80,-0.44,-0.16,-1.36,-1.23,0.14,8.88,8.63,-0.25,,8.72,-0.23,,98.10,-0.13,0.31,1111,0.06336,1310,0.041265,1510,0.02842,無,0,無,0,無,0,無,0
F9302-26011215,F9302-26011215,BK,3,SCK-3521,N,1.04167,Rapido-1,600,1100,600,40*40,138.00,175.48,3.91,1905031-8A,N,15.26,14.86,-0.41,-0.40,0.48,0.63,0.14,-1.17,-0.99,0.18,,1.18,-0.13,,302.27,0.30,0.51,1862,2.4,1724,0.495,1430,0.1872,1142,0.048,無,0,無,0,無,0
F9302-26011224,F9302-26011224,BK,7,SW-80312,N,0.69444,Rapido-2,400,1250,1000, 25*3,73.50,342.57,7.41,A1605-25020147-1A,N,19.23,18.24,-0.99,-0.84,-0.18,-0.11,0.07,-3.67,-3.49,0.18,,3.49,-0.21,,268.11,0.08,0.87,1862,2.76,1578,0.534,1430,0.4356,1191,0.235,無,0,無,0,無,0
F9302-26011291,F9302-26011291,OR,5,SCK-3435AM,N,0.69444,Rapido-2,100,1200,950,25*20,39.00,620.92,11.11,A1605-25110011-3B,N,53.21,53.39,0.18,0.08,31.57,31.49,-0.08,47.39,47.18,-0.20,,56.73,-0.08,,56.28,-0.05,0.12,1724,0.98,1201,0.8,1391,0.0675,1565,0.033,無,0,無,0,無,0
F9302-26011317,F9302-26011317,BK,3,SCK-4482,Y,0.69444,Rapido-2,100,1200,950,30*40,21.00,1610.00,7.69,A1605-24100066-5F,N,18.48,18.15,-0.32,-0.28,0.68,1.03,0.35,-1.28,-1.05,0.23,,1.47,0.03,,314.43,0.59,0.65,1862,3.5,1863,0.9,1578,0.776,1430,0.6175,1191,0.48,1722,0.4,無,0
F9302-26011318,F9302-26011318,BK,3,SW-80134C0,Y,1.04167,Rapido-2,100,1250,800,40*40,17.50,1703.14,9.38,1910204-3A,N,16.93,16.43,-0.50,-0.47,-0.35,-0.18,0.17,-2.47,-2.93,-0.45,,2.93,0.55,,266.48,0.28,0.77,1861,3.7,1848,0.5,1578,0.495,1384,0.4136,1142,0.078,無,0,無,0
F9302-26011362,F9302-26011362,NB,3,SCK-3682WP4,N,0.59524,Rapido-2,300,1250,1000,35*30,45.00,452.04,5.76,A1605-21120101-2E,N,24.82,24.86,0.03,0.02,-0.41,-0.31,0.10,-10.01,-10.17,-0.16,,10.17,0.13,,268.24,0.14,0.19,1862,1.9,1578,0.8,1430,0.4,無,0,無,0,無,0,無,0
F9302-26011363,F9302-26011363,BK,3,SCK-3673,N,0.69444,Rapido-2,600,1300,1100,30*30,59.75,459.60,7.47,2007138-2P,N,15.33,15.27,-0.06,-0.05,0.24,0.59,0.36,-0.71,-0.72,-0.01,,0.93,0.27,,309.76,0.45,0.53,1862,4,1724,1.552,1588,0.75,1430,0.69,1848,0.6,1191,0.152,無,0
F9302-26011383,F9302-26011383,GY,2,SW-8947C0,Y,0.69444,Conveyor-1,300,85,270,140,422.00,141.18,5.71,A1605-21080105-2A,N,41.45,41.52,0.06,0.03,-1.99,-2.84,-0.85,-3.33,-3.63,-0.30,,4.61,0.84,,231.99,-0.67,1.07,1578,0.355,1391,0.178,1142,0.12,1201,0.011,無,0,無,0,無,0
F9302-26011435,F9302-26011435,GR,7,SW-80779C0,Y,1.04167,Rapido-2,400,1350,1050,35*30(2025/12/12),67.50,563.53,4.78,A1605-25080195-1A,N,28.23,27.98,-0.25,-0.16,-18.00,-17.85,0.15,-4.04,-4.09,-0.04,,18.31,-0.09,,192.90,0.06,0.20,1576,1.012,1565,1,1588,0.78,1191,0.546,無,0,無,0,無,0
F9302-26011479,F9302-26011479,GY,1,SW-80779C0,Y,1.04167,Rapido-2,800,1350,1050,35*30(2025/12/12),93.00,302.57,4.63,A1605-25080195-2A,N,78.07,77.95,-0.12,-0.05,-1.40,-1.23,0.17,3.40,3.56,0.16,,3.77,0.11,,109.06,-0.28,0.30,1111,0.02425,1310,0.021476,1510,0.0196,無,0,無,0,無,0,無,0
F9302-26011483,F9302-26011483,GR,1,SW-80779C0,Y,1.04167,Rapido-2,800,1350,1050,35*30(2025/12/12),61.00,336.97,4.74,A1605-25080216-2A,N,86.35,86.21,-0.14,-0.05,-11.02,-11.37,-0.34,16.31,16.41,0.10,,19.97,0.17,,124.71,0.19,0.26,1111,0.0342,1510,0.0073,1681,0.0011,無,0,無,0,無,0,無,0
F9302-26011495,F9302-26011495,GY,2,SCK-2285,N,0.69444,Rapido-1,600,1250,1050,35*5,81.25,198.74,4.52,A1605-24060091-1A,N,30.76,30.56,-0.20,-0.12,0.83,0.71,-0.12,-1.28,-1.11,0.17,,1.32,-0.29,,302.61,-0.01,0.32,1724,0.6696,1578,0.5243,1430,0.1221,無,0,無,0,無,0,無,0
F9302-26011555,F9302-26011555,TQ,5,SCK-4186,N,1.04167,Rapido-2,400,1250,1000,30*30,95.50,318.13,8.89,A1605-25090197-1A,N,44.20,44.32,0.12,0.06,3.11,2.64,-0.47,-41.81,-41.16,0.65,,41.24,-0.29,,273.67,-0.31,0.43,1585,0.873,1567,0.253,1681,0.2185,無,0,無,0,無,0,無,0
F9302-26011561,F9302-26011561,GR,7,SW-80779C0,Y,1.04167,Rapido-2,400,1350,1050,35*30(2025/12/12),62.00,629.63,5.24,A1605-25080195-1A,N,28.23,28.16,-0.07,-0.04,-18.00,-17.93,0.07,-4.04,-4.08,-0.04,,18.39,-0.04,,192.83,0.04,0.07,1576,1.012,1565,1,1588,0.78,1191,0.546,無,0,無,0,無,0
F9302-26011563,F9302-26011563,BK,3,SCK-3673,N,0.69444,Rapido-2,600,1300,1100,30*30,60.75,400.92,7.29,2007138-2P,N,15.33,15.30,-0.03,-0.03,0.24,0.61,0.37,-0.71,-0.78,-0.07,,0.99,0.35,,307.95,0.43,0.55,1862,4,1724,1.552,1588,0.75,1430,0.69,1848,0.6,1191,0.152,無,0
F9302-26011601,F9302-26011601,GY,2,SCK-2285,N,0.69444,Rapido-1,600,1250,1050,35*50,76.25,193.43,5.08,A1605-24060091-1A,N,30.76,30.44,-0.32,-0.20,0.83,0.68,-0.15,-1.28,-1.15,0.14,,1.33,-0.27,,300.70,-0.08,0.34,1724,0.6696,1578,0.5243,1430,0.1221,無,0,無,0,無,0,無,0
F9302-26011630,F9302-26011630,BK,3,SW-8992C0,Y,1.04167,Rapido-2,800,1400,1000,45*40,43.75,1320.41,4.79,A1605-24030081-2C,Y,17.69,21.01,3.32,3.00,-1.05,-0.55,0.50,-2.27,-2.21,0.06,,2.28,-0.28,,256.13,0.60,3.08,1862,2.8,1142,0.08625,1430,0.03,無,0,無,0,無,0,無,0
F9302-26011665,F9302-26011665,BK,7,SW-80779C0,Y,1.04167,Rapido-2,800,1350,1050,35*30(2025/12/12),58.50,569.61,5.26,A1605-25080195-5F,N,17.63,17.22,-0.41,-0.38,0.44,0.30,-0.13,-1.13,-1.26,-0.13,,1.30,0.12,,283.44,-0.24,0.46,1862,3.3,1863,1,1588,0.65,1722,0.47,1430,0.025,無,0,無,0
F9302-26011797,F9302-26011797,BK,7,SCK-4514,N,0.69444,Rapido-2,300,1200,950,35*40(2025/12/23),47.00,588.47,4.15,A1605-25080218-1B,N,15.07,15.51,0.44,0.43,0.45,0.55,0.10,-1.00,-1.18,-0.18,,1.30,0.29,,295.20,0.03,0.52,1862,3.2,1863,1.5,1391,0.7,1191,0.395,無,0,無,0,無,0
F9302-26011883,F9302-26011883,BK,3,SCK-3894,N,1.5625,Rapido-2,400,1250,1000,40*30限上走,69.00,329.17,5.08,A1605-21120005-1A,N,15.55,14.66,-0.89,-0.87,0.37,0.42,0.05,-0.18,-0.38,-0.20,,0.57,0.24,,317.84,-0.20,0.92,1862,2.86,1722,0.682,1588,0.525,1430,0.265,1191,0.12025,無,0,無,0
F9302-26011903,F9302-26011903,TQ,5,SCK-4186,N,1.04167,Rapido-2,400,1250,1000,30*30,49.00,599.41,8.99,A1605-25090197-1A,N,44.20,44.34,0.13,0.07,3.11,2.79,-0.33,-41.81,-41.08,0.73,,41.17,-0.32,,273.88,-0.20,0.38,1585,0.873,1567,0.253,1681,0.2185,無,0,無,0,無,0,無,0
F9302-26011920,F9302-26011920,NB,2,SCK-3672,N,1.04167,Rapido-2,400,1300,1000,45*40,55.00,497.04,6.00,A1605-24050205-1G,N,20.85,20.30,-0.55,-0.44,-0.66,-0.72,-0.07,-7.50,-7.42,0.08,,7.45,-0.07,,264.43,-0.10,0.46,1593,1.456,1578,0.728,1722,0.4242,1391,0.23,1142,0.1648,無,0,無,0
F9302-26011945,F9302-26011945,BK,3,SCK-3814,N,2.08333,Rapido-2,400,1300,1100,30*40,62.50,299.65,4.94,2011071-4D,N,15.26,15.21,-0.05,-0.05,0.48,0.52,0.04,-1.17,-1.09,0.09,,1.21,-0.09,,295.70,0.10,0.14,1862,3,1863,0.575,1724,0.56,1391,0.2125,無,0,無,0,無,0
F9302-26011963,F9302-26011963,BK,7,SCK-3230,N,1.66667,Rapido-2,200,1050,850,25*20,166.00,256.42,12.82,2003130-1B,Y,13.79,14.63,0.84,0.82,-0.16,0.14,0.30,-1.29,-0.90,0.40,,0.91,-0.55,,278.69,0.42,1.07,1862,4,1863,0.7,1142,0.28,1391,0.22,無,0,無,0,無,0
F9302-26011993,F9302-26011993,GY,2,SW-80761C0,Y,0.69444,Rapido-2,400,1350,1000,40*40,70.50,354.85,4.03,A1605-23070107-1G,Y,26.94,25.60,-1.34,-0.89,-0.02,0.97,0.99,-2.05,-1.97,0.08,,2.19,0.19,,296.31,1.33,1.62,1862,0.825,1576,0.4368,1430,0.3654,1191,0.2666,1722,0.0405,無,0,無,0
F9302-26012069,F9302-26012069,GR,1,SW-80779C0,Y,1.04167,Rapido-2,800,1350,1050,35*30(2025/12/12),58.75,396.77,4.69,A1605-25080216-2A,N,86.35,86.23,-0.12,-0.04,-11.02,-11.47,-0.44,16.31,16.36,0.05,,19.98,0.18,,125.03,0.28,0.33,1111,0.0342,1510,0.0073,1681,0.0011,無,0,無,0,無,0,無,0
F9302-26012076,F9302-26012076,NB,6,SCK-3778,N,1.04167,Rapido-2,400,1250,1000,30*30,68.00,340.37,5.52,A1605-25110146-2C,N,18.80,19.01,0.22,0.19,1.30,1.30,-0.01,-7.38,-7.11,0.27,,7.23,-0.25,,280.32,0.06,0.32,1862,1.2,1578,0.95,1430,0.663,1191,0.2236,無,0,無,0,無,0
F9302-26012121,F9302-26012121,BK,7,SW-80779C0,Y,1.04167,Rapido-2,800,1350,1050,35*30(2025/12/12),59.00,479.29,5.01,A1605-25080195-5F,N,17.63,17.21,-0.42,-0.38,0.44,0.31,-0.12,-1.13,-1.23,-0.10,,1.27,0.08,,284.20,-0.21,0.45,1862,3.3,1863,1,1588,0.65,1722,0.47,1430,0.025,無,0,無,0
F9302-26012135,F9302-26012135,RW,7,SW-80779C0,Y,1.04167,Rapido-2,400,1350,1050,35*30(2025/12/12),52.50,478.46,4.49,A1605-25080195-4A,N,26.36,25.89,-0.47,-0.32,27.53,26.85,-0.67,0.72,1.00,0.28,,26.87,-0.34,,2.12,0.23,0.52,1384,2.4,1430,0.7,1722,0.4802,1565,0.3984,無,0,無,0,無,0
F9302-26012191,F9302-26012191,NB,3,SCK-3682WP4,N,0.59524,Rapido-2,200,1250,1000,35*30,57.00,289.53,7.50,A1605-21120101-2E,N,25.23,24.21,-1.02,-0.72,-0.18,-0.35,-0.18,-9.90,-9.87,0.03,,9.88,-0.02,,267.94,-0.23,0.75,1862,1.9,1578,0.8,1430,0.4,無,0,無,0,無,0,無,0
F9302-26012214,F9302-26012214,BK,7,SW-80779C0,Y,1.04167,Rapido-2,800,1350,1050,35*30(2025/12/12),67.75,499.72,4.40,A1605-25080195-5F,N,17.63,17.29,-0.34,-0.31,0.44,0.31,-0.12,-1.13,-1.28,-0.15,,1.32,0.15,,283.79,-0.23,0.41,1862,3.3,1863,1,1588,0.65,1722,0.47,1430,0.025,無,0,無,0
F9302-26012314,F9302-26012314,BK,3,SW-80218C0,Y,1.04167,Rapido-2,100,1250,1000,35*40,13.50,2251.85,9.09,A1605-22110097-1B,N,18.61,18.79,0.18,0.16,1.37,1.31,-0.05,-1.39,-1.26,0.12,,1.82,-0.16,,316.11,0.07,0.24,1862,3.007,1722,0.3395,1430,0.06305,無,0,無,0,無,0,無,0
F9302-26012338,F9302-26012338,GR,1,SW-80779C0,Y,1.04167,Rapido-2,800,1350,1050,35*30(2025/12/12),59.25,379.83,4.64,A1605-25080216-2A,N,86.35,86.10,-0.24,-0.09,-11.02,-11.44,-0.42,16.31,16.30,-0.01,,19.91,0.14,,125.07,0.29,0.33,1111,0.0342,1510,0.0073,1681,0.0011,無,0,無,0,無,0,無,0
F9302-26012371,F9302-26012371,BK,6,SK-1329,N,2.08333,Rapido-2,600,1250,1000,25*30,66.75,557.74,6.98,A1605-25100010-1B,Y,17.81,18.36,0.55,0.50,0.68,0.06,-0.62,-2.40,-2.54,-0.14,,2.54,0.06,,271.39,-0.85,0.98,1862,1.6,1391,0.5035,1578,0.5,1191,0.28,無,0,無,0,無,0
F9302-26012378,F9302-26012378,OL,5,SW-80347C0,Y,1.04167,Rapido-2,400,1400,1000,45*40,46.00,883.00,4.96,A1605-25050137-2C,Y,37.98,37.58,-0.40,-0.21,-4.33,-4.35,-0.02,4.22,3.85,-0.37,,5.81,-0.24,,138.47,0.33,0.46,1567,0.5175,1191,0.2378,1391,0.178,1201,0.1632,無,0,無,0,無,0
F9302-26012394,F9302-26012394,BK,6,SK-1298C0,N,1.38889,Rapido-1,600,1250,1000,30*30,69.75,352.67,7.50,A1605-24120054-1C,N,15.26,15.26,0.00,0.00,0.48,0.51,0.03,-1.17,-1.21,-0.03,,1.31,0.06,,292.99,0.02,0.06,1862,3.1365,1863,0.99,1391,0.52,1191,0.30475,無,0,無,0,無,0
F9302-26012408,F9302-26012408,BK,6,SW-80427C0,Y,1.04167,Rapido-2,200,1350,1000,40*30,52.00,591.10,7.06,A1605-25120024-1A,N,21.54,21.26,-0.28,-0.22,-1.01,-0.74,0.27,-6.04,-5.89,0.15,,5.93,-0.19,,262.81,0.32,0.43,1862,1.5,1578,0.75,1724,0.35,1430,0.1,無,0,無,0,無,0
F9302-26012418,F9302-26012418,GY,3,SCK-818,N,0.59524,Rapido-2,400,1250,1050,35*30,76.00,230.39,5.03,1803086-1D,N,77.77,77.44,-0.32,-0.12,-0.08,0.16,0.24,-2.37,-2.42,-0.05,,2.43,0.07,,273.77,0.32,0.35,1530,0.02668,1400,0.01612,1181,0.007695,無,0,無,0,無,0,無,0
F9302-26012482,F9302-26012482,BK,7,SW-80779C0,Y,1.04167,Rapido-2,800,1350,1050,35*30(2025/12/12),70.00,364.93,4.37,A1605-25080195-5F,N,17.63,16.98,-0.65,-0.59,0.44,0.40,-0.04,-1.13,-1.24,-0.10,,1.30,0.12,,287.75,-0.10,0.61,1862,3.3,1863,1,1588,0.65,1722,0.47,1430,0.025,無,0,無,0
F9302-26012518,F9302-26012518,GY,2,SCK-3230,N,1.66667,Rapido-2,200,1050,850,25*20,147.00,140.65,11.43,1711131-1A,N,32.95,32.14,-0.80,-0.47,-0.86,-0.80,0.05,-1.88,-1.78,0.10,,1.95,-0.15,,245.62,0.01,0.49,1576,0.73645,1724,0.54,1430,0.044,無,0,無,0,無,0,無,0
F9302-26012531,F9302-26012531,BL,5,SCK-4186,N,1.04167,Rapido-2,400,1250,1000,30*30,42.00,688.81,11.27,A1605-25030245-1A,N,23.24,22.60,-0.65,-0.48,8.13,7.91,-0.22,-26.66,-26.50,0.16,,27.66,-0.11,,286.62,-0.15,0.51,1588,1,1578,0.8,1640,0.48,1722,0.048,無,0,無,0,無,0
F9302-26012536,F9302-26012536,BK,3,SCK-3034,Y,0.69444,Rapido-2,400,1300,1000,40*40,112.00,271.23,3.73,1611250-2A,N,17.94,17.46,-0.47,-0.42,-0.76,-0.50,0.26,-1.68,-1.04,0.64,,1.15,-0.91,,244.53,-0.04,1.01,1861,4.025,1391,0.819,1142,0.462,1848,0.45,無,0,無,0,無,0
F9302-26012567,F9302-26012567,PU,3,SCK-4186,N,1.04167,Rapido-2,400,1250,1000,35*30,52.50,438.95,8.89,A1605-24090192-2A,N,27.30,26.53,-0.76,-0.50,6.71,6.60,-0.11,-8.01,-8.06,-0.05,,10.42,-0.02,,309.30,-0.14,0.52,1576,1.18,1384,0.7498,1142,0.15229,1722,0.13775,無,0,無,0,無,0
F9302-26012583,F9302-26012583,OL,4,SW-80675C0,N,1.04167,Rapido-2,400,1250,1000,30*30,44.50,698.92,6.96,A1605-25030009-5D,Y,38.03,37.51,-0.52,-0.28,-0.06,-0.59,-0.53,14.39,14.00,-0.38,,14.02,-0.26,,92.40,0.63,0.74,1201,0.38,1578,0.347,1191,0.333,1391,0.117,無,0,無,0,無,0
F9302-26012600,F9302-26012600,GY,3,SCK-818,N,0.59524,Rapido-2,400,1250,1050,35*30,51.00,334.57,5.03,1803086-1D,N,77.77,77.55,-0.22,-0.08,-0.08,0.07,0.15,-2.37,-2.30,0.07,,2.30,-0.10,,271.84,0.21,0.24,1530,0.02668,1400,0.01612,1181,0.007695,無,0,無,0,無,0,無,0
F9302-26012649,F9302-26012649,BK,3,SCK-3642,N,1.04167,Conveyor-1,300,88,270,140,482.00,32.06,3.33,1911198-2A,N,15.26,13.88,-1.38,-1.35,0.48,0.41,-0.08,-1.17,-1.02,0.15,,1.10,-0.24,,291.72,-0.02,1.37,1862,1.62,1724,0.759,1848,0.63,1430,0.1932,無,0,無,0,無,0
F9302-26012700,F9302-26012700,BK,7,SW-80779C0,Y,1.04167,Rapido-2,800,1350,1050,35*30(2025/12/12),68.50,481.80,4.40,A1605-25080195-5F,N,17.63,17.25,-0.38,-0.34,0.44,0.30,-0.13,-1.13,-1.28,-0.14,,1.31,0.14,,283.23,-0.24,0.44,1862,3.3,1863,1,1588,0.65,1722,0.47,1430,0.025,無,0,無,0
F9302-26012715,F9302-26012715,GY,2,SW-8105,Y,0.69444,Rapido-2,50,1250,1050,25*3,11.00,1625.27,10.00,A1605-25110145-1B,N,52.48,51.82,-0.67,-0.30,3.03,2.69,-0.35,6.06,5.46,-0.60,,6.08,-0.67,,63.78,0.07,0.74,1576,0.198,1391,0.14,1191,0.128,1722,0.031,無,0,無,0,無,0
F9302-26012823,F9302-26012823,BK,5,SW-80675C0,N,1.04167,Rapido-1,600,1250,1000,30*30,130.50,231.81,10.27,A1605-25030009-3D,Y,27.27,27.07,-0.20,-0.13,0.56,0.07,-0.49,-0.40,-0.76,-0.36,,0.76,0.11,,275.23,-0.89,0.91,1862,0.9,1391,0.485,1191,0.31,1578,0.19,無,0,無,0,無,0
F9302-26012848,F9302-26012848,NB,3,SCK-3549,N,1.04167,Rapido-1,600,1200,900,30*30,52.00,544.33,8.33,A1605-21110032-2A,N,22.13,21.65,-0.48,-0.36,0.45,0.16,-0.29,-11.48,-11.52,-0.04,,11.52,0.02,,270.79,-0.37,0.52,1578,1.595,1722,0.28336,1430,0.2247,1191,0.1155,無,0,無,0,無,0
F9302-26012894,F9302-26012894,GR,6,SCK-4186,N,1.04167,Rapido-2,600,1250,1000,30*30,56.00,466.00,6.98,A1605-25030180-1A,N,29.10,28.43,-0.67,-0.42,-18.58,-17.99,0.59,-4.09,-3.86,0.23,,18.40,-0.39,,192.11,-0.08,0.58,1576,1.161,1565,0.93,1191,0.563,1588,0.39285,無,0,無,0,無,0
F9302-26012897,F9302-26012897,OL,2,SK-637,N,1.04167,Rapido-2,100,1200,950,30*40,23.50,960.81,5.66,A1605-25100165-3B,Y,54.63,53.21,-1.42,-0.62,-11.33,-11.29,0.05,-1.63,-2.40,-0.77,,11.54,0.07,,191.99,0.78,1.00,1565,0.2205,1142,0.041172,1391,0.02,1722,0.01504,無,0,無,0,無,0
F9302-26012919,F9302-26012919,BK,3,SCK-3549,N,1.04167,Rapido-2,400,1200,900,30*30,66.00,405.02,6.35,1911097-1A,N,15.26,15.05,-0.21,-0.21,0.48,0.62,0.13,-1.17,-0.92,0.25,,1.11,-0.22,,303.88,0.33,0.45,1862,3.96,1724,1.056,1430,0.57,1588,0.425,1142,0.12,無,0,無,0
F9302-26012923,F9302-26012923,GR,2,SCK-4186EM,N,1.04167,Rapido-1,600,1250,1000,30*30(2025/12/23),58.25,395.36,8.38,A1605-25120073-1A,N,59.74,59.56,-0.18,-0.07,-9.38,-9.31,0.07,7.60,7.41,-0.19,,11.90,-0.13,,141.51,0.11,0.19,1576,0.152,1142,0.058,1724,0.0494,無,0,無,0,無,0,無,0
F9302-26012951,F9302-26012951,BL,3,SCK-4489,N,0.52083,Conveyor-1,300,85,270,140,450.00,40.46,4.00,A1605-25030076-11A,N,42.77,42.59,-0.18,-0.09,-4.54,-4.66,-0.12,-4.92,-5.20,-0.28,,6.98,0.28,,228.14,0.12,0.32,1576,0.3636,1724,0.207,1565,0.0873,1142,0.0111,無,0,無,0,無,0
F9302-26012962,F9302-26012962,BK,3,SCK-1268S,Y,0.52083,Rapido-2,200,1200,900,40*40,61.00,814.72,7.89,1810161-1A,Y,18.97,19.22,0.24,0.21,-0.43,0.27,0.70,-3.43,-3.07,0.36,,3.08,-0.45,,275.03,0.90,1.03,1862,4.4,1848,0.5,1430,0.194,1578,0.1875,1722,0.098,無,0,無,0
F9302-26012963,F9302-26012963,BK,3,SW-80779C0,Y,1.04167,Rapido-2,200,1350,1050,35*30(2025/12/12),53.00,491.85,8.22,A1605-23110101-1D,N,16.25,17.08,0.83,0.80,0.67,0.83,0.16,-0.70,-1.19,-0.49,,1.45,0.69,,305.09,-0.26,1.09,1862,4.068,1722,0.44,1848,0.392,1588,0.015,無,0,無,0,無,0
F9302-26012966,F9302-26012966,GR,2,SCK-4186,N,1.04167,Rapido-2,300,1250,1000,30*30,56.50,422.60,7.41,A1605-24040074-1A,N,32.81,32.51,-0.29,-0.17,0.07,0.09,0.02,5.92,6.06,0.15,,6.06,0.15,,89.15,-0.02,0.23,1578,0.5022,1191,0.3663,1722,0.2574,1391,0.24931,無,0,無,0,無,0
F9302-26012975,F9302-26012975,TQ,5,SCK-4186EM,N,1.04167,Rapido-2,400,1250,1000,30*30(2025/12/23),69.00,451.84,6.35,A1605-25120109-1A,N,43.18,42.59,-0.59,-0.29,4.41,4.13,-0.28,-42.03,-41.59,0.44,,41.79,-0.20,,275.68,-0.17,0.39,1585,0.9975,1681,0.2755,1567,0.247,無,0,無,0,無,0,無,0
F9302-26013059,F9302-26013059,GR,2,SCK-4186,N,1.04167,Rapido-2,300,1250,1000,30*30,42.00,642.74,11.11,A1605-24040074-1A,N,32.81,32.53,-0.28,-0.16,0.07,0.04,-0.03,5.92,5.98,0.06,,5.98,0.06,,89.62,0.05,0.18,1578,0.5022,1191,0.3663,1722,0.2574,1391,0.24931,無,0,無,0,無,0
F9302-26013068,F9302-26013068,OL,5,SCK-4489,N,0.52083,Conveyor-1,300,80,260,140,444.00,78.70,4.18,A1605-25030076-7A,Y,30.54,31.09,0.55,0.34,-2.23,-2.95,-0.72,13.90,13.63,-0.28,,13.94,-0.10,,102.20,0.84,0.91,1565,0.8632,1142,0.5096,1201,0.43857,1430,0.23,無,0,無,0,無,0
F9302-26013098,F9302-26013098,WH,3,SCK-4186,N,1.04167,Rapido-2,400,1250,1000,30*30,43.00,455.09,11.11,A1605-23100054-2B,N,90.10,90.32,0.22,0.08,0.39,0.23,-0.16,5.90,6.10,0.20,,6.10,0.20,,87.85,0.24,0.32,1111,0.007442,1310,0.00486,1510,0.001792,無,0,無,0,無,0,無,0
F9302-26013143,F9302-26013143,TQ,5,SCK-4186,N,1.04167,Rapido-2,400,1250,1000,30*30,49.50,597.13,8.89,A1605-25090197-1A,N,44.20,43.85,-0.36,-0.18,3.11,2.81,-0.30,-41.81,-40.91,0.90,,41.00,-0.39,,273.93,-0.17,0.46,1585,0.873,1567,0.253,1681,0.2185,無,0,無,0,無,0,無,0
F9302-26013144,F9302-26013144,BK,3,SCK-4186,N,1.04167,Rapido-2,400,1250,1000,30*30,125.50,231.52,6.99,A1605-23040175-5C,N,15.33,15.41,0.08,0.08,0.62,0.70,0.08,-1.42,-1.05,0.37,,1.26,-0.40,,303.85,0.35,0.53,1862,4.375,1848,0.48,1722,0.4725,1430,0.2325,1142,0.108,無,0,無,0
F9302-26013145,F9302-26013145,BK,3,SCK-4186,N,1.04167,Rapido-2,200,1250,1000,30*30,69.00,322.12,7.81,A1605-23040175-5C,N,15.33,15.12,-0.21,-0.21,0.62,0.53,-0.09,-1.42,-1.07,0.35,,1.19,-0.49,,296.33,0.09,0.54,1862,4.375,1848,0.48,1722,0.4725,1430,0.2325,1142,0.108,無,0,無,0
F9302-26013177,F9302-26013177,NB,3,SCK-3034,Y,0.69444,Rapido-2,400,1300,1050,40*30,73.50,518.01,4.29,2007039-2F,N,20.13,18.89,-1.24,-1.02,4.36,3.94,-0.43,-12.34,-10.82,1.51,,11.52,-1.16,,289.98,0.13,1.55,1383,2.1804,1578,1.836,1861,0.96,1722,0.15096,無,0,無,0,無,0
F9302-26013247,F9302-26013247,GR,2,SCK-4186,N,1.04167,Rapido-2,300,1250,1000,30*30,65.50,613.24,11.27,A1605-24040074-1A,Y,32.81,33.31,0.51,0.30,0.07,0.00,-0.07,5.92,6.06,0.14,,6.06,0.14,,89.99,0.10,0.34,1578,0.5022,1191,0.3663,1722,0.2574,1391,0.24931,無,0,無,0,無,0
F9302-26013253,F9302-26013253,BK,3,SCK-4259AM,Y,0.83333,Rapido-2,400,1250,1000,35*40,46.00,785.09,8.70,A1605-24030197-1B,Y,20.49,20.28,-0.21,-0.17,0.34,0.80,0.46,-3.38,-3.28,0.10,,3.38,-0.03,,283.76,0.63,0.65,1862,2.72,1863,0.425,1722,0.2625,1391,0.18,無,0,無,0,無,0
F9302-26013254,F9302-26013254,BK,3,SCK-3724,Y,0.69444,Rapido-2,400,1200,900,30*30,90.50,518.86,5.03,2005084-4A,Y,18.15,17.78,-0.37,-0.33,0.41,0.95,0.54,-1.09,-0.75,0.34,,1.21,0.07,,321.76,0.91,0.97,1862,5,1848,0.5,1722,0.476,1588,0.2,1142,0.1971,1430,0.0012,無,0
F9302-26013267,F9302-26013267,NB,2,SCK-4259AM,Y,0.83333,Rapido-2,400,1250,1000,35*30,54.00,389.44,6.84,A1605-24050223-1E,N,26.89,26.50,-0.40,-0.26,-3.09,-2.96,0.13,-13.58,-13.51,0.07,,13.83,-0.07,,257.63,0.13,0.30,1593,1.44,1578,0.495,1391,0.3686,1191,0.2604,無,0,無,0,無,0
F9302-26013274,F9302-26013274,GR,2,SCK-4186,N,1.04167,Rapido-2,200,1250,1000,30*30,105.00,178.28,6.74,A1605-23120006-1K,N,44.95,44.20,-0.75,-0.36,0.15,0.08,-0.07,0.72,0.61,-0.11,,0.62,-0.17,,82.38,0.07,0.41,1576,0.3822,1724,0.3234,1430,0.04704,1142,0.01581,無,0,無,0,無,0
F9302-26013327,F9302-26013327,BK,6,SCK-4489,N,0.52083,Conveyor-1,300,85,270,140,480.00,41.60,4.18,A1605-25030076-12B,N,15.27,14.48,-0.79,-0.77,0.46,0.44,-0.02,-1.07,-1.14,-0.07,,1.23,0.08,,291.14,-0.07,0.78,1862,2.55,1391,0.714,1191,0.4,無,0,無,0,無,0,無,0
F9302-26013366,F9302-26013366,BK,3,SCK-3642,N,1.04167,Conveyor-1,300,88,270,140,481.00,37.56,4.18,1911198-2A,N,15.26,13.85,-1.41,-1.38,0.48,0.40,-0.09,-1.17,-1.10,0.07,,1.17,-0.14,,289.85,-0.08,1.39,1862,1.62,1724,0.759,1848,0.63,1430,0.2212,無,0,無,0,無,0
F9302-26013384,F9302-26013384,BK,7,SCK-3230,N,1.66667,Rapido-2,200,1050,850,25*20,163.00,144.20,12.82,2003130-1B,N,13.79,14.17,0.38,0.37,-0.16,0.13,0.29,-1.29,-0.92,0.38,,0.93,-0.53,,277.94,0.41,0.76,1862,4,1863,0.7,1142,0.28,1391,0.22,無,0,無,0,無,0
F9302-26013391,F9302-26013391,GY,1,SW-80218C0,Y,1.04167,Rapido-2,100,1250,1000,35*40,13.00,1241.23,6.25,A1605-25110016-1A,N,73.36,73.85,0.49,0.19,-1.53,-1.10,0.44,-0.34,-0.22,0.12,,1.12,-0.61,,191.14,-0.04,0.64,1534,0.094,1451,0.04,1233,0.028,1183,0.012,無,0,無,0,無,0
F9302-26013396,F9302-26013396,BL,5,SW-8860C0,N,1.04167,Rapido-2,50,1200,1000,30*40,10.00,1793.20,8.00,A1605-25070013-2B,N,33.15,33.56,0.42,0.24,7.97,7.32,-0.66,-32.80,-32.84,-0.03,,33.64,-0.06,,282.56,-0.54,0.59,1585,0.8428,1565,0.76,1640,0.3008,1191,0.03492,無,0,無,0,無,0
F9302-26013398,F9302-26013398,RE,3,SW-80218C0,Y,1.04167,Rapido-2,100,1250,1000,35*40,12.50,1995.04,6.06,A1605-25110016-3A,N,51.81,51.21,-0.60,-0.27,42.70,43.29,0.60,16.86,18.07,1.22,,46.92,0.41,,22.66,0.63,0.80,1351,0.89,1201,0.045,1580,0.029,無,0,無,0,無,0,無,0
F9302-26013431,F9302-26013431,GR,3,SW-80218C0,Y,1.04167,Rapido-2,100,1250,1000,35*40,13.00,2310.15,6.06,A1605-25110016-2B,Y,44.55,45.39,0.84,0.41,-3.73,-3.11,0.62,8.23,9.14,0.91,,9.66,0.54,,108.79,-1.07,1.27,1191,0.304,1565,0.2945,1430,0.19,無,0,無,0,無,0,無,0
F9302-26013461,F9302-26013461,BK,3,SW-80328C0,Y,1.04167,Rapido-2,800,1300,1000,40*4,86.75,618.87,4.22,A1605-23100160-1D,Y,16.66,17.70,1.04,0.99,-0.15,0.24,0.39,-1.85,-1.85,0.00,,1.87,0.02,,277.49,0.54,1.13,1862,3.3,1848,0.55,1722,0.208,1588,0.2,無,0,無,0,無,0
F9302-26013469,F9302-26013469,BR,4,SCK-4186,N,1.04167,Rapido-2,200,1250,1000,30*30,80.00,369.75,8.45,A1605-25030173-1A,Y,37.66,37.05,-0.61,-0.33,2.86,2.45,-0.41,16.27,16.23,-0.04,,16.41,-0.07,,81.42,0.50,0.60,1191,0.405,1722,0.405,1578,0.30264,1430,0.0909,無,0,無,0,無,0
F9302-26013479,F9302-26013479,BL,5,SCK-3562,N,0.69444,Rapido-2,400,1350,1100,30*30,39.50,603.59,10.00,A1605-25030249-1C,N,23.23,22.81,-0.42,-0.31,7.50,7.56,0.05,-26.30,-26.12,0.18,,27.19,-0.08,,286.14,0.09,0.34,1588,1.204,1578,1.05,1640,0.55104,1722,0.051,無,0,無,0,無,0
F9302-26013482,F9302-26013482,BK,5,SW-80096C0,Y,1.04167,Rapido-2,400,1350,1050,35*30,32.00,728.28,8.51,A1605-21060114-1A,N,20.26,20.24,-0.02,-0.02,-0.96,-0.95,0.01,-2.91,-3.46,-0.55,,3.59,0.63,,254.68,0.22,0.67,1862,2.185,1578,0.27,1391,0.23,1191,0.13,無,0,無,0,無,0
F9302-26013554,F9302-26013554,GY,2,SW-80055C0,N,1.04167,Rapido-2,400,1250,1050,30*30,47.00,295.11,8.51,A1605-25030257-3A,N,77.87,78.12,0.25,0.09,-1.85,-1.58,0.27,-5.70,-5.25,0.45,,5.48,-0.52,,253.24,0.15,0.55,1510,0.033,1310,0.0238,1111,0.0148,無,0,無,0,無,0,無,0
F9302-26013577,F9302-26013577,OL,5,SK-1085,N,0.52083,Rapido-2,300,1100,600,45*40,111.50,159.64,4.30,A1605-25030054-3C,N,39.98,39.61,-0.37,-0.19,-10.03,-9.93,0.11,4.21,4.16,-0.05,,10.76,-0.09,,157.24,0.00,0.21,1576,0.665,1191,0.252,1201,0.181,1580,0.14,無,0,無,0,無,0
F9302-26013579,F9302-26013579,BK,3,SCK-3034,Y,0.69444,Rapido-2,800,1200,900,40*40,112.25,280.08,3.19,1611250-2A,N,17.94,17.98,0.04,0.04,-0.76,-0.53,0.23,-1.68,-1.14,0.54,,1.26,-0.77,,245.16,-0.02,0.78,1861,4.025,1391,0.819,1142,0.462,1848,0.45,無,0,無,0,無,0
F9302-26013582,F9302-26013582,OR,5,FS-8919C0,N,0.83333,Rapido-2,100,1050,850,25*2,21.50,964.88,14.29,A1605-25030223-10B,N,54.32,54.08,-0.23,-0.10,47.26,49.11,1.85,34.90,36.20,1.31,,61.01,0.82,,36.40,-0.03,0.83,1351,1.25,1201,0.765,1580,0.0265,無,0,無,0,無,0,無,0
F9302-26013593,F9302-26013593,TQ,4,SK-1008C0,N,0.83333,Rapido-2,400,1200,950,25*20,63.00,483.90,13.33,A1605-25120051-4B,N,40.75,39.21,-1.55,-0.80,10.04,10.93,0.89,-40.04,-40.46,-0.42,,41.91,0.27,,285.11,0.57,1.01,1585,1.05,1681,0.4,1565,0.184,1383,0.16,無,0,無,0,無,0
F9302-26013595,F9302-26013595,BK,7,SW-80352C01,Y,0.69444,Rapido-2,800,1200,950,25*20(2025/11/27),62.00,446.53,10.11,A1605-25050127-1A,N,18.39,16.59,-1.79,-1.58,1.13,0.78,-0.34,-0.26,-0.60,-0.34,,0.99,-0.24,,322.44,-0.64,1.72,1862,3.5,1722,0.6758,1391,0.168,1191,0.075,無,0,無,0,無,0
F9302-26013628,F9302-26013628,RE,6,SCK-4526,N,0.90278,Rapido-2,50,1200,900,30*30,8.50,2553.18,10.71,A1605-25110015-2B,N,34.34,33.96,-0.38,-0.22,36.20,35.33,-0.86,21.46,20.67,-0.80,,40.93,-0.48,,30.32,-0.20,0.57,1362,2.4,1722,0.74,1191,0.4,1565,0.21,無,0,無,0,無,0
F9302-26013667,F9302-26013667,BL,1,SCK-3928,N,1.04167,Rapido-2,400,1300,1050,35*30,66.00,494.18,4.15,A1605-25050020-1B,Y,83.23,82.94,-0.29,-0.10,-8.97,-9.17,-0.20,-8.44,-9.41,-0.97,,13.14,0.62,,225.73,0.57,0.85,1580,0.05,1310,0.008,1111,0.0022,無,0,無,0,無,0,無,0
F9302-26013771,F9302-26013771,BK,6,SW-80055C0,N,1.04167,Rapido-2,400,1350,1150,30*30,47.50,399.09,7.08,A1605-25060057-1A,N,21.64,21.44,-0.19,-0.15,0.88,0.86,-0.03,-11.90,-11.97,-0.07,,12.00,0.05,,274.09,-0.04,0.17,1578,1.6308,1391,0.626,1862,0.39,1191,0.184,無,0,無,0,無,0
F9302-26013810,F9302-26013810,GR,6,SCK-4186,N,1.04167,Rapido-2,600,1250,1000,30*30,43.75,551.22,9.32,A1605-25030180-1A,N,29.10,28.30,-0.80,-0.51,-18.58,-18.04,0.54,-4.09,-3.84,0.25,,18.44,-0.36,,192.02,-0.11,0.63,1576,1.161,1565,0.93,1191,0.563,1588,0.39285,無,0,無,0,無,0
F9302-26013893,F9302-26013893,PU,5,SW-8965C6,Y,0.69444,Rapido-2,400,1300,1050,45*30,63.00,479.59,4.59,A1605-25120144-1A,N,32.21,30.79,-1.42,-0.84,36.74,36.65,-0.09,-16.27,-15.23,1.05,,39.68,-0.22,,337.44,0.55,1.03,1374,2,1430,0.65,1580,0.075,1640,0.075,無,0,無,0,無,0
F9302-26013900,F9302-26013900,GR,6,SCK-4186,N,1.04167,Rapido-2,600,1250,1000,30*30,48.25,522.92,10.00,A1605-25090080-2D,N,44.00,43.46,-0.55,-0.27,-38.63,-39.16,-0.53,-7.07,-6.68,0.38,,39.73,0.20,,189.69,-0.27,0.43,1568,0.8961,1585,0.882,1191,0.18156,1013,0.0289,無,0,無,0,無,0
F9302-26013927,F9302-26013927,BL,7,SCK-4132,Y,1.04167,Rapido-2,200,1200,1000,40*40,84.00,231.99,5.17,A1605-23020040-2A,N,25.33,25.52,0.19,0.13,-8.72,-8.43,0.29,-15.56,-15.92,-0.36,,18.01,0.11,,242.09,0.39,0.43,1593,1.7,1588,1.242,1565,0.94,1191,0.23,無,0,無,0,無,0
F9302-26013963,F9302-26013963,BK,6,SK-1298C0,N,1.38889,Rapido-1,600,1250,1000,30*30,77.75,401.11,7.50,A1605-24120054-1C,N,15.26,15.14,-0.12,-0.12,0.48,0.59,0.11,-1.17,-1.23,-0.06,,1.37,0.14,,295.67,0.11,0.21,1862,3.1365,1863,0.99,1391,0.52,1191,0.30475,無,0,無,0,無,0
F9302-26013971,F9302-26013971,OL,3,SCW-136,Y,0.69444,Rapido-2,100,1200,900,25*2,15.00,1132.13,11.11,A1605-25120008-2A,N,44.51,44.74,0.23,0.11,-2.61,-3.05,-0.44,0.80,0.80,0.00,,3.15,0.53,,165.30,0.16,0.56,1565,0.453,1391,0.22795,1191,0.205,無,0,無,0,無,0,無,0
F9302-26014009,F9302-26014009,GR,4,SW-80352C01,Y,0.69444,Rapido-2,300,1200,950,25*20(2025/11/27),53.00,616.17,11.11,A1605-25030051-2A,Y,34.29,35.00,0.70,0.40,-9.19,-9.29,-0.09,3.83,3.82,-0.01,,10.04,0.07,,157.63,0.04,0.41,1576,0.5525,1565,0.5124,1191,0.3393,1722,0.2074,無,0,無,0,無,0
F9302-26014016,F9302-26014016,BL,4,SW-80055C0,N,1.04167,Rapido-2,400,1350,1150,30*30,43.50,660.94,7.41,A1605-25060057-2B,N,39.42,39.32,-0.10,-0.05,-4.65,-4.71,-0.06,-31.49,-31.56,-0.07,,31.91,0.04,,261.52,-0.04,0.07,1565,0.8,1567,0.535,1430,0.035,1191,0.034,無,0,無,0,無,0
F9302-26014027,F9302-26014027,BK,3,SCK-3741,N,1.04167,Conveyor-1,300,80,260,140,362.00,68.62,4.44,A1605-23050157-1B,N,17.26,15.83,-1.43,-1.32,-1.13,-1.13,0.00,-2.80,-2.93,-0.13,,3.14,0.15,,248.88,0.06,1.33,1862,1.53,1430,0.2205,1142,0.119,無,0,無,0,無,0,無,0
F9302-26014049,F9302-26014049,BK,3,SCK-3034,Y,0.69444,Rapido-2,400,1200,900,40*30,114.50,249.07,3.86,1611250-2A,Y,30.17,29.50,-0.67,-0.41,-4.58,-5.04,-0.46,-5.41,-5.71,-0.29,,7.62,0.50,,228.54,-0.19,0.67,1861,4.025,1391,0.819,1142,0.462,1848,0.45,無,0,無,0,無,0
F9302-26014084,F9302-26014084,BK,3,SCK-3741,N,1.04167,Conveyor-1,300,1300,800(210),45*5(120),365.00,59.85,4.47,A1605-23050157-1B,N,17.26,15.99,-1.27,-1.17,-1.13,-1.06,0.07,-2.80,-2.72,0.08,,2.92,-0.12,,248.70,0.05,1.18,1862,1.53,1430,0.2205,1142,0.119,無,0,無,0,無,0,無,0
F9302-26014092,f9302-26014092,RW,6,SCK-4489,N,0.52083,Conveyor-1,300,85,270,140,453.00,82.72,5.03,A1605-25030076-3A,N,23.92,24.87,0.95,0.69,12.25,11.61,-0.63,1.71,2.05,0.34,,11.79,-0.43,,10.01,0.50,0.96,1724,1.0856,1430,0.6164,1578,0.3864,無,0,無,0,無,0,無,0
F9302-26014139,F9302-26014139,BK,7,SW-80352C01,Y,0.69444,Rapido-2,800,1200,950,25*20(2025/11/27),73.25,379.39,8.74,A1605-25050127-1A,N,18.39,17.38,-1.01,-0.88,1.13,0.83,-0.30,-0.26,-0.49,-0.22,,0.96,-0.28,,329.42,-0.45,1.03,1862,3.22,1722,0.6758,1391,0.168,1191,0.075,無,0,無,0,無,0
F9302-26014171,F9302-26014171,GY,5,SCK-4526,N,0.90278,Rapido-2,100,1250,1000,30*30,33.00,604.36,7.50,A1605-25110015-1A,N,33.22,32.84,-0.38,-0.22,-1.78,-1.60,0.19,1.02,0.79,-0.23,,1.78,-0.35,,153.66,0.15,0.44,1576,0.94,1191,0.275,1201,0.268,1391,0.193,無,0,無,0,無,0
F9302-26014199,F9302-26014199,GY,2,SK-1216C0,N,0.83333,Rapido-2,100,1200,900,25*20,32.50,678.55,8.00,A1605-25110094-1B,N,71.35,71.11,-0.24,-0.09,2.33,2.74,0.41,4.84,5.07,0.23,,5.76,0.40,,61.60,-0.40,0.57,1534,0.147,1233,0.105,1451,0.08,無,0,無,0,無,0,無,0
F9302-26014216,F9302-26014216,BK,3,SCK-3672,N,1.04167,Rapido-2,400,1350,1000,45*40(限下走),45.50,376.15,7.50,A1605-24040104-1D,N,18.27,18.10,-0.16,-0.15,-0.83,-0.80,0.03,-3.23,-3.22,0.01,,3.32,-0.02,,256.07,0.03,0.15,1862,2.835,1724,0.18,1430,0.1067,無,0,無,0,無,0,無,0
F9302-26014240,F9302-26014240,BK,6,SK-1298C0,N,1.38889,Rapido-1,600,1250,1000,30*30,94.25,290.63,7.47,A1605-24120054-1C,N,15.26,15.19,-0.08,-0.07,0.48,0.47,-0.02,-1.17,-1.30,-0.13,,1.38,0.16,,289.82,-0.09,0.19,1862,3.1365,1863,0.99,1391,0.52,1191,0.30475,無,0,無,0,無,0
F9302-26014270,F9302-26014270,NB,3,SK-693,N,1.04167,Rapido-2,200,1250,1000,30*30,46.00,268.11,11.11,A1605-22060206-2D,N,19.10,18.41,-0.69,-0.59,-0.44,-0.50,-0.07,-10.79,-10.86,-0.08,,10.87,0.06,,267.35,-0.08,0.60,1593,1.232,1862,0.92,1430,0.15275,1142,0.027,無,0,無,0,無,0
F9302-26014276,F9302-26014276,GR,1,SCK-4526,N,0.90278,Rapido-2,50,1250,1000,30*30,11.50,1755.13,7.50,A1605-25110015-3A,N,90.64,90.53,-0.11,-0.04,-12.22,-12.00,0.21,23.24,22.88,-0.36,,25.84,-0.22,,117.68,-0.02,0.23,1183,0.092,1534,0.015,1580,0.0028,無,0,無,0,無,0,無,0
F9302-26014306,F9302-26014306,GR,4,SW-80352C01,Y,0.69444,Rapido-2,300,1200,950,25*20(2025/11/27),56.50,510.23,9.64,A1605-25030051-2A,N,34.29,34.58,0.29,0.17,-9.19,-9.14,0.05,3.83,3.86,0.03,,9.92,-0.03,,157.11,-0.05,0.18,1576,0.5525,1565,0.5124,1191,0.3393,1722,0.2074,無,0,無,0,無,0
F9302-26014321,F9302-26014321,BK,3,SCK-4132,Y,1.04167,Rapido-2,400,1100,900,40*40,88.00,395.84,5.19,A1605-23020114-2B,Y,18.60,18.24,-0.36,-0.32,0.97,0.67,-0.30,-3.73,-3.57,0.16,,3.63,-0.26,,280.65,-0.34,0.53,1862,3.675,1848,0.5,1391,0.27,1722,0.048,無,0,無,0,無,0
F9302-26014323,F9302-26014323,BK,7,SW-80352C01,Y,0.69444,Rapido-2,800,1200,950,25*20(2025/11/27),75.75,317.31,8.74,A1605-25050127-1A,N,18.39,17.45,-0.93,-0.82,1.13,0.96,-0.16,-0.26,-0.38,-0.12,,1.04,-0.17,,338.45,-0.23,0.87,1862,3.22,1722,0.6758,1391,0.168,1191,0.075,無,0,無,0,無,0
F9302-26014345,F9302-26014345,BK,3,SCK-4132,Y,1.04167,Rapido-2,400,1100,900,40*40,71.50,336.17,6.25,A1605-23020114-2B,N,18.60,18.11,-0.49,-0.43,0.97,0.82,-0.15,-3.73,-3.64,0.10,,3.73,-0.15,,282.78,-0.16,0.48,1862,3.675,1848,0.5,1391,0.2808,1722,0.048,無,0,無,0,無,0
F9302-26014368,F9302-26014368,GY,4,SW-80352C01,Y,0.69444,Rapido-2,400,1200,950,25*20(2025/11/27),76.00,256.99,7.77,A1605-25070094-1A,N,31.08,31.27,0.19,0.11,-0.07,-0.19,-0.12,-7.33,-7.54,-0.21,,7.55,0.20,,268.52,-0.16,0.28,1578,0.688,1391,0.27968,1191,0.1632,1722,0.1023,無,0,無,0,無,0
F9302-26014373,F9302-26014373,BK,7,SW-80352C01,Y,0.69444,Rapido-2,800,1200,950,25*20(2025/11/27),67.75,413.27,9.05,A1605-25050127-1A,N,18.39,17.42,-0.97,-0.85,1.13,0.90,-0.23,-0.26,-0.36,-0.10,,0.97,-0.27,,338.01,-0.23,0.92,1862,3.22,1722,0.6758,1391,0.168,1191,0.075,無,0,無,0,無,0
F9302-26014385,F9302-26014385,OR,6,S1RDD-22041,N,1.04167,Rapido-2,100,1250,1000,25*30,15.00,1015.53,11.54,A1605-26010067-1A,N,51.95,49.62,-2.33,-1.05,58.41,59.88,1.47,47.55,48.90,1.35,,77.31,0.65,,39.23,0.08,1.24,1353,1.25,1351,1.2,1142,0.95,1580,0.001,無,0,無,0,無,0
F9302-26014386,F9302-26014386,BK,7,S1RDD-22041,N,1.04167,Rapido-2,200,1250,1000,25*30,36.00,345.94,15.63,A1605-26010065-1B,N,21.69,17.89,-3.80,-2.96,-0.44,-0.74,-0.30,-1.79,-2.07,-0.27,,2.19,0.46,,250.33,-0.28,3.00,1862,2.95,1578,0.505,1191,0.395,1430,0.385,無,0,無,0,無,0
F9302-26014404,F9302-26014404,CO,4,SCK-3344,N,1.04167,Rapido-2,100,1300,1050,45*30,11.00,1042.27,7.50,A1605-25120086-1B,N,41.98,41.98,0.00,0.00,21.87,21.96,0.09,27.31,27.25,-0.05,,35.00,0.01,,51.14,-0.12,0.12,1142,0.64,1430,0.485,1565,0.054,1201,0.045,無,0,無,0,無,0
F9302-26014411,F9302-26014411,PU,6,SW-80352C01,Y,0.69444,Rapido-2,100,1200,950,25*20(2025/11/27),18.50,1331.84,8.00,A1605-25030051-1A,N,25.02,23.92,-1.10,-0.78,17.58,17.13,-0.45,-2.54,-2.18,0.37,,17.27,-0.32,,352.76,0.27,0.88,1384,1.85,1383,1.08,1578,0.50058,1191,0.3468,無,0,無,0,無,0
F9302-26014415,F9302-26014415,BK,7,SK-548C0,N,1.25,Rapido-2,400,1300,1000,25*3,63.50,323.28,7.55,A1605-23050023-1B,N,17.46,17.15,-0.31,-0.28,-0.49,-0.64,-0.15,-2.68,-2.58,0.10,,2.66,-0.08,,256.07,-0.22,0.36,1862,2.47,1430,0.3608,1578,0.2975,1191,0.2765,無,0,無,0,無,0
F9302-26014424,F9302-26014424,BK,3,SCK-3574,N,1.04167,Rapido-2,200,1250,1050,40*40,69.00,465.93,5.00,A1605-23040025-7B,Y,20.43,20.72,0.29,0.23,0.76,0.35,-0.41,-1.69,-1.77,-0.07,,1.80,-0.08,,281.08,-0.57,0.62,1862,1.98,1724,0.535,1430,0.2275,無,0,無,0,無,0,無,0
F9302-26014425,F9302-26014425,BK,3,SK-1083C0,N,1.25,Conveyor-1,300,85,270,120,485.00,60.12,7.41,2003187-2B,N,18.35,18.51,0.16,0.14,0.71,0.56,-0.15,-2.91,-2.82,0.09,,2.88,-0.14,,281.30,-0.17,0.26,1861,1.302,1848,0.8,1722,0.3325,1430,0.21,無,0,無,0,無,0
F9302-26014426,F9302-26014426,OL,5,SW-80180C0,N,1.04167,Rapido-2,400,1350,1200,30*30,44.50,344.58,10.00,A1605-25030194-5A,N,34.88,34.28,-0.60,-0.34,-2.51,-2.40,0.12,14.51,14.58,0.07,,14.77,0.03,,99.34,-0.14,0.37,1565,0.79794,1142,0.4851,1201,0.43659,1430,0.20988,無,0,無,0,無,0
F9302-26014438,F9302-26014438,PU,5,SW-80660C0,Y,1.04167,Rapido-2,400,1300,1050,35*30,33.50,787.01,8.60,A1605-25020136-1B,N,32.04,31.34,-0.70,-0.42,10.87,10.54,-0.32,-0.92,-1.01,-0.09,,10.59,-0.25,,354.52,-0.13,0.51,1391,0.86436,1576,0.5858,1191,0.2907,無,0,無,0,無,0,無,0
F9302-26014467,F9302-26014467,BK,3,SK-1107C0,N,0.83333,Rapido-2,800,1200,900,25X20,88.00,307.30,10.91,A1605-22030024-3B,N,17.27,17.45,0.18,0.17,0.48,0.57,0.09,-0.59,-0.69,-0.11,,0.90,0.21,,309.47,0.00,0.27,1862,2.3,1848,0.9,1142,0.46,1384,0.45,1391,0.368,無,0,無,0
F9302-26014468,F9302-26014468,BL,4,SW-80180C0,N,1.04167,Rapido-2,400,1350,1200,30*30,44.00,461.61,8.89,A1605-25030194-6D,N,50.75,50.19,-0.56,-0.25,-4.83,-5.21,-0.38,-45.17,-44.59,0.59,,44.89,-0.22,,263.33,-0.29,0.45,1584,1.455,1640,0.02139,1191,0.00085,無,0,無,0,無,0,無,0
F9302-26014473,F9302-26014473,BR,6,SW-80352C01,Y,0.69444,Rapido-2,400,1200,950,25*20(2025/11/27),44.50,477.42,9.68,A1605-25030051-3A,N,44.86,44.70,-0.16,-0.08,16.36,16.22,-0.14,37.11,37.40,0.29,,40.77,0.09,,66.55,0.24,0.26,1724,1.18,1191,0.885,1430,0.14,1565,0.1,無,0,無,0,無,0
F9302-26014512,F9302-26014512,KH,4,SW-80660C0,Y,1.04167,Rapido-2,400,1250,1000,35*30,63.50,388.82,3.94,A1605-25080103-1A,N,39.32,39.58,0.27,0.14,2.82,2.45,-0.38,7.97,7.64,-0.32,,8.03,-0.38,,72.25,0.41,0.58,1576,0.38,1191,0.23,1722,0.164,1430,0.152,無,0,無,0,無,0
F9302-26014513,F9302-26014513,BK,3,SCK-4092,N,1.04167,Rapido-2,400,1250,1000,40*30,64.00,435.59,5.56,A1605-24090207-1A,N,19.24,19.31,0.07,0.06,-0.29,-0.44,-0.15,-1.88,-1.93,-0.06,,1.98,0.11,,257.24,-0.19,0.23,1862,2.2145,1391,0.4815,1576,0.33,1142,0.2652,無,0,無,0,無,0
F9302-26014529,F9302-26014529,RW,6,SCK-4489,N,0.52083,Conveyor-1,300,85,270,140,482.00,68.90,4.59,A1605-25030076-3A,Y,23.92,24.55,0.63,0.46,12.25,12.00,-0.25,1.71,1.59,-0.12,,12.10,-0.20,,7.54,-0.10,0.51,1724,1.1328,1430,0.6968,1578,0.4116,無,0,無,0,無,0,無,0
F9302-26014554,F9302-26014554,BL,3,SK-1085,N,0.52083,Rapido-2,400,1100,600,45*40,57.50,311.79,7.14,A1605-25030054-7B,N,30.17,29.90,-0.28,-0.17,-4.58,-4.85,-0.26,-5.41,-5.89,-0.47,,7.63,0.51,,230.52,0.12,0.55,1578,0.784,1191,0.241,1391,0.16533,1201,0.133,無,0,無,0,無,0
F9302-26014588,F9302-26014588,GY,2,SCK-2285,N,0.69444,Conveyor-1,300,85,270,140,395.00,38.19,5.08,A1605-24060091-1A,N,30.76,30.48,-0.28,-0.17,0.83,0.55,-0.28,-1.28,-1.34,-0.05,,1.45,-0.11,,292.45,-0.38,0.43,1724,0.651,1578,0.5096,1430,0.1188,無,0,無,0,無,0,無,0
F9302-26014608,F9302-26014608,BK,3,SK-1083C0,N,1.25,Rapido-2,600,1200,950,25*30,60.50,415.09,8.88,2003187-2B,N,18.35,18.71,0.36,0.32,0.71,0.55,-0.16,-2.91,-2.85,0.06,,2.91,-0.11,,280.92,-0.20,0.39,1861,1.302,1848,0.8,1722,0.3325,1430,0.21,無,0,無,0,無,0
F9302-26014617,F9302-26014617,RW,5,SW-80180C0,N,1.04167,Rapido-2,800,1350,1200,30*30,51.50,374.72,8.45,A1605-25030194-2A,N,25.05,24.50,-0.54,-0.38,12.74,12.74,0.00,1.51,1.76,0.24,,12.86,0.02,,7.85,0.27,0.47,1724,1.425,1430,0.9595,1578,0.494,無,0,無,0,無,0,無,0
F9302-26014621,F9302-26014621,RE,3,SK-1085,N,0.52083,Rapido-2,400,1100,600,45*40,111.50,142.62,4.30,A1605-25030054-6B,N,54.22,53.61,-0.60,-0.27,9.93,9.68,-0.25,5.46,5.51,0.05,,11.14,-0.15,,29.68,0.23,0.39,1391,0.23465,1191,0.11446,1565,0.07315,1588,0.0525,無,0,無,0,無,0
F9302-26014623,F9302-26014623,BK,3,SCK-3724,Y,0.69444,Rapido-2,400,1200,900,30*40,65.50,467.08,6.96,2005084-4A,N,18.15,18.16,0.01,0.01,0.41,0.45,0.04,-1.09,-0.98,0.11,,1.08,-0.11,,294.82,0.12,0.16,1862,5,1848,0.5,1588,0.35,1722,0.306,1142,0.243,無,0,無,0
F9302-26014660,F9302-26014660,BK,3,SK-1083C0,N,1.25,Rapido-2,600,1200,950,25*30,66.50,349.38,8.11,2003187-2B,N,18.35,18.66,0.31,0.27,0.71,0.65,-0.06,-2.91,-2.87,0.05,,2.94,-0.07,,282.86,-0.06,0.29,1861,1.302,1848,0.8,1722,0.3325,1430,0.21,無,0,無,0,無,0
F9302-26014688,F9302-26014688,GY,3,SW-8860C0,N,1.04167,Rapido-2,100,1300,1050,30*30,19.50,874.26,5.77,A1605-25070013-1A,N,45.03,44.84,-0.19,-0.09,0.95,0.93,-0.02,-4.46,-4.53,-0.07,,4.63,0.07,,281.64,-0.04,0.13,1565,0.45938,1724,0.28,1391,0.128,無,0,無,0,無,0,無,0
F9302-26014716,F9302-26014716,NB,6,SK-1250C0,N,1.04167,Rapido-2,400,1250,1000,30*30,49.50,508.99,8.42,A1605-25080141-1C,N,16.53,16.28,-0.25,-0.24,-0.14,-0.08,0.06,-7.32,-6.68,0.64,,6.68,-0.60,,269.29,0.07,0.65,1578,2,1862,0.85,1724,0.78,1391,0.28,無,0,無,0,無,0
F9302-26014719,F9302-26014719,BK,3,SK-1008C0,N,0.83333,Rapido-2,400,1200,950,25*20,95.00,507.95,7.50,A1605-22030149-1A,Y,17.08,17.62,0.54,0.50,-0.97,-0.41,0.56,-1.69,-1.86,-0.16,,1.90,-0.06,,257.50,0.78,0.93,1862,3,1430,0.36,1142,0.2575,無,0,無,0,無,0,無,0
F9302-26014743,F9302-26014743,OL,7,SK-1008C0,N,0.83333,Rapido-2,400,1200,950,25*20,72.00,229.28,10.34,A1605-25120051-2A1,N,30.72,31.01,0.29,0.18,-2.01,-1.86,0.15,6.84,6.50,-0.33,,6.76,-0.35,,105.95,-0.07,0.39,1722,0.1,1191,0.085,1391,0.08,1578,0.035,無,0,無,0,無,0
F9302-26014767,F9302-26014767,BK,6,SCK-3230,N,1.66667,Rapido-2,200,1050,850,25*20,190.00,138.92,12.50,A1605-25030186-1A,N,17.07,16.35,-0.72,-0.67,0.36,0.21,-0.15,-2.36,-2.56,-0.20,,2.57,0.23,,274.75,-0.23,0.74,1862,2.2,1391,0.6,1578,0.5,1142,0.25,無,0,無,0,無,0
F9302-26014794,F9302-26014794,GY,2,SCK-2285,N,0.69444,Conveyor-1,300,85,270,140,364.00,73.91,5.41,A1605-24060091-1A,Y,30.76,30.88,0.12,0.07,0.83,0.60,-0.23,-1.28,-1.25,0.03,,1.39,-0.19,,295.65,-0.26,0.33,1724,0.651,1578,0.5096,1430,0.1188,無,0,無,0,無,0,無,0
F9302-26014824,F9302-26014824,BK,7,SK-548C0,N,1.25,Rapido-2,400,1300,1000,25*3,62.00,306.58,7.48,A1605-23050023-1B,N,17.46,16.85,-0.61,-0.56,-0.49,-0.40,0.09,-2.68,-2.61,0.07,,2.65,-0.10,,261.20,0.10,0.58,1862,2.47,1430,0.369,1578,0.2975,1191,0.2765,無,0,無,0,無,0
F9302-26014863,F9302-26014863,BK,7,SK-548C0,N,1.25,Rapido-2,400,1300,1000,25*3,66.00,286.80,7.14,A1605-23050023-1B,N,17.46,17.22,-0.24,-0.22,-0.49,-0.42,0.08,-2.68,-2.68,0.00,,2.71,-0.02,,261.17,0.10,0.24,1862,2.47,1430,0.369,1578,0.2975,1191,0.2765,無,0,無,0,無,0
F9302-26014878,F9302-26014878,NB,3,SCK-3852,N,1.04167,Rapido-2,600,1350,1150,30*40,64.50,388.25,4.51,A1605-21020125-1E,N,19.01,20.39,0.35,0.29,1.83,2.48,-0.17,-14.81,-12.49,0.18,,12.73,-0.16,,281.23,-0.17,0.37,1578,1.955,1724,0.588,1430,0.5712,無,0,無,0,無,0,無,0
F9302-26014977,F9302-26014977,BK,7,SW-8860C0,N,1.04167,Rapido-2,100,1250,1050,30*30,18.00,1011.39,6.67,A1605-24110043-5D,N,17.27,17.62,0.34,0.32,0.17,-0.03,-0.20,-2.43,-2.69,-0.26,,2.69,0.32,,269.40,-0.28,0.53,1862,3.5,1863,0.75,1391,0.19,1191,0.019,無,0,無,0,無,0
F9302-26014998,F9302-26014998,BK,3,KF-756,N,1.04167,Rapido-2,800,1300,1100,30*40,54.00,398.65,7.53,A1605-23050026-1B,N,17.23,17.12,-0.11,-0.10,-0.51,-0.55,-0.04,-2.22,-1.92,0.30,,2.00,-0.36,,254.01,-0.15,0.40,1862,2.346,1430,0.531,1578,0.51,1191,0.46656,無,0,無,0,無,0
F9302-26014999,F9302-26014999,BL,2,SCK-4132,Y,1.04167,Rapido-2,400,易刮毛1000,700,35*50,52.00,326.42,8.70,A1605-23020040-1B,N,51.29,50.44,-0.84,-0.38,-1.42,-1.42,-0.01,-15.07,-14.95,0.12,,15.02,-0.08,,264.57,-0.02,0.39,1576,0.375,1722,0.04,1430,0.019,1142,0.009,無,0,無,0,無,0
F9302-26015022,F9302-26015022,NB,5,SW-8860C0,N,1.04167,Rapido-2,100,1250,1050,30*30,11.00,1707.91,10.00,A1605-26010001-1C,N,25.45,25.86,0.41,0.28,3.35,3.20,-0.15,-23.03,-23.14,-0.11,,23.36,0.05,,277.87,-0.16,0.33,1578,1.05,1576,0.85,1391,0.28,1191,0.01,無,0,無,0,無,0
F9302-26015056,F9302-26015056,BK,3,SCK-3612,N,0.52083,Rapido-2,400,1200,950,35*40,102.50,265.39,4.88,2003189-2A,Y,17.99,16.81,-1.18,-1.06,0.08,0.04,-0.04,-2.22,-2.52,-0.29,,2.52,0.38,,270.88,-0.07,1.12,1861,1.96,1430,0.3744,1722,0.2024,1142,0.168,無,0,無,0,無,0
F9302-26015062,F9302-26015062,NB,3,SW-80351C0,Y,0.69444,Rapido-2,400,1250,1050,25*30,62.00,364.10,8.60,2003188-6B,N,24.09,23.00,-1.08,-0.78,-4.31,-3.95,0.36,-11.04,-11.06,-0.01,,11.74,-0.09,,250.33,0.38,0.88,1593,0.97,1578,0.873,1430,0.424,1588,0.368,1191,0.3636,無,0,無,0
F9302-26015063,F9302-26015063,KH,2,SW-8860C0,N,1.04167,Rapido-2,400,1250,1050,30*30,30.50,1217.15,10.13,A1605-25120169-1B,Y,69.34,71.35,2.01,0.79,4.52,4.99,0.47,10.81,10.59,-0.22,,11.70,-0.01,,64.78,-0.85,1.16,1233,0.15132,1534,0.10476,1381,0.07178,無,0,無,0,無,0,無,0
F9302-26015067,F9302-26015067,GR,2,SW-8860C0,N,1.04167,Rapido-2,100,1250,1050,30*30,13.50,1716.67,9.62,A1605-25120011-1D,N,72.21,72.54,0.33,0.13,-36.36,-36.62,-0.26,3.07,2.56,-0.51,,36.71,0.10,,176.01,0.32,0.36,1585,0.375,1191,0.018,1013,0.012,無,0,無,0,無,0,無,0
F9302-26015069,F9302-26015069,BL,1,SCK-3928,N,1.04167,Rapido-2,200,1300,1050,35*30,49.00,291.98,6.25,A1605-25050020-1B,N,83.23,83.41,0.18,0.07,-8.97,-9.02,-0.04,-8.44,-8.84,-0.41,,12.63,0.24,,224.44,0.27,0.37,1580,0.049,1310,0.008,1111,0.002266,無,0,無,0,無,0,無,0
F9302-26015127,F9302-26015127,BK,6,SW-80055C0,N,1.04167,Rapido-2,400,1300,1000,30*30,66.50,294.51,5.88,A1605-25030257-2A,N,18.40,18.16,-0.25,-0.22,-0.33,-0.31,0.02,-2.66,-2.42,0.24,,2.44,-0.30,,262.67,-0.01,0.37,1862,3.675,1391,0.2625,1142,0.11,無,0,無,0,無,0,無,0
F9302-26015149,F9302-26015149,BK,7,SW-80351C0,Y,0.69444,Rapido-2,400,1250,1050,25*30,62.00,343.71,8.08,2003188-1B,N,18.90,18.57,-0.33,-0.28,0.61,0.52,-0.08,-2.56,-2.60,-0.04,,2.66,0.03,,281.38,-0.12,0.31,1862,3.024,1430,0.5544,1142,0.2112,無,0,無,0,無,0,無,0
F9302-26015153,F9302-26015153,BK,3,KF-756,N,1.04167,Rapido-2,800,1300,1100,30*40,65.50,273.39,6.34,A1605-23050026-1B,N,17.23,17.30,0.07,0.07,-0.51,-0.40,0.11,-2.22,-1.91,0.31,,1.95,-0.41,,258.08,0.05,0.42,1862,2.346,1430,0.531,1578,0.51,1191,0.46656,無,0,無,0,無,0
F9302-26015179,F9302-26015179,BL,5,SW-80055C0,N,1.04167,Rapido-2,400,1300,1000,30*30,67.00,263.49,7.35,A1605-25060057-3B,N,22.15,21.99,-0.16,-0.12,1.78,1.67,-0.11,-11.89,-11.97,-0.08,,12.08,0.05,,277.93,-0.15,0.20,1578,1.533,1391,0.772,1862,0.23,1191,0.2184,無,0,無,0,無,0
F9302-26015211,F9302-26015211,KH,2,SCK-250,N,1.04167,Rapido-2,400,1250,1000,30*30,77.00,244.09,5.06,A1605-25070102-1I,N,72.32,71.10,-1.22,-0.47,-0.71,-0.91,-0.20,16.81,16.99,0.18,,17.02,0.13,,93.06,0.21,0.53,1565,0.034144,1142,0.028324,1722,0.02813,1430,0.005432,無,0,無,0,無,0
F9302-26015232,F9302-26015232,BL,1,SCK-4135,N,1.04167,Conveyor-1,300,80,260,140,483.00,63.58,6.72,A1605-25030067-8B,Y,60.24,60.59,0.35,0.15,-7.29,-7.02,0.27,-1.24,-0.60,0.63,,7.04,-0.33,,184.92,-0.68,0.77,1565,0.105,1191,0.035,1430,0.022,1201,0.0095,無,0,無,0,無,0
F9302-26015251,F9302-26015251,BL,2,SCK-4237,N,1.5625,Conveyor-1,300,80,260,120,364.00,64.46,6.35,A1605-24030256-2A,N,33.13,30.12,-3.01,-1.76,-10.75,-10.58,0.17,-23.13,-23.06,0.07,,25.37,-0.07,,245.36,0.10,1.76,1585,1.32,1578,0.3696,1191,0.0285,無,0,無,0,無,0,無,0
F9302-26015252,F9302-26015252,BL,2,SCK-3689,Y,1.04167,Rapido-2,50,1200,1000,25*30,13.00,1258.85,12.50,A1605-23030026-1B,N,46.93,47.75,0.82,0.39,-6.93,-6.79,0.13,-4.61,-3.46,1.16,,7.62,-0.63,,206.97,-1.06,1.29,1565,0.44,1724,0.21,1430,0.032,1142,0.03,無,0,無,0,無,0
F9302-26015257,F9302-26015257,GR,6,FS-8892C0,N,0.83333,Rapido-2,400,1200,1000,25*20,57.00,502.98,11.94,A1605-25040021-4B,N,27.38,27.12,-0.26,-0.17,-3.81,-3.73,0.08,3.50,3.58,0.08,,5.17,0.00,,136.20,-0.13,0.21,1724,1.45,1578,1.313,1191,0.663,1430,0.171,無,0,無,0,無,0
F9302-26015312,F9302-26015312,BK,7,SCK-818WP4,N,0.59524,Rapido-2,400,1250,1050,30*30,50.00,557.84,5.03,A1605-26010118-1A,N,18.43,17.90,-0.53,-0.47,0.67,0.58,-0.09,-1.97,-2.05,-0.08,,2.14,0.07,,285.88,-0.15,0.49,1862,3.7,1724,1.5,1391,0.8,1578,0.78,無,0,無,0,無,0
F9302-26015316,F9302-26015316,BK,7,SW-80351C0,Y,0.69444,Rapido-2,800,1250,1050,25*30,56.75,428.58,10.11,2003188-1B,N,18.90,18.74,-0.16,-0.14,0.61,0.51,-0.09,-2.56,-2.68,-0.11,,2.73,0.11,,280.85,-0.16,0.24,1862,3.024,1430,0.5544,1142,0.2112,無,0,無,0,無,0,無,0
F9302-26015373,F9302-26015373,BK,7,FS-8937X,Y,0.69444,Rapido-2,50,1200,900,25*20,16.50,1605.21,7.89,A1605-26010100-1A,Y,17.25,18.13,0.88,0.82,-0.04,-0.27,-0.24,-1.87,-1.93,-0.07,,1.95,0.11,,261.97,-0.31,0.88,1862,3.5,1863,1.19,1391,0.14,1191,0.13,無,0,無,0,無,0
F9302-26015375,F9302-26015375,BK,7,SCW-136,Y,0.69444,Rapido-2,50,1200,900,25*20,16.50,2236.42,10.00,A1605-26010031-1A,Y,17.17,18.28,1.11,1.03,-0.03,-0.52,-0.49,-1.86,-1.85,0.01,,1.92,0.08,,254.22,-0.67,1.23,1862,3.5,1863,1.19,1391,0.14,1191,0.13,無,0,無,0,無,0
F9302-26015416,F9302-26015416,NB,2,SK-1204,N,1.5625,Conveyor-1,300,85,270,140,423.00,78.37,5.41,A1605-23040010-3A,Y,20.64,20.87,0.22,0.18,-5.19,-5.68,-0.49,-10.97,-11.30,-0.34,,12.65,0.40,,243.31,-0.32,0.54,1593,1.036,1578,0.3108,1142,0.165,1430,0.1273,無,0,無,0,無,0
F9302-26015437,F9302-26015437,PU,2,KF-756,N,1.04167,Rapido-2,800,1250,1000,30*30,76.00,262.46,5.68,A1605-25120185-1A,N,55.04,54.61,-0.43,-0.19,5.63,5.46,-0.17,-5.94,-6.11,-0.17,,8.20,0.01,,311.78,-0.30,0.35,1576,0.145,1391,0.115,1191,0.038,1580,0.008,無,0,無,0,無,0
F9302-26015438,F9302-26015438,BK,6,FS-8892C0,N,0.83333,Rapido-2,400,1200,1000,25*20,41.50,1123.95,13.04,A1605-25050115-1A,Y,20.51,20.08,-0.43,-0.35,1.07,1.31,0.24,-1.21,-1.24,-0.03,,1.80,0.26,,316.52,0.21,0.48,1862,3.074,1724,1.4214,1863,1,1391,0.46,無,0,無,0,無,0
F9302-26015459,F9302-26015459,NB,5,SW-80074C0,Y,1.04167,Rapido-2,800,1200,800,45*40,59.25,429.01,4.24,A1605-24120121-3A,N,23.19,24.77,1.58,1.17,-2.61,-2.62,-0.01,-7.22,-7.50,-0.28,,7.94,0.24,,250.73,0.11,1.20,1578,0.903,1576,0.833,1391,0.5848,1142,0.3741,無,0,無,0,無,0
F9302-26015471,F9302-26015471,BL,5,FS-8915C0,N,0.83333,Rapido-2,50,1200,900,25*2,20.50,2350.98,10.00,A1605-25030224-7A,N,38.86,38.75,-0.10,-0.05,8.54,8.09,-0.44,-40.99,-40.52,0.46,,41.32,-0.23,,281.29,-0.26,0.35,1565,1,1374,0.4,1568,0.38,1681,0.13,無,0,無,0,無,0
F9302-26015493,F9302-26015493,NB,3,SW-80351C0,Y,0.69444,Rapido-2,400,1250,1050,25*30,62.50,332.48,8.60,2003188-6B,N,24.09,23.45,-0.63,-0.46,-4.31,-3.95,0.36,-11.04,-10.95,0.10,,11.64,-0.17,,250.15,0.34,0.59,1593,0.97,1578,0.873,1430,0.424,1588,0.368,1191,0.3636,無,0,無,0
F9302-26015495,F9302-26015495,GR,1,SCK-3724,Y,0.69444,Rapido-2,200,1200,900,30*30,97.00,132.29,6.25,A1605-25040136-2A,N,86.97,86.44,-0.54,-0.19,-11.14,-11.12,0.02,16.36,16.35,-0.01,,19.77,-0.01,,124.23,-0.01,0.19,1111,0.0398,1510,0.007878,無,0,無,0,無,0,無,0,無,0
F9302-26015499,F9302-26015499,BK,3,SCK-4186,N,1.04167,Rapido-2,600,1250,1000,30*30,59.75,483.40,6.94,A1605-23040175-5C,N,15.33,15.92,0.59,0.57,0.62,0.74,0.11,-1.42,-1.03,0.40,,1.26,-0.40,,305.66,0.41,0.81,1862,4.375,1848,0.48,1722,0.4725,1430,0.2325,1142,0.108,無,0,無,0
F9302-26015526,F9302-26015526,KH,3,SCW-136,Y,0.69444,Rapido-2,50,1200,900,25*20,15.50,930.19,10.53,A1605-26010031-3B,N,69.73,70.44,0.71,0.28,1.27,1.36,0.09,9.10,9.27,0.18,,9.37,0.16,,81.68,-0.09,0.33,1534,0.133,1233,0.1254,1451,0.076,1183,0.032775,無,0,無,0,無,0
F9302-26015527,F9302-26015527,KH,2,SCW-136,Y,0.69444,Rapido-2,50,1200,900,25*20,22.50,617.96,10.71,A1605-26010031-2C,N,75.32,76.37,1.05,0.40,1.75,1.32,-0.42,7.63,8.21,0.58,,8.31,0.45,,80.85,0.80,1.00,1111,0.057,1310,0.046075,1510,0.024225,無,0,無,0,無,0,無,0
F9302-26015532,F9302-26015532,GR,3,SCW-136,Y,0.69444,Rapido-2,50,1200,900,25*20,16.00,1334.88,10.00,A1605-26010031-4C,N,41.11,41.76,0.66,0.34,-0.33,-0.24,0.08,8.30,8.38,0.09,,8.39,0.08,,91.66,-0.12,0.37,1565,0.4982,1191,0.285,1391,0.2565,1201,0.1425,無,0,無,0,無,0
F9302-26015550,F9302-26015550,NB,3,SK-1216C0,N,0.83333,Rapido-2,50,1200,900,25*20,25.00,1073.68,10.00,A1605-24040023-1E,N,22.19,21.91,-0.28,-0.21,2.52,2.58,0.06,-14.51,-14.41,0.10,,14.64,-0.06,,280.15,0.09,0.24,1578,0.88065,1593,0.88065,1430,0.46,1724,0.46,無,0,無,0,無,0
F9302-26015552,F9302-26015552,OL,3,SK-1083C0,N,1.25,Rapido-2,300,1200,950,25*3,66.50,295.49,6.67,A1605-26010025-1B,N,44.35,43.61,-0.75,-0.37,2.71,2.63,-0.08,11.01,10.98,-0.02,,11.30,-0.03,,76.54,0.11,0.38,1565,0.2622,1724,0.2375,1430,0.15675,1142,0.152,無,0,無,0,無,0
F9302-26015572,F9302-26015572,NB,3,SCK-3549,N,1.04167,Rapido-2,800,1300,1050,30*30,54.25,571.65,7.20,A1605-21110032-2A,N,22.13,22.08,-0.05,-0.04,0.45,0.22,-0.22,-11.48,-11.65,-0.17,,11.66,0.13,,271.10,-0.29,0.32,1578,1.595,1722,0.28336,1430,0.2247,1191,0.1155,無,0,無,0,無,0
F9302-26015574,F9302-26015574,GR,2,SK-548C0,N,1.25,Rapido-2,400,1250,1000,25*30,82.50,397.39,6.61,A1605-25090104-1C,N,62.81,63.19,0.38,0.15,-6.92,-6.97,-0.06,-2.90,-2.75,0.15,,7.49,0.00,,201.51,-0.19,0.24,1565,0.1222,1191,0.02538,1391,0.01551,1722,0.014852,無,0,無,0,無,0
F9302-26015599,F9302-26015599,BK,3,SCK-3549,N,1.04167,Rapido-2,400,1300,1050,30*40,31.00,930.71,11.11,1911097-1A,N,15.26,15.53,0.26,0.26,0.48,0.44,-0.04,-1.17,-1.17,0.01,,1.25,-0.03,,290.71,-0.05,0.26,1862,3.96,1724,1.056,1430,0.57,1588,0.425,1142,0.12,無,0,無,0
F9302-26015681,F9302-26015681,BK,3,SCK-4186,N,1.04167,Rapido-2,600,1250,1000,30*30,39.50,677.47,10.42,A1605-23040175-5C,N,15.33,15.83,0.49,0.48,0.62,0.73,0.11,-1.42,-1.04,0.38,,1.27,-0.38,,305.14,0.39,0.73,1862,4.375,1848,0.48,1722,0.4725,1430,0.2325,1142,0.108,無,0,無,0
F9302-26015683,F9302-26015683,PU,5,FS-8892C0,N,0.83333,Rapido-2,400,1200,1000,25*20,37.50,735.15,13.64,A1605-25040021-9A,N,36.58,36.59,0.01,0.01,16.06,15.73,-0.33,1.31,1.47,0.17,,15.80,-0.21,,5.35,0.20,0.29,1383,1.4746,1565,0.4888,1724,0.32,1191,0.27734,無,0,無,0,無,0
F9302-26015703,F9302-26015703,GR,2,SW-80675C0,N,1.04167,Rapido-2,400,1250,1000,30*30,52.50,243.75,6.20,A1605-25030009-4A,N,58.93,58.50,-0.43,-0.18,-2.74,-2.64,0.11,0.93,0.81,-0.12,,2.76,-0.17,,162.89,0.11,0.27,1565,0.15876,1391,0.05723,1191,0.05406,1201,0.024,無,0,無,0,無,0
F9302-26015712,F9302-26015712,RU,2,SCK-4237,N,1.5625,Rapido-2,200,1250,800,45*40,55.00,382.78,5.61,A1605-24030256-3B,N,29.35,27.43,-1.92,-1.21,28.99,28.02,-0.97,13.20,12.52,-0.68,,30.69,-0.56,,24.08,-0.19,1.35,1362,0.73,1391,0.663,1191,0.374,1565,0.187,無,0,無,0,無,0
F9302-26015752,F9302-26015752,YE,0,SCW-136WP4,Y,0.69444,Rapido-2,200,1200,900,25*20,53.00,788.53,12.90,A1605-25050032-1A,Y,100.63,101.95,1.32,0.44,-36.50,-36.84,-0.34,99.23,100.04,0.81,,106.61,0.25,,110.22,0.02,0.51,1013,0.55,1142,0.06,無,0,無,0,無,0,無,0,無,0
F9302-26015762,F9302-26015762,GY,3,SW-80088AMC0,Y,1.04167,Rapido-2,400,1350,1050,40*30,46.50,544.75,6.82,A1605-23080063-1I,N,30.15,31.55,1.40,0.87,1.71,1.49,-0.23,-4.68,-4.70,-0.02,,4.93,-0.05,,287.55,-0.30,0.92,1593,0.8178,1391,0.25075,1722,0.1974,1142,0.0989,無,0,無,0,無,0
F9302-26015770,F9302-26015770,BK,7,FS-8969C0,N,0.69444,Rapido-2,50,1300,850,25*30,13.50,2633.11,9.52,A1605-25050158-1A,N,17.54,17.51,-0.04,-0.03,-0.63,-0.32,0.32,-1.99,-1.78,0.21,,1.80,-0.37,,259.94,0.34,0.51,1862,3.8,1588,1.425,1863,1.425,1191,0.294,1430,0.294,無,0,無,0
F9302-26015791,F9302-26015791,NB,3,SK-1083C0,N,1.25,Rapido-2,400,1200,950,25*30,86.50,257.92,6.67,2002047-1A,N,18.26,18.46,0.20,0.18,2.04,2.26,0.22,-11.53,-11.65,-0.12,,11.87,0.12,,280.97,0.25,0.33,1578,1.573,1862,0.5355,1430,0.4841,1724,0.312,無,0,無,0,無,0
F9302-26015805,F9302-26015805,GY,2,SCK-3230,N,1.66667,Rapido-2,200,1050,850,25*20,91.00,244.15,20.00,1711131-1A,N,32.95,32.24,-0.71,-0.41,-0.86,-0.84,0.02,-1.88,-2.09,-0.21,,2.25,0.25,,248.03,0.13,0.50,1576,0.73645,1724,0.54,1430,0.044,無,0,無,0,無,0,無,0
F9302-26015843,F9302-26015843,BR,5,FS-8915C0,N,0.83333,Rapido-2,100,1200,1000,25*30,19.50,1669.54,14.29,A1605-24110059-3A,N,40.01,40.51,0.50,0.26,35.70,36.12,0.42,27.70,27.64,-0.06,,45.48,0.12,,37.43,-0.26,0.39,1142,1.1025,1430,0.882,1722,0.63,1580,0.00735,無,0,無,0,無,0
F9302-26015855,F9302-26015855,GR,2,SCK-3875,Y,2.08333,Rapido-2,400,1350,1000,45*40,45.50,487.47,5.75,A1605-25030108-1A,N,52.71,51.98,-0.73,-0.32,-9.03,-8.79,0.24,-8.63,-7.37,1.26,,11.47,-0.77,,220.00,-0.80,1.15,1565,0.3729,1722,0.044,1191,0.033,無,0,無,0,無,0,無,0
F9302-26015871,F9302-26015871,BK,5,SW-80675C0,N,1.04167,Rapido-2,400,1250,1000,30*30,47.50,458.32,7.84,A1605-25030009-3D,N,27.27,27.47,0.20,0.13,0.56,0.81,0.25,-0.40,-0.33,0.07,,0.87,0.27,,337.72,0.26,0.40,1862,0.864,1391,0.485,1191,0.3038,1578,0.1672,無,0,無,0,無,0
F9302-26015887,F9302-26015887,NB,3,SK-1083C0,N,1.25,Rapido-2,400,1200,950,25*30,58.00,472.22,10.00,2002047-1A,N,18.26,18.36,0.10,0.09,2.04,2.20,0.16,-11.53,-11.62,-0.09,,11.83,0.09,,280.72,0.18,0.23,1578,1.573,1862,0.5355,1430,0.4841,1724,0.312,無,0,無,0,無,0
F9302-26015909,F9302-26015909,PU,6,SCK-4514,N,0.69444,Rapido-2,600,1200,950,35*40(2025/12/23),50.00,500.72,6.25,A1605-25080219-3B,N,26.13,25.77,-0.36,-0.24,6.11,6.10,0.00,-8.19,-8.33,-0.14,,10.33,0.09,,306.22,-0.11,0.28,1576,1.3984,1391,0.7942,1191,0.19665,1722,0.1349,無,0,無,0,無,0
F9302-26015939,F9302-26015939,GR,2,SW-80074C0,Y,1.04167,Rapido-2,400,1200,800,45*40,48.50,503.65,5.18,A1605-24120121-5B,N,45.00,47.26,2.26,1.10,-0.03,-0.24,-0.21,11.16,11.61,0.45,,11.62,0.36,,91.19,0.27,1.19,1565,0.4029,1191,0.255,1430,0.1632,1201,0.1598,無,0,無,0,無,0
F9302-26015953,F9302-26015953,BK,3,SCK-3642,N,1.04167,Conveyor-1,300,88,270,140,485.00,44.78,4.18,1911198-2A,N,15.26,14.09,-1.17,-1.15,0.48,0.47,-0.01,-1.17,-1.17,0.00,,1.26,-0.01,,291.80,-0.02,1.15,1862,1.62,1724,0.759,1848,0.63,1430,0.2212,無,0,無,0,無,0
F9302-26015955,F9302-26015955,OR,3,SCK-2285SAM,N,0.69444,Conveyor-1,300,1250,1000,30*30,364.00,65.05,5.84,A1605-26010045-3A,N,64.24,64.19,-0.05,-0.02,19.89,19.92,0.03,67.65,65.30,-2.35,,68.27,-0.75,,73.04,-0.48,0.89,1142,0.51,1201,0.31,1430,0.0215,1580,0.014,無,0,無,0,無,0
F9302-26015956,F9302-26015956,RE,2,SCW-136WP4,Y,0.69444,Rapido-2,400,1200,900,25*30,45.00,562.44,9.38,A1605-25050032-3A,N,59.07,59.04,-0.02,-0.01,22.07,21.97,-0.10,2.00,2.13,0.13,,22.07,-0.05,,5.53,0.12,0.13,1430,0.1649,1191,0.05,1580,0.015,無,0,無,0,無,0,無,0
F9302-26015962,F9302-26015962,NB,2,SW-8965C0,Y,0.69444,Rapido-2,400,1400,1000,45*40,71.50,529.20,3.95,A1605-23080058-2F,Y,28.23,28.91,0.69,0.45,-1.42,-1.81,-0.39,-9.90,-9.88,0.02,,10.04,0.03,,259.62,-0.49,0.66,1578,0.76,1430,0.168,1142,0.11,1722,0.107,無,0,無,0,無,0
F9302-26015981,F9302-26015981,BK,3,SCK-4186,N,1.04167,Rapido-2,400,1250,1000,(30*30下走)(30*20上走),49.00,518.47,8.99,A1605-23040175-5C,N,15.33,15.55,0.22,0.22,0.62,0.60,-0.03,-1.42,-1.11,0.31,,1.26,-0.40,,298.21,0.16,0.48,1862,4.375,1848,0.48,1722,0.4725,1430,0.2325,1142,0.108,無,0,無,0
F9302-26016002,F9302-26016002,BK,7,FS-8969C0,N,0.69444,Rapido-2,400,1300,850,30*30,46.00,504.02,9.88,A1605-24100132-6C,N,17.34,17.12,-0.22,-0.20,0.77,0.76,-0.02,-1.39,-1.41,-0.02,,1.60,0.01,,298.25,-0.04,0.21,1862,4.025,1578,0.875,1863,0.735,1430,0.48,1722,0.4284,1191,0.23,無,0
F9302-26016027,F9302-26016027,BK,3,SCK-3642,N,1.04167,Conveyor-1,300,88,270,140,497.00,30.82,4.18,1911198-2A,N,15.26,14.34,-0.92,-0.90,0.48,0.45,-0.03,-1.17,-1.19,-0.02,,1.27,0.00,,290.86,-0.05,0.91,1862,1.62,1724,0.759,1848,0.63,1430,0.2212,無,0,無,0,無,0
F9302-26016029,F9302-26016029,BK,3,SCK-3642,N,1.04167,Conveyor-1,300,88,270,140,483.00,32.02,4.18,1911198-2A,N,15.26,13.64,-1.62,-1.58,0.48,0.52,0.04,-1.17,-0.98,0.19,,1.11,-0.22,,297.90,0.16,1.61,1862,1.62,1724,0.759,1848,0.63,1430,0.2212,無,0,無,0,無,0
F9302-26020007,F9302-26020007,WH,3,FS-8969C0,N,0.69444,Rapido-2,400,1300,850,25*30,65.00,236.22,5.71,A1605-24100132-7A,N,88.50,88.82,0.32,0.11,0.45,0.55,0.10,8.49,8.43,-0.06,,8.45,-0.04,,86.29,-0.14,0.19,1111,0.01533,1310,0.009408,1510,0.00297,無,0,無,0,無,0,無,0
F9302-26020035,F9302-26020035,NB,3,SK-1216C0,N,0.83333,Rapido-2,600,1200,900,25*20,58.75,289.17,10.00,A1605-24040023-1E,N,22.19,22.13,-0.05,-0.04,2.52,2.56,0.04,-14.51,-14.61,-0.10,,14.83,0.07,,279.95,0.03,0.09,1578,0.88065,1593,0.88065,1430,0.46,1724,0.46,無,0,無,0,無,0
F9302-26020060,F9302-26020060,GR,2,SK-548C0,N,1.25,Rapido-2,100,1250,1000,25*30,28.50,973.23,7.50,A1605-25090104-1C,Y,62.81,62.57,-0.24,-0.10,-6.92,-7.21,-0.29,-2.90,-4.00,-1.10,,8.24,0.69,,209.03,0.99,1.22,1565,0.1378,1191,0.02538,1391,0.01617,1722,0.014852,無,0,無,0,無,0
F9302-26020065,F9302-26020065,BK,3,SK-1288,N,2.08333,Rapido-2,400,1250,1000,40*30,63.50,275.98,5.03,A1605-24090006-1G,N,15.49,15.68,0.19,0.18,-0.15,0.07,0.22,-0.25,-0.43,-0.18,,0.44,0.22,,279.73,0.38,0.47,1862,3.335,1142,0.5405,1430,0.5076,無,0,無,0,無,0,無,0
F9302-26020130,F9302-26020130,GR,2,SCK-2285SAM,N,0.69444,Rapido-2,400,1110,800,30*30,46.50,347.89,8.16,A1605-26010045-6A,N,75.09,74.53,-0.56,-0.21,-8.54,-8.75,-0.21,-5.22,-5.34,-0.12,,10.25,0.21,,211.39,-0.01,0.30,1534,0.1102,1233,0.017,1183,0.004,無,0,無,0,無,0,無,0
F9302-26020131,F9302-26020131,BR,2,SCW-136WP4,Y,0.69444,Rapido-1,600,1200,900,25*20,65.25,245.98,9.15,A1605-25060154-1A,N,52.29,52.51,0.22,0.10,3.57,3.30,-0.28,10.91,10.46,-0.45,,10.97,-0.40,,72.51,0.20,0.46,1391,0.1615,1565,0.15865,1142,0.12065,1724,0.057474,無,0,無,0,無,0
F9302-26020172,F9302-26020172,GY,2,SCK-3230,N,1.66667,Rapido-2,200,1050,850,25*20,85.00,218.20,20.00,1711131-1A,N,32.95,32.28,-0.66,-0.39,-0.86,-0.88,-0.02,-1.88,-2.17,-0.30,,2.34,0.37,,247.94,0.13,0.55,1576,0.73645,1724,0.54,1430,0.044,無,0,無,0,無,0,無,0
F9302-26020190,F9302-26020190,NB,7,SW-80105C6,N,0.69444,Rapido-2,800,1250,1000,25*30,62.25,437.22,6.98,A1605-25030181-1B,N,21.19,21.13,-0.06,-0.04,0.46,0.47,0.01,-9.11,-9.11,-0.01,,9.13,0.01,,272.97,0.02,0.05,1593,1.5444,1578,1.457,1391,0.98,1142,0.35855,無,0,無,0,無,0
F9302-26020221,F9302-26020221,BK,3,SCK-3642,N,1.04167,Conveyor-1,300,88,270,140,478.00,46.73,4.18,1911198-2A,N,20.05,20.03,-0.02,-0.02,-2.71,-2.76,-0.05,-5.35,-5.51,-0.16,,6.16,0.16,,243.36,0.03,0.17,1862,1.62,1724,0.759,1848,0.63,1430,0.2212,無,0,無,0,無,0
F9302-26020252,F9302-26020252,OR,4,SCK-2285SAM,N,0.69444,Rapido-2,200,1110,800,30*30,28.00,1157.89,13.33,A1605-26010045-2A,Y,51.31,51.54,0.23,0.10,57.55,57.49,-0.05,49.24,47.78,-1.47,,74.75,-0.32,,39.73,-0.77,0.84,1350,0.6175,1142,0.57,1353,0.1045,無,0,無,0,無,0,無,0
F9302-26020268,F9302-26020268,RE,7,SCK-4186,N,1.04167,Rapido-2,400,1250,1000,(30*30下走)(30*20上走),59.00,500.19,7.48,A1605-25090080-1A,N,37.34,37.32,-0.01,-0.01,55.47,55.74,0.27,24.21,24.73,0.52,,60.98,0.16,,23.92,0.23,0.28,1360,3,1353,2.97,1391,0.8475,無,0,無,0,無,0,無,0
F9302-26020274,F9302-26020274,RW,7,SCK-4482,Y,0.69444,Rapido-2,100,1200,900,25*30(2525/12/23),27.50,859.49,5.08,A1605-25030132-1D,N,27.42,26.06,-1.36,-0.90,26.46,25.30,-1.16,1.68,2.25,0.57,,25.40,-0.59,,5.08,0.51,1.19,1383,2.85,1722,0.833,1430,0.76,1567,0.4879,無,0,無,0,無,0
F9302-26020358,F9302-26020358,BK,3,SCK-3642,N,1.04167,Conveyor-1,300,88,270,140,496.00,34.74,4.18,1911198-2A,N,15.26,13.94,-1.32,-1.30,0.48,0.59,0.10,-1.17,-1.04,0.13,,1.20,-0.10,,299.28,0.21,1.32,1862,1.62,1724,0.759,1848,0.63,1430,0.2212,無,0,無,0,無,0
F9302-26020359,F9302-26020359,BK,3,SCK-3642,N,1.04167,Conveyor-1,300,88,270,140,481.00,32.49,4.18,1911198-2A,N,15.26,14.19,-1.07,-1.05,0.48,0.58,0.10,-1.17,-1.14,0.04,,1.28,0.01,,297.07,0.15,1.06,1862,1.62,1724,0.759,1848,0.63,1430,0.2212,無,0,無,0,無,0
F9302-26020367,F9302-26020367,BK,7,FS-8969C0,N,0.69444,Rapido-2,800,1300,850,25*30,64.25,333.62,7.83,A1605-24100132-6C,N,17.34,17.48,0.14,0.13,0.77,0.71,-0.07,-1.39,-1.40,-0.01,,1.57,-0.03,,296.92,-0.09,0.16,1862,4.025,1578,0.875,1863,0.735,1430,0.48,1722,0.4284,1191,0.23,無,0
F9302-26020408,F9302-26020408,OL,3,SCK-3583,N,0.52083,Conveyor-1,300,88,270,140,453.00,34.77,4.02,A1605-25120208-1C,N,58.07,52.70,-5.37,-2.28,-4.02,-4.09,-0.07,21.39,20.92,-0.47,,21.32,-0.26,,101.06,0.14,2.30,1142,0.19822,1580,0.19448,1430,0.1113,無,0,無,0,無,0,無,0
F9302-26020454,F9302-26020454,WH,3,SCK-4186,N,1.04167,Rapido-2,400,1250,1000,(30*30下走),61.50,312.75,7.48,A1605-23100054-2B,N,90.10,90.48,0.38,0.13,0.39,0.30,-0.09,5.90,6.11,0.22,,6.12,0.22,,87.22,0.15,0.29,1111,0.007259,1310,0.00486,1510,0.001792,無,0,無,0,無,0,無,0
F9302-26020463,F9302-26020463,GR,1,FS-8937X,Y,0.69444,Rapido-2,50,1200,900,25*20,16.00,868.44,10.00,A1605-26010101-2A,N,81.70,81.82,0.12,0.04,-6.26,-6.40,-0.14,2.66,2.49,-0.17,,6.87,0.07,,158.70,0.25,0.26,1510,0.022,1111,0.021,1310,0.011,無,0,無,0,無,0,無,0
F9302-26020565,F9302-26020565,OL,3,FS-8937X,Y,0.69444,Rapido-2,100,1200,900,25*20,29.00,763.48,11.43,A1605-26010101-1A,N,44.79,47.39,2.60,1.27,-3.47,-3.43,0.04,0.60,0.66,0.06,,3.49,-0.03,,169.08,-0.09,1.27,1565,0.392,1391,0.135,1191,0.134,1722,0.039,無,0,無,0,無,0
F9302-26020575,F9302-26020575,WH,3,SCK-4186,N,1.04167,Rapido-2,400,1250,1000,(30*30下走),60.50,324.55,7.48,A1605-23100054-2B,N,90.10,90.70,0.60,0.21,0.39,0.29,-0.11,5.90,6.15,0.25,,6.15,0.25,,87.34,0.17,0.37,1111,0.007259,1310,0.00486,1510,0.001792,無,0,無,0,無,0,無,0
F9302-26020584,F9302-26020584,OR,0,SW-8947C0,Y,0.69444,Rapido-2,100,1300,1000,35*30,14.50,2210.55,8.11,A1605-26010044-1A,N,71.88,71.88,0.00,0.00,46.86,46.84,-0.02,69.04,69.03,-0.01,,83.42,0.00,,55.84,0.01,0.01,1191,0.37345,1201,0.3395,1082,0.20855,1350,0.00291,無,0,無,0,無,0
F9302-26020627,F9302-26020627,BK,7,FS-8969C0,N,0.69444,Rapido-2,800,1300,850,25*30,65.25,309.99,7.76,A1605-24100132-6C,N,17.34,17.58,0.24,0.22,0.77,0.76,-0.01,-1.39,-1.49,-0.10,,1.67,0.11,,297.18,-0.08,0.26,1862,4.025,1578,0.875,1863,0.735,1430,0.48,1722,0.4284,1191,0.23,無,0
F9302-26020628,F9302-26020628,BK,7,FS-8969C0,N,0.69444,Rapido-2,800,1300,850,25*30,65.50,364.66,7.96,A1605-24100132-6C,N,17.34,17.65,0.31,0.28,0.77,0.74,-0.04,-1.39,-1.49,-0.11,,1.67,0.11,,296.25,-0.12,0.32,1862,4.025,1578,0.875,1863,0.735,1430,0.48,1722,0.4284,1191,0.23,無,0
F9302-26020671,F9302-26020671,WH,3,FS-8969C0,N,0.69444,Rapido-2,800,1300,850,25*30,73.75,232.88,7.38,A1605-24100132-7A,N,88.50,88.83,0.33,0.12,0.45,0.38,-0.06,8.49,8.30,-0.19,,8.31,-0.17,,87.35,0.08,0.22,1111,0.01533,1310,0.009408,1510,0.00297,無,0,無,0,無,0,無,0
F9302-26020701,F9302-26020701,GY,2,SCK-3549,N,1.04167,Rapido-2,300,1300,1050,30*30,69.00,285.97,4.94,A1605-25090129-1A,N,63.23,62.84,-0.39,-0.16,0.27,0.25,-0.02,-1.39,-1.25,0.14,,1.27,-0.20,,281.16,0.01,0.26,1565,0.084,1724,0.071,1430,0.0188,無,0,無,0,無,0,無,0
F9302-26020746,F9302-26020746,WH,3,FS-8969C0,N,0.69444,Rapido-2,800,1300,850,25*30,74.25,274.73,7.44,A1605-24100132-7A,N,88.50,88.74,0.24,0.08,0.45,0.47,0.02,8.49,8.31,-0.18,,8.32,-0.16,,86.76,-0.04,0.19,1111,0.01533,1310,0.009408,1510,0.00297,無,0,無,0,無,0,無,0
F9302-26020748,F9302-26020748,YE,0,SW-80337,N,1.04167,Rapido-2,400,1300,1100,30*30,28.00,1309.64,11.11,A1605-25120070-1C,Y,99.41,101.46,2.05,0.69,-32.66,-34.11,-1.45,104.40,105.79,1.39,,111.15,0.50,,107.87,0.40,0.95,1013,0.75,1142,0.11,無,0,無,0,無,0,無,0,無,0
F9302-26020806,F9302-26020806,RE,4,SCK-4186,N,1.04167,Rapido-2,400,1250,1000,(30*30下走),41.00,718.59,11.11,A1605-25030245-3A,N,40.02,40.26,0.24,0.13,35.75,35.73,-0.02,4.38,4.32,-0.06,,35.99,-0.01,,6.90,-0.04,0.13,1391,1.1312,1142,0.07474,1578,0.04141,1580,0.007676,無,0,無,0,無,0
F9302-26020807,F9302-26020807,RE,4,SCK-4186,N,1.04167,Rapido-2,400,1250,1000,(30*30下走),40.50,726.44,11.11,A1605-25030245-3A,N,40.02,40.53,0.51,0.26,35.75,35.87,0.13,4.38,4.34,-0.05,,36.13,0.06,,6.89,-0.04,0.27,1391,1.1312,1142,0.07474,1578,0.04141,1580,0.007676,無,0,無,0,無,0
F9302-26020822,F9302-26020822,GY,1,SW-80425C0,Y,1.04167,Rapido-2,100,1300,950,40*30,13.00,1515.62,6.98,A1605-25060148-1A,N,82.21,82.12,-0.09,-0.03,-1.09,-0.71,0.38,1.08,-0.39,-1.47,,0.81,-0.99,,208.45,1.83,2.08,1310,0.0125,1510,0.0125,1111,0.01,無,0,無,0,無,0,無,0
F9302-26020827,F9302-26020827,PU,3,SCK-4482,Y,0.69444,Rapido-2,200,1200,900,25*30(2525/12/23),80.00,252.39,6.33,A1605-25030132-2A,N,45.99,45.65,-0.34,-0.16,7.55,7.70,0.16,-14.44,-14.29,0.15,,16.23,-0.04,,298.32,0.22,0.28,1565,0.4557,1391,0.32205,1690,0.0912,1142,0.0304,無,0,無,0,無,0
F9302-26020892,F9302-26020892,GR,2,SCK-4186,N,1.04167,Rapido-1,600,1250,1000,(30*20上走),62.25,441.90,7.01,A1605-24040074-1A,N,32.81,32.67,-0.13,-0.08,0.07,-0.06,-0.13,5.92,6.01,0.09,,6.01,0.09,,90.54,0.18,0.22,1578,0.5022,1191,0.3663,1722,0.2574,1391,0.24931,無,0,無,0,無,0
F9302-26020912,F9302-26020912,PU,4,KF-756,N,1.04167,Rapido-2,50,1350,1100,30*30,9.00,3317.44,10.00,A1605-25120157-1A,N,40.98,39.87,-1.12,-0.57,20.54,20.46,-0.08,-1.75,-1.80,-0.05,,20.54,-0.04,,354.98,-0.05,0.58,1362,0.8967,1565,0.2867,1191,0.1274,1391,0.00098,無,0,無,0,無,0
F9302-26020917,F9302-26020917,BK,7,FS-8969C0,N,0.69444,Rapido-2,800,1300,850,25*30,65.75,347.27,7.96,A1605-24100132-6C,N,17.34,17.64,0.30,0.28,0.77,0.78,0.01,-1.39,-1.46,-0.07,,1.66,0.09,,298.07,-0.04,0.30,1862,4.025,1578,0.875,1863,0.735,1430,0.48,1722,0.4284,1191,0.23,無,0
F9302-26020953,F9302-26020953,GR,6,SCK-4186,N,1.04167,Rapido-2,50,1250,1000,(30*30下走),11.50,2352.61,11.76,A1605-25030180-1A,N,29.10,29.24,0.14,0.09,-18.58,-18.71,-0.13,-4.09,-4.19,-0.09,,19.17,0.09,,192.61,0.05,0.14,1576,1.161,1565,0.93,1191,0.563,1588,0.39285,無,0,無,0,無,0
F9302-26021006,F9302-26021006,BK,6,SCK-3230,N,1.66667,Rapido-2,200,1050,850,25*20,93.00,320.97,20.00,A1605-23110043-1B,Y,19.21,17.95,-1.25,-1.07,-0.60,-0.92,-0.32,-3.19,-3.33,-0.14,,3.46,0.25,,254.54,-0.37,1.16,1862,2.26,1724,0.169,1430,0.09,無,0,無,0,無,0,無,0
F9302-26021009,F9302-26021009,BK,3,SW-80134C0,Y,1.04167,Rapido-2,100,1350,900,45*30,14.50,3106.00,5.77,1910204-3A,N,17.09,16.74,-0.35,-0.33,-0.43,-0.31,0.12,-2.96,-3.02,-0.06,,3.04,0.06,,264.08,0.17,0.37,1861,3.7,1848,0.5,1578,0.44,1384,0.4136,1142,0.078,無,0,無,0
F9302-26021080,F9302-26021080,BR,6,SCW-136,Y,0.69444,Rapido-2,50,1200,900,25*20,16.00,1297.63,10.00,A1605-26010048-2C,N,34.33,34.32,-0.02,-0.01,31.72,31.89,0.17,26.21,25.91,-0.31,,41.09,-0.03,,39.09,-0.32,0.32,1384,1.7,1722,1.3,1142,0.53,1580,0.19,無,0,無,0,無,0
F9302-26021138,F9302-26021138,NB,5,SCK-3928,N,1.04167,Rapido-2,400,1300,1050,35*40,68.00,440.91,3.33,A1605-25090072-1A,N,23.28,22.72,-0.56,-0.41,-1.56,-1.66,-0.10,-11.80,-11.55,0.25,,11.67,-0.18,,261.83,-0.16,0.48,1578,0.96,1862,0.912,1391,0.141,1142,0.02944,無,0,無,0,無,0
F9302-26021154,F9302-26021154,BK,7,SW-80347C0,Y,1.04167,Rapido-2,400,1400,1000,45*40,53.00,483.13,4.41,A1605-25050119-2B,N,18.19,17.90,-0.30,-0.26,0.02,0.12,0.10,-2.11,-1.73,0.38,,1.74,-0.49,,273.97,0.15,0.58,1862,2.832,1588,0.53,1430,0.429,1142,0.2125,無,0,無,0,無,0
F9302-26021207,F9302-26021207,BR,3,FS-8969C0,N,0.69444,Rapido-2,400,1300,850,25*30,61.00,291.79,8.08,A1605-25040031-1A,N,44.89,44.78,-0.11,-0.05,4.83,4.96,0.13,8.22,8.19,-0.02,,9.58,0.04,,58.80,-0.23,0.24,1578,0.2028,1391,0.18762,1191,0.17655,1722,0.1695,無,0,無,0,無,0
F9302-26021215,F9302-26021215,GY,2,SCK-3230,N,1.66667,Rapido-2,200,1050,850,25*20,96.00,182.01,20.00,1711131-1A,N,18.80,18.98,0.18,0.16,-0.09,0.30,0.39,-1.36,-1.22,0.14,,1.26,-0.15,,283.78,0.57,0.61,1576,0.73645,1724,0.54,1430,0.044,無,0,無,0,無,0,無,0
F9302-26021315,F9302-26021315,BK,6,SK-1298C0,N,1.38889,Rapido-2,800,1250,1000,30*30,58.75,247.20,7.56,A1605-24120054-1C,N,15.26,15.24,-0.03,-0.03,0.48,0.45,-0.03,-1.17,-1.27,-0.09,,1.35,0.11,,289.67,-0.09,0.14,1862,3.1365,1863,0.99,1391,0.52,1191,0.30475,無,0,無,0,無,0
F9302-26021381,F9302-26021381,BK,7,SCK-3928,N,1.04167,Rapido-2,400,1250,1000,30*40,71.50,391.93,4.17,A1605-25090072-4A,N,16.79,16.79,0.00,0.00,-0.56,-0.42,0.14,-2.73,-2.60,0.13,,2.63,-0.19,,260.85,0.15,0.25,1862,3,1863,1,1430,0.1,1191,0.05,無,0,無,0,無,0
F9302-26021411,F9302-26021411,GY,2,SCK-4135,N,1.04167,Conveyor-1,300,80,260,140,450.00,36.83,4.02,A1605-24080024-4A,N,54.64,51.88,-2.76,-1.21,-2.54,-2.58,-0.05,4.74,4.46,-0.28,,5.15,-0.23,,120.09,0.22,1.25,1565,0.14522,1430,0.0618,1142,0.057,1724,0.044,無,0,無,0,無,0
F9302-26021426,F9302-26021426,BR,3,FS-8969C0,N,0.69444,Rapido-2,400,1300,850,25*30,60.50,242.50,8.08,A1605-25040031-1A,N,44.89,45.21,0.32,0.16,4.83,4.83,0.00,8.22,8.25,0.04,,9.56,0.03,,59.68,0.04,0.17,1578,0.2028,1391,0.18762,1191,0.1782,1722,0.1695,無,0,無,0,無,0
F9302-26021461,F9302-26021461,PU,4,SK-1298C0,N,1.38889,Rapido-2,800,1250,1000,30*30,62.00,363.05,7.59,A1605-25030285-1A,N,45.99,46.46,0.47,0.22,7.55,7.78,0.23,-14.44,-14.69,-0.25,,16.62,0.22,,297.90,0.10,0.33,1391,0.2448,1568,0.1512,1565,0.04876,1191,0.02461,無,0,無,0,無,0
F9302-26021484,F9302-26021484,BK,3,SCK-2955,Y,1.04167,Rapido-2,200,1400,1000,45*40,48.00,439.56,5.83,A1605-22080093-1A,N,18.88,18.98,0.09,0.08,0.77,0.84,0.07,-1.09,-0.74,0.35,,1.12,-0.30,,318.80,0.41,0.51,1862,3.5,1391,0.7,1863,0.6,1191,0.4,無,0,無,0,無,0
F9302-26021497,F9302-26021497,GY,3,SK-1288,N,2.08333,Rapido-1,600,1300,1050,40*30,74.75,367.73,4.49,A1605-24090006-2E,N,30.15,29.70,-0.44,-0.28,-0.12,-0.16,-0.04,-1.35,-1.20,0.16,,1.21,-0.21,,262.31,-0.09,0.36,1593,0.7504,1391,0.37985,1191,0.26705,1722,0.070485,無,0,無,0,無,0
F9302-26021532,F9302-26021532,BR,3,FS-8969C0,N,0.69444,Rapido-2,400,1300,850,25*30,58.00,293.79,8.79,A1605-25040031-1A,N,44.89,44.89,0.00,0.00,4.83,4.88,0.05,8.22,8.30,0.08,,9.62,0.08,,59.55,0.00,0.08,1578,0.2028,1391,0.18762,1191,0.1782,1722,0.1695,無,0,無,0,無,0
F9302-26021551,F9302-26021551,NB,5,SCK-3928,N,1.04167,Rapido-2,400,1300,1050,35*40,69.50,472.35,3.32,A1605-25090072-1A,N,23.28,22.98,-0.29,-0.22,-1.56,-1.71,-0.15,-11.80,-11.50,0.30,,11.62,-0.22,,261.56,-0.23,0.38,1578,0.96,1862,0.912,1391,0.141,1142,0.02944,無,0,無,0,無,0
F9302-26021555,F9302-26021555,BK,7,SW-80347C0,Y,1.04167,Rapido-2,400,1400,1000,45*40,45.50,748.46,4.24,A1605-25050119-2B,N,18.19,18.02,-0.17,-0.15,0.02,0.07,0.05,-2.11,-1.94,0.17,,1.94,-0.22,,272.18,0.08,0.28,1862,2.832,1588,0.53,1430,0.4026,1142,0.1825,無,0,無,0,無,0
F9302-26021567,F9302-26021567,BK,7,FS-8969C0,N,0.69444,Rapido-2,100,1300,850,25*30,26.00,899.00,7.32,A1605-25050158-1A,N,17.54,17.65,0.10,0.09,-0.63,-0.41,0.23,-1.99,-1.80,0.19,,1.84,-0.32,,257.28,0.23,0.40,1862,3.8,1588,1.425,1863,1.35,1191,0.288,1430,0.288,無,0,無,0
F9302-26021568,F9302-26021568,BR,1,SW-80264C07,Y,1.04167,Rapido-2,400,1350,1000,35*30,73.00,285.99,4.26,A1605-25080048-2B,N,57.85,57.56,-0.29,-0.12,1.54,1.10,-0.44,6.87,6.80,-0.07,,6.89,-0.14,,80.81,0.64,0.66,1576,0.11,1142,0.045,1391,0.041,1722,0.041,無,0,無,0,無,0
F9302-26021571,F9302-26021571,GY,2,SCK-2285,N,0.69444,Conveyor-1,300,80,270,140,453.00,36.80,4.06,A1605-24060091-1A,N,30.76,30.09,-0.67,-0.41,0.83,0.50,-0.33,-1.28,-1.35,-0.07,,1.44,-0.11,,290.41,-0.45,0.62,1724,0.6572,1578,0.5096,1430,0.1188,無,0,無,0,無,0,無,0
F9302-26021678,F9302-26021678,NB,6,SW-80337,N,1.04167,Rapido-2,100,1300,1100,25*30,27.00,1183.15,6.12,A1605-25120187-1B,Y,18.85,19.97,1.12,0.96,-0.81,-1.12,-0.31,-5.52,-5.95,-0.43,,6.06,0.49,,259.34,-0.30,1.12,1862,2.4,1578,0.63632,1430,0.16587,1191,0.04896,無,0,無,0,無,0
F9302-26021695,F9302-26021695,GR,1,SCK-4191,N,1.04167,Rapido-2,400,1250,1000,25*30,89.50,292.02,6.67,A1605-25030023-1G,N,76.16,75.93,-0.23,-0.09,-13.71,-13.75,-0.04,-3.90,-4.23,-0.33,,14.38,0.09,,197.09,0.28,0.31,1510,0.0572,1111,0.023278,1310,0.000212,無,0,無,0,無,0,無,0
F9302-26021730,F9302-26021730,GY,2,SCK-2285,N,0.69444,Conveyor-1,300,80,270,140,450.00,35.78,4.06,A1605-24060091-1A,N,30.76,30.55,-0.21,-0.13,0.83,0.53,-0.30,-1.28,-1.21,0.07,,1.32,-0.28,,293.86,-0.32,0.44,1724,0.6572,1578,0.5096,1430,0.1188,無,0,無,0,無,0,無,0
F9302-26021783,F9302-26021783,NB,5,SCK-3928,N,1.04167,Rapido-2,400,1300,1050,35*40,69.50,363.42,3.32,A1605-25090072-1A,N,23.28,22.70,-0.58,-0.43,-1.56,-1.55,0.01,-11.80,-11.48,0.32,,11.59,-0.24,,262.34,-0.03,0.50,1578,0.96,1862,0.912,1391,0.141,1142,0.02944,無,0,無,0,無,0
F9302-26021784,F9302-26021784,NB,3,SCK-3673,N,0.69444,Rapido-1,600,1300,1100,30*30,66.50,399.76,6.30,2007098-2A,N,20.68,19.94,-0.75,-0.60,2.81,2.71,-0.10,-12.63,-12.73,-0.10,,13.02,0.06,,282.02,-0.15,0.62,1578,1.2168,1724,0.84574,1420,0.81165,1565,0.742,1567,0.416,無,0,無,0
F9302-26021789,F9302-26021789,BK,6,SK-1298C0,N,1.38889,Rapido-2,800,1250,1000,30*30,68.50,497.97,7.53,A1605-24120054-1C,N,15.26,15.09,-0.17,-0.16,0.48,0.46,-0.02,-1.17,-1.25,-0.07,,1.33,0.09,,290.44,-0.06,0.20,1862,3.1365,1863,0.99,1391,0.52,1191,0.30475,無,0,無,0,無,0
F9302-26021815,F9302-26021815,KH,4,SW-8797C0,Y,1.04167,Rapido-2,400,1300,1050,30*30,33.50,542.84,9.09,A1605-25100111-1D,N,44.78,44.38,-0.40,-0.20,4.79,4.62,-0.17,16.74,16.06,-0.68,,16.71,-0.45,,73.97,-0.03,0.49,1565,0.31872,1391,0.26112,1142,0.2592,1201,0.1728,無,0,無,0,無,0
F9302-26021842,F9302-26021842,BL,7,SW-80242C0,Y,1.04167,Rapido-2,100,1300,1050,35*30,12.50,2382.32,7.69,A1605-25120224-4B,N,20.09,18.68,-1.41,-1.16,-0.55,0.10,0.65,-3.50,-2.92,0.58,,2.93,-0.72,,272.04,0.80,1.58,1862,1.615,1578,0.95,1430,0.66348,1191,0.4947,無,0,無,0,無,0
F9302-26021894,F9302-26021894,GY,2,SW-80242C0,Y,1.04167,Rapido-2,200,1300,1100,35*30,26.00,671.88,10.81,A1605-25120224-2B,N,68.71,69.09,0.38,0.15,2.66,2.92,0.26,8.46,9.00,0.55,,9.46,0.52,,72.04,-0.13,0.56,1233,0.16199,1534,0.10848,1451,0.0582,無,0,無,0,無,0,無,0
F9302-26021932,F9302-26021932,BL,3,SCK-3928,N,1.04167,Rapido-2,400,1300,1000,35*30,70.00,307.80,3.33,A1605-25090072-3D,N,42.52,42.62,0.10,0.05,-5.25,-5.08,0.17,-11.75,-11.44,0.31,,12.51,-0.26,,246.03,0.03,0.27,1576,0.5917,1191,0.0825,1391,0.076,無,0,無,0,無,0,無,0
F9302-26021987,F9302-26021987,GY,1,SW-80264C07,Y,1.04167,Rapido-2,400,1350,1000,35*30,76.50,397.76,3.24,A1605-25080048-1B,Y,77.44,77.00,-0.44,-0.16,-1.70,-2.41,-0.71,-0.55,-0.96,-0.41,,2.59,1.08,,201.72,0.20,1.11,1510,0.025,1310,0.021,1111,0.019,無,0,無,0,無,0,無,0
F9302-26022035,F9302-26022035,YE,2,SK-1085,N,0.52083,Rapido-1,600,1100,600,45*40,117.00,132.59,4.10,A1605-25030054-4A,N,54.76,54.86,0.10,0.04,-6.24,-6.37,-0.12,3.42,3.47,0.05,,7.25,0.12,,151.42,0.02,0.13,1565,0.23835,1724,0.211,1580,0.01764,1191,0.0117,無,0,無,0,無,0
F9302-26022048,F9302-26022048,BR,5,SK-548C0,N,1.25,Rapido-2,400,1250,1000,25*30,49.00,748.78,10.00,1910099-1B,Y,23.55,23.75,0.19,0.14,2.89,2.45,-0.45,6.85,6.51,-0.34,,6.95,-0.45,,69.40,0.48,0.67,1578,0.72,1722,0.5828,1142,0.5278,1430,0.3626,無,0,無,0,無,0
F9302-26022263,F9302-26022263,RE,3,SK-1085,N,0.52083,Rapido-2,400,1100,600,45*40,117.50,233.28,4.30,A1605-25030054-6B,Y,54.22,53.30,-0.92,-0.40,9.93,9.27,-0.66,5.46,5.61,0.15,,10.83,-0.39,,31.20,0.64,0.86,1391,0.23465,1191,0.11446,1565,0.07315,1588,0.0525,無,0,無,0,無,0
F9302-26022332,F9302-26022332,BK,7,SW-80352C01,Y,0.69444,Rapido-2,400,1200,950,25*20(2025/11/27),69.00,314.07,6.67,A1605-25050127-1A,N,18.39,17.39,-1.00,-0.88,1.13,1.24,0.11,-0.26,-0.28,-0.02,,1.27,0.16,,347.10,0.01,0.89,1862,3.29,1722,0.6758,1391,0.168,1191,0.075,無,0,無,0,無,0
F9302-26022344,F9302-26022344,BK,3,SCK-3814,N,2.08333,Rapido-2,400,1300,1100,30*40,62.00,392.81,5.00,2011071-4D,N,15.26,15.52,0.26,0.25,0.48,0.52,0.03,-1.17,-1.12,0.05,,1.24,-0.05,,294.83,0.07,0.27,1862,3,1863,0.575,1724,0.56,1391,0.2125,無,0,無,0,無,0
F9302-26022410,F9302-26022410,BK,7,SW-80352C01,Y,0.69444,Rapido-2,400,1200,950,25*20(2025/11/27),66.00,383.17,7.23,A1605-25050127-1A,N,18.39,17.59,-0.80,-0.70,1.13,1.26,0.13,-0.26,-0.21,0.05,,1.28,0.17,,350.47,0.11,0.73,1862,3.29,1722,0.6758,1391,0.168,1191,0.075,無,0,無,0,無,0
F9302-26022635,F9302-26022635,WH,3,SK-1085,N,0.52083,Rapido-2,400,1100,600,45*40,114.00,217.11,4.29,A1605-25050130-1A,N,91.50,91.43,-0.07,-0.03,-1.66,-1.90,-0.24,6.20,6.34,0.14,,6.62,0.19,,106.68,0.25,0.31,1111,0.009,1310,0.003565,1510,0.0027,無,0,無,0,無,0,無,0
F9302-26022636,F9302-26022636,NB,3,SCK-3549,N,1.04167,Rapido-2,100,1300,1050,30*30,26.50,1029.02,5.56,A1605-21110032-2A,N,22.13,21.35,-0.78,-0.59,0.45,0.16,-0.29,-11.48,-11.62,-0.14,,11.62,0.10,,270.79,-0.37,0.71,1578,1.595,1722,0.28336,1430,0.2247,1191,0.1155,無,0,無,0,無,0
F9302-26022760,F9302-26022760,KH,4,SK-1085,N,0.52083,Rapido-2,200,1100,600,45*40,67.00,249.58,7.50,A1605-25050130-6A,N,49.49,48.88,-0.61,-0.28,9.41,9.38,-0.03,27.10,26.80,-0.31,,28.39,-0.15,,70.71,-0.08,0.33,1724,0.9486,1565,0.18,1142,0.037,無,0,無,0,無,0,無,0
F9302-26022834,F9302-26022834,GY,2,SK-727,N,0.52083,Conveyor-1,300,80,260,140,450.00,42.37,3.35,0909165-1B,N,32.36,30.94,-1.42,-0.84,-0.48,-0.70,-0.22,0.68,0.61,-0.06,,0.93,0.15,,138.65,0.30,0.91,1576,0.7344,1430,0.3636,1142,0.318,無,0,無,0,無,0,無,0
F9302-26022982,F9302-26022982,GY,2,SK-727,N,0.52083,Conveyor-1,300,75,230,140,451.00,42.30,3.33,0909165-1B,N,32.36,31.19,-1.16,-0.69,-0.48,-0.56,-0.08,0.68,0.99,0.31,,1.13,0.44,,119.39,-0.14,0.83,1576,0.7344,1430,0.3636,1142,0.318,無,0,無,0,無,0,無,0
F9302-26023019,F9302-26023019,GY,3,SW-80337C0,N,1.04167,Rapido-2,400,1250,1000,25*30,72.00,257.46,5.23,A1605-26010120-1F,N,37.10,36.78,-0.32,-0.17,1.63,1.81,0.18,-3.62,-3.19,0.43,,3.67,-0.34,,299.58,0.47,0.61,1576,0.679,1391,0.28,1142,0.135,1201,0.092,無,0,無,0,無,0
F9302-26023039,F9302-26023039,GR,7,SW-80779C0,Y,1.04167,Rapido-2,800,1350,1050,35*30(2025/12/12),45.75,822.30,6.06,A1605-25080195-1A,N,28.23,27.89,-0.34,-0.22,-18.00,-17.97,0.03,-4.04,-4.11,-0.07,,18.43,-0.01,,192.89,0.06,0.23,1576,1.012,1565,1,1588,0.78,1191,0.546,無,0,無,0,無,0
F9302-26023082,F9302-26023082,BK,3,SK-1288,N,2.08333,Rapido-2,800,1250,1000,35*40,63.75,290.38,4.50,A1605-24090006-1G,N,15.49,15.42,-0.07,-0.07,-0.15,0.12,0.26,-0.25,-0.21,0.04,,0.24,-0.08,,298.92,0.40,0.41,1862,3.335,1142,0.5405,1430,0.5076,無,0,無,0,無,0,無,0
F9302-26023148,F9302-26023148,GY,2,SCK-3792S,N,0.52083,Conveyor-1,300,75,250,140,422.00,49.75,6.67,A1605-26010110-1B,N,47.97,47.96,-0.01,0.00,-2.02,-2.38,-0.36,-5.92,-6.12,-0.19,,6.56,0.30,,248.76,-0.35,0.46,1576,0.32,1724,0.15,1391,0.013,無,0,無,0,無,0,無,0
F9302-26023162,F9302-26023162,BK,6,SK-1298C0,N,1.38889,Rapido-2,800,1250,1000,30*30,68.50,455.07,7.50,A1605-24120054-1C,N,15.26,15.06,-0.20,-0.20,0.48,0.47,-0.01,-1.17,-1.32,-0.15,,1.40,0.18,,289.65,-0.09,0.28,1862,3.1365,1863,0.99,1391,0.52,1191,0.30475,無,0,無,0,無,0
F9302-26023170,F9302-26023170,BL,2,SCK-3792S,N,0.52083,Conveyor-1,300,80,260,120,400.00,52.75,6.67,A1605-26010110-2A,N,38.36,37.41,-0.95,-0.51,-0.37,-0.47,-0.10,-14.07,-14.33,-0.27,,14.34,0.19,,268.12,-0.11,0.55,1576,0.64,1724,0.14,1391,0.07,無,0,無,0,無,0,無,0
F9302-26023251,F9302-26023251,BK,3,SK-1288,N,2.08333,Rapido-2,800,1250,1000,40*30,63.75,333.04,5.00,A1605-24090006-1G,N,15.49,15.25,-0.24,-0.23,-0.15,0.06,0.21,-0.25,-0.26,-0.01,,0.27,-0.04,,283.71,0.32,0.40,1862,3.335,1142,0.5405,1430,0.5076,無,0,無,0,無,0,無,0
F9302-26023285,F9302-26023285,BR,3,SK-282,N,1.04167,Conveyor-1,300,80,260,30*40 (140),440.00,65.13,4.17,A1605-24060016-1B,Y,22.88,21.78,-1.10,-0.82,3.19,3.06,-0.13,7.38,6.88,-0.51,,7.52,-0.47,,66.03,-0.15,0.96,1722,0.99,1593,0.8025,1142,0.39525,1430,0.0031,無,0,無,0,無,0
F9302-26023314,F9302-26023314,BK,6,SK-1298C0,N,1.38889,Rapido-2,800,1250,1000,30*30,67.00,481.61,7.83,A1605-24120054-1C,N,15.26,15.08,-0.18,-0.18,0.48,0.50,0.01,-1.17,-1.33,-0.16,,1.42,0.21,,290.37,-0.07,0.29,1862,5.904,1863,0.99,1391,0.52,1191,0.30475,無,0,無,0,無,0
F9302-26023333,F9302-26023333,BL,4,SCK-3521,N,1.04167,Rapido-2,400,1100,600,40*40,105.00,163.48,4.17,A1605-25080179-1A,N,30.13,29.94,-0.20,-0.12,-13.32,-13.12,0.20,-16.61,-16.05,0.56,,20.73,-0.33,,230.74,-0.16,0.39,1576,0.7293,1191,0.1034,1588,0.006,1565,0.0045,無,0,無,0,無,0
F9302-26023334,F9302-26023334,GR,6,SCK-4186,N,1.04167,Rapido-2,50,1250,1000,(30*30下走),10.50,2398.57,8.33,A1605-25030180-1A,N,29.10,29.69,0.60,0.38,-18.58,-18.55,0.02,-4.09,-4.20,-0.11,,19.02,0.00,,192.76,0.09,0.39,1576,1.0836,1565,0.87,1191,0.53485,1588,0.3807,無,0,無,0,無,0
F9302-26023360,F9302-26023360,RE,3,SK-1083C0,N,1.25,Rapido-2,200,1200,950,25*30,49.00,761.20,13.33,A1605-21040123-8B,Y,23.36,23.85,0.49,0.36,14.97,14.42,-0.55,3.79,2.58,-1.21,,14.65,-0.54,,10.13,-1.17,1.33,1384,2.05,1578,0.5,1142,0.35,1722,0.35,無,0,無,0,無,0
F9302-26023427,F9302-26023427,BK,7,SW-80337,N,1.04167,Rapido-2,400,1250,1000,25*3,61.00,515.82,6.90,A1605-26020002-1D,N,17.33,18.54,1.21,1.11,0.71,0.74,0.03,-1.89,-2.05,-0.16,,2.18,0.21,,289.78,-0.04,1.13,1862,4.8,1391,0.6695,1142,0.2,無,0,無,0,無,0,無,0
F9302-26023462,F9302-26023462,BK,7,SCK-3778,N,1.04167,Rapido-2,400,1250,1000,30*40,48.50,484.33,6.30,A1605-25110146-3E,N,17.58,17.30,-0.28,-0.25,0.03,-0.09,-0.12,-2.13,-2.09,0.04,,2.09,-0.05,,267.60,-0.17,0.31,1862,1.36,1391,0.67,1578,0.45,1191,0.41,無,0,無,0,無,0
F9302-26030018,F9302-26030018,BK,7,SW-80337,N,1.04167,Rapido-2,800,1300,1100,30*30,55.75,608.16,7.09,A1605-26020002-1D,Y,17.33,18.09,0.76,0.70,0.71,0.52,-0.19,-1.89,-2.23,-0.34,,2.29,0.35,,283.12,-0.38,0.87,1862,3.1,1391,0.65,1142,0.2,無,0,無,0,無,0,無,0
F9302-26030022,F9302-26030022,GR,5,SW-80425C0,Y,1.04167,Rapido-2,100,1400,1100,40*30,16.00,1965.63,7.58,A1605-25110093-2B,N,34.61,34.24,-0.37,-0.21,-3.89,-3.89,0.00,6.72,6.67,-0.05,,7.72,-0.04,,120.23,0.03,0.21,1576,0.8075,1191,0.35405,1722,0.22795,1391,0.09118,無,0,無,0,無,0
F9302-26030049,F9302-26030049,BK,3,SW-80180C0,N,1.04167,Rapido-2,300,1350,1200,30*30,47.00,278.17,8.25,2003190-2A,N,19.08,18.58,-0.49,-0.42,0.72,0.72,0.00,-2.97,-3.21,-0.25,,3.29,0.30,,282.65,-0.07,0.52,1861,1.584,1848,0.8,1722,0.3332,1430,0.266,無,0,無,0,無,0
F9302-26030050,F9302-26030050,BL,5,SW-80074C0,Y,1.04167,Rapido-2,100,1400,1000,45*40,8.50,3264.35,9.38,A1605-25090139-1D,N,30.61,29.47,-1.14,-0.70,-0.81,-1.67,-0.85,-7.15,-7.42,-0.27,,7.61,0.39,,257.34,-1.06,1.32,1578,0.931,1391,0.3577,1191,0.23128,1722,0.12348,無,0,無,0,無,0
F9302-26030119,F9302-26030119,BK,3,SK-1126,N,1.04167,Conveyor-1,300,85,260,140,416.00,60.06,5.03,A1605-21040038-1D,N,17.34,14.89,-2.45,-2.25,1.13,1.13,0.00,-2.30,-2.38,-0.09,,2.64,0.10,,295.34,-0.05,2.26,1862,1.395,1848,0.465,1722,0.28,1391,0.192,無,0,無,0,無,0
F9302-26030138,F9302-26030138,BL,4,SCK-4173,N,0.83333,Rapido-2,50,1250,1000,25*30,12.00,2136.17,10.00,A1605-26020046-2B,N,51.42,50.55,-0.87,-0.40,-16.12,-15.83,0.29,-31.09,-32.70,-1.61,,36.33,0.60,,244.17,0.66,0.98,1585,1.25,1565,0.27,1191,0.0098,無,0,無,0,無,0,無,0
F9302-26030143,F9302-26030143,RU,2,SCK-4237,N,1.5625,Rapido-2,100,1250,800,45*40,10.50,2204.00,8.33,A1605-24030256-3B,N,29.35,29.26,-0.09,-0.05,28.99,29.49,0.50,13.20,13.14,-0.07,,32.29,0.21,,24.01,-0.23,0.31,1362,0.6935,1391,0.62985,1191,0.3366,1565,0.1496,無,0,無,0,無,0
F9302-26030145,F9302-26030145,GR,4,SW-80074C0,Y,1.04167,Rapido-2,100,1400,1000,45*40,14.50,2198.28,6.25,A1605-25090139-5A,N,38.41,38.90,0.49,0.26,-1.39,-1.74,-0.34,9.25,9.04,-0.22,,9.20,-0.13,,100.87,0.47,0.56,1576,0.7315,1201,0.31234,1191,0.29585,1391,0.1358,無,0,無,0,無,0
F9302-26030152,F9302-26030152,RE,3,FS-8816C0,N,0.69444,Rapido-2,200,1300,850,25*30,44.00,354.32,12.12,A1605-25090111-1F,N,65.71,66.05,0.34,0.14,39.37,39.87,0.50,1.72,2.01,0.28,,39.92,0.22,,2.88,0.17,0.31,1391,0.167,1350,0.035,1142,0.004,無,0,無,0,無,0,無,0
F9302-26030264,F9302-26030264,BK,7,SW-80337,N,1.04167,Rapido-2,800,1300,1100,30*30,57.50,544.94,7.14,A1605-26020002-1D,Y,17.33,17.70,0.37,0.34,0.71,0.39,-0.32,-1.89,-2.14,-0.25,,2.17,0.20,,280.32,-0.51,0.65,1862,3.348,1391,0.65,1142,0.2,無,0,無,0,無,0,無,0
F9302-26030296,F9302-26030296,CO,4,SW-80425C0,Y,1.04167,Rapido-2,100,1400,1100,40*30,9.00,3858.00,9.38,A1605-25090140-2B,N,41.07,41.38,0.30,0.16,19.21,18.79,-0.42,22.86,23.03,0.17,,29.72,-0.07,,50.79,0.55,0.57,1391,0.597,1191,0.526,1201,0.205,1576,0.153,無,0,無,0,無,0
F9302-26030317,F9302-26030317,BR,2,SCK-4100,N,1.04167,Rapido-2,400,1200限上走,800,45*40,53.50,620.19,5.03,A1605-24040077-7B,Y,36.47,36.56,0.10,0.05,2.53,2.17,-0.36,16.71,16.97,0.27,,17.11,0.14,,82.71,0.48,0.50,1191,0.3358,1576,0.322,1722,0.243,1430,0.07395,無,0,無,0,無,0
F9302-26030378,F9302-26030378,NB,1,SW-80236C0,Y,1.04167,Rapido-2,400,1350,1050,40*30,71.50,346.46,3.69,A1605-24070031-4A,N,25.76,25.34,-0.43,-0.29,-7.69,-7.70,-0.01,-16.16,-15.61,0.55,,17.40,-0.32,,243.74,-0.23,0.49,1588,1.552,1578,1.164,1191,0.1261,無,0,無,0,無,0,無,0
F9302-26030381,F9302-26030381,BL,4,SW-80425C0,Y,1.04167,Rapido-2,50,1400,1100,40*30,6.00,5898.00,10.00,A1605-25090140-3B,N,31.33,30.05,-1.27,-0.77,-0.91,-1.49,-0.58,-7.71,-8.41,-0.71,,8.54,0.72,,259.98,-0.62,1.22,1578,0.7097,1391,0.22989,1191,0.14259,1722,0.11155,無,0,無,0,無,0
F9302-26030417,F9302-26030417,BK,7,SW-80337,N,1.04167,Rapido-2,800,1300,1100,30*30,54.25,437.38,7.14,A1605-26020002-1D,N,17.33,17.60,0.27,0.24,0.71,0.54,-0.17,-1.89,-2.06,-0.17,,2.12,0.14,,284.68,-0.29,0.41,1862,3.472,1391,0.6825,1142,0.2,無,0,無,0,無,0,無,0
F9302-26030426,F9302-26030426,GR,3,SCK-3828,N,1.04167,Conveyor-1,300,80,270,140(35*40),394.00,38.20,4.23,A1605-24080107-3E,N,41.60,40.64,-0.96,-0.49,-10.59,-10.29,0.30,-4.46,-4.25,0.21,,11.14,-0.28,,202.45,-0.08,0.57,1588,0.392,1430,0.1,1724,0.066,1142,0.05,無,0,無,0,無,0
F9302-26030491,F9302-26030491,OR,4,SW-80264C0,Y,1.04167,Rapido-2,400,1300,1000,35*30,77.50,320.61,4.07,A1605-25030175-1A,N,49.13,48.52,-0.60,-0.28,56.20,56.18,-0.02,43.47,43.76,0.29,,71.21,0.05,,37.92,0.17,0.33,1353,1.58,1191,0.54,1383,0.525,1201,0.29,無,0,無,0,無,0
F9302-26030591,F9302-26030591,GR,2,SCK-4131,N,2.08333,Rapido-2,100,刮毛1050,800,30*30,42.50,414.24,3.80,A1605-23040011-3A,N,47.18,46.58,-0.59,-0.28,-6.99,-7.01,-0.03,4.98,5.12,0.14,,8.68,0.09,,143.87,-0.11,0.31,1576,0.1944,1565,0.104,1201,0.088,1142,0.08,1430,0.01469,無,0,無,0
F9302-26030795,F9302-26030795,WH,3,SCK-4100,N,1.04167,Rapido-2,400,1200限上走,800,45*40,57.50,264.85,5.66,A1605-24040077-8H,N,72.64,71.87,-0.78,-0.30,0.18,0.41,0.23,9.11,9.35,0.24,,9.36,0.22,,87.49,-0.31,0.48,1111,0.0645,1310,0.048925,1510,0.02793,無,0,無,0,無,0,無,0
F9302-26030807,F9302-26030807,RE,3,SK-1008C0,N,0.83333,Rapido-2,400,1200,950,25*20,81.00,310.21,10.00,A1605-24030131-3B,N,37.46,36.91,-0.55,-0.30,55.41,55.63,0.22,22.57,22.24,-0.33,59.83,59.91,0.03,22.16,21.79,-0.24,0.38,1383,2.4,1360,2.1,1384,1.43,1142,0.28,無,0,無,0,無,0
F9302-26030809,F9302-26030809,BK,3,SCK-3673,N,0.69444,Rapido-1,600,1300,1100,30*30,63.00,411.92,6.36,2007138-2P,N,15.33,15.00,-0.32,-0.32,0.24,0.33,0.09,-0.71,-0.93,-0.23,,0.99,0.35,,289.19,0.02,0.47,1862,4,1724,1.52,1588,0.7125,1430,0.69,1848,0.55,1191,0.1488,無,0
F9302-26030971,F9302-26030971,GY,2,SCK-3574,N,1.04167,Rapido-2,400,1400,1000,45*30,34.50,636.46,6.67,A1605-23040025-6B,N,85.35,84.93,-0.41,-0.15,-1.84,-2.07,-0.23,3.41,3.20,-0.21,3.88,3.81,-0.07,118.39,122.86,0.38,0.41,1111,0.012543,1310,0.00957,1510,0.009009,無,0,無,0,無,0,無,0
F9302-26031009,F9302-26031009,RE,3,SK-1008C0,N,0.83333,Rapido-2,400,1200,950,25*20,87.00,271.20,10.00,A1605-24030131-3B,N,37.46,37.07,-0.39,-0.21,55.41,55.22,-0.20,22.57,22.11,-0.46,59.83,59.48,-0.13,22.16,21.82,-0.22,0.33,1383,2.4,1360,2.1,1384,1.43,1142,0.28,無,0,無,0,無,0
F9302-26031500,F9302-26031500,BK,3,SCK-3574,N,1.04167,Rapido-2,300,1400,1000,45*30,49.50,304.00,4.98,A1605-23040025-7B,N,20.43,20.01,-0.42,-0.34,0.76,0.74,-0.02,-1.69,-1.88,-0.19,,2.02,0.22,,291.37,-0.13,0.43,1862,1.9998,1724,0.585,1430,0.295,無,0,無,0,無,0,無,0
F9302-26031522,F9302-26031522,RE,3,SCK-3230ST,N,1.66667,Rapido-2,200,1050,850,25*20,107.00,193.71,20.00,A1605-24030132-3B,N,34.28,34.16,-0.12,-0.07,54.76,54.83,0.07,22.04,21.53,-0.52,59.03,58.91,-0.04,21.93,21.43,-0.32,0.33,1383,2.397,1384,2.15,1360,2,1142,0.1887,無,0,無,0,無,0
F9302-26031556,F9302-26031556,BR,4,SK-417,N,1.04167,Rapido-2,100,1250,1000,30*30,23.00,1289.65,5.56,A1605-24090169-1C,Y,34.90,34.42,-0.48,-0.27,1.56,2.52,0.96,6.34,7.66,1.32,,8.06,1.50,,71.80,-0.83,1.74,1724,0.5859,1576,0.4512,1430,0.0558,1142,0.03496,無,0,無,0,無,0
F9302-26031573,F9302-26031573,BK,7,SCK-3843S,Y,0.69444,Rapido-2,400,1200,1000,30*40,34.50,698.12,8.99,A1605-26010014-1C,N,18.64,18.32,-0.32,-0.28,1.56,1.40,-0.15,-0.99,-0.89,0.10,1.84,1.66,-0.24,327.63,327.65,0.00,0.37,1862,3.045,1863,1.4,1391,0.73,1191,0.38,無,0,無,0,無,0
F9302-26031582,F9302-26031582,BK,3,SCK-3673,N,0.69444,Rapido-1,600,1300,1100,30*30,70.25,455.13,7.32,2007138-2P,N,15.33,15.30,-0.02,-0.02,0.24,0.44,0.20,-0.71,-0.85,-0.14,,0.96,0.31,,297.21,0.19,0.36,1862,4,1724,1.52,1588,0.7125,1430,0.69,1848,0.5,1191,0.1488,無,0
F9302-26031583,F9302-26031583,GY,4,SCK-2129,N,1.04167,Rapido-2,800,1200,900,30*30,64.00,827.50,7.50,A1605-26030001-2A,Y,30.33,31.19,0.87,0.54,-0.16,0.10,0.25,-1.85,-1.06,0.79,1.86,1.07,-1.05,265.20,275.23,0.34,1.23,1576,0.96,1724,0.717,1391,0.124,1191,0.025,無,0,無,0,無,0
F9302-26031599,F9302-26031599,OR,2,SCK-4135,N,1.04167,Rapido-2,400,易刮毛1000,800,35*40,59.50,641.90,6.67,A1605-24080024-2A,N,45.75,44.71,-1.04,-0.50,46.16,46.15,-0.01,37.96,38.26,0.29,,59.95,0.06,,39.66,0.18,0.54,1353,1.5158,1142,0.3744,1576,0.030048,1580,0.00912,無,0,無,0,無,0
F9302-26031636,F9302-26031636,RW,5,SW-80180C0,N,1.04167,Rapido-2,400,1350,1200,30*30,54.50,458.77,8.25,A1605-25030194-2A,N,25.05,24.59,-0.46,-0.32,12.74,12.64,-0.11,1.51,1.67,0.16,,12.75,-0.06,,7.53,0.19,0.38,1724,1.425,1430,0.9595,1578,0.494,無,0,無,0,無,0,無,0
F9302-26031637,F9302-26031637,GY,2,SCK-3230,N,1.66667,Rapido-2,200,1050,850,25*20,91.00,219.20,20.00,1711131-1A,N,32.95,32.47,-0.48,-0.28,-0.86,-0.86,0.00,-1.88,-2.02,-0.14,,2.19,0.17,,246.99,0.08,0.33,1576,0.72215,1724,0.54,1430,0.04312,無,0,無,0,無,0,無,0
F9302-26031648,F9302-26031648,BK,7,SW-80087C0,Y,1.04167,Rapido-2,400,1400,1000,40*30,63.50,473.81,3.85,A1605-26010126-1E,N,19.23,18.60,-0.64,-0.54,-0.11,-0.06,0.05,-3.15,-2.89,0.26,3.15,2.89,-0.31,267.98,268.73,0.05,0.63,1862,2.65,1576,0.8,1391,0.31,1142,0.17,無,0,無,0,無,0
F9302-26031663,F9302-26031663,RE,3,SCK-3230ST,N,1.66667,Rapido-2,200,1050,850,25*20,107.00,186.36,20.00,A1605-24030132-3B,N,34.28,33.86,-0.42,-0.24,54.76,54.38,-0.38,22.04,21.22,-0.83,59.03,58.37,-0.24,21.93,21.31,-0.39,0.52,1383,2.397,1384,2.15,1360,2,1142,0.1887,無,0,無,0,無,0
F9302-26031697,F9302-26031697,BK,6,SW-8694,N,1.04167,Rapido-2,300,1250,1050,25*30,33.00,800.70,7.92,A1605-25030107-1B,N,21.42,20.93,-0.49,-0.39,0.59,0.73,0.14,-2.32,-2.17,0.14,,2.29,-0.13,,288.46,0.23,0.47,1862,2.31,1391,0.517,1191,0.1936,無,0,無,0,無,0,無,0
F9302-26031698,F9302-26031698,BK,6,SW-8694,N,1.04167,Rapido-2,300,1250,1050,25*30,38.50,802.42,9.09,A1605-25030107-1B,Y,21.42,21.02,-0.40,-0.31,0.59,1.16,0.57,-2.32,-1.98,0.33,,2.30,-0.12,,300.37,0.89,0.95,1862,2.31,1391,0.517,1191,0.1936,無,0,無,0,無,0,無,0
F9302-26031699,F9302-26031699,BK,3,SCK-3673,N,0.69444,Rapido-1,600,1300,1100,30*30,69.50,397.74,7.66,2007138-2P,N,15.33,14.83,-0.50,-0.49,0.24,0.44,0.21,-0.71,-0.82,-0.11,,0.93,0.27,,298.57,0.22,0.60,1862,4,1724,1.52,1588,0.7125,1430,0.69,1848,0.5,1191,0.1488,無,0
F9302-26031721,F9302-26031721,KH,1,SW-80236C0,Y,1.04167,Rapido-2,400,1350,1050,35*30,71.00,472.73,4.53,A1605-24070031-1A,Y,78.69,78.72,0.03,0.01,-3.72,-3.46,0.25,3.17,3.57,0.40,4.89,4.98,0.10,139.54,134.11,-0.57,0.58,1111,0.0225,1510,0.01767,1310,0.01513,無,0,無,0,無,0,無,0
F9302-26031733,F9302-26031733,GY,5,SW-8965C0,Y,0.69444,Rapido-2,400,1400,1000,40*40,75.00,489.83,4.43,A1605-25030213-1A,N,33.79,33.57,-0.22,-0.13,-0.39,-0.61,-0.22,-0.57,-0.64,-0.07,,0.89,0.28,,226.63,-0.18,0.36,1578,0.462,1722,0.2275,1142,0.0972,1391,0.0968,無,0,無,0,無,0
F9302-26031740,F9302-26031740,OL,5,SW-8965C0,Y,0.69444,Rapido-2,400,1350,1000,40*40,76.50,533.57,4.30,A1605-24090023-1C,N,29.67,30.65,0.98,0.62,-0.53,-0.48,0.06,5.40,5.51,0.11,,5.53,0.11,,94.94,-0.09,0.63,1578,0.504,1191,0.41412,1391,0.33321,1201,0.22695,無,0,無,0,無,0
F9302-26031749,F9302-26031749,KH,2,SW-80236C0,Y,1.04167,Rapido-2,400,1350,1050,35*30,55.00,529.02,5.00,A1605-24070031-3A,Y,68.16,68.59,0.43,0.17,-2.57,-2.51,0.07,18.28,18.81,0.53,18.46,18.98,0.32,98.02,97.60,-0.14,0.39,1191,0.0665,1565,0.0329,1391,0.02163,1201,0.015,無,0,無,0,無,0
F9302-26031832,F9302-26031832,BK,3,SW-80180C0,N,1.04167,Rapido-2,400,1350,1200,30*30,54.50,478.68,5.88,A1605-24030140-4D,N,17.97,17.65,-0.32,-0.28,0.93,1.13,0.20,-2.55,-2.33,0.22,,2.59,-0.15,,295.91,0.36,0.48,1862,3.22,1430,0.245,1722,0.2376,無,0,無,0,無,0,無,0
F9302-26031839,F9302-26031839,NB,7,SW-80180C0,N,1.04167,Rapido-2,800,1350,1200,30*30,34.00,494.79,11.36,A1605-23010059-2D,N,19.29,18.89,-0.40,-0.34,0.02,0.00,-0.02,-7.34,-7.23,0.11,7.34,7.23,-0.10,270.16,269.97,-0.03,0.35,1862,1.9,1578,0.855,1430,0.225,1724,0.128,無,0,無,0,無,0
F9302-26031842,F9302-26031842,BK,3,SK-693,N,1.04167,Rapido-2,800,1250,1000,30*30,84.25,290.31,5.56,A1605-22060206-1A,N,15.86,15.16,-0.70,-0.69,-0.30,-0.35,-0.05,-3.22,-3.16,0.06,,3.18,-0.07,,263.70,-0.07,0.70,1862,2.25,1848,0.5,1724,0.16,1430,0.0845,1593,0.04,無,0,無,0
F9302-26031843,F9302-26031843,GY,4,SW-81081C0,Y,1.04167,Rapido-2,400,1300,1050,30*40,69.00,525.09,3.45,A1605-25020037-1A,Y,32.39,31.90,-0.49,-0.29,-0.02,0.33,0.35,-1.31,-1.16,0.15,1.31,1.21,-0.14,269.24,286.00,0.52,0.61,1576,0.768,1191,0.22,1430,0.20188,1722,0.16,無,0,無,0,無,0
F9302-26031849,F9302-26031849,BR,5,SW-80379SC0,Y,1.04167,Rapido-2,800,1500,1100,45*40,47.75,681.19,4.16,A1605-26010099-2B,N,24.61,25.76,1.15,0.82,3.86,4.08,0.22,6.25,6.08,-0.17,7.35,7.32,-0.03,58.32,56.16,-0.50,0.96,1576,1.02885,1722,0.5415,1191,0.4465,1391,0.4332,無,0,無,0,無,0
F9302-26031859,F9302-26031859,BR,2,SW-8965C0,Y,0.69444,Rapido-2,400,1400,1000,40*40,73.00,505.68,4.56,A1605-24090023-3B,Y,40.41,40.69,0.28,0.15,6.99,6.78,-0.21,20.32,20.83,0.51,21.49,21.91,0.25,71.02,71.96,0.44,0.53,1142,0.3264,1391,0.3068,1201,0.291,1565,0.2883,無,0,無,0,無,0
F9302-26031873,F9302-26031873,GY,2,SCK-3230,N,1.66667,Rapido-2,200,1050,850,25*20,94.00,245.11,20.00,1711131-1A,N,32.95,32.45,-0.49,-0.29,-0.86,-0.98,-0.12,-1.88,-2.02,-0.15,,2.25,0.24,,244.25,-0.06,0.38,1576,0.72215,1724,0.54,1430,0.04312,無,0,無,0,無,0,無,0
F9302-26031874,F9302-26031874,GY,2,SCK-3230,N,1.66667,Rapido-2,200,1050,850,25*20,96.00,196.63,20.00,1711131-1A,N,32.95,32.54,-0.41,-0.24,-0.86,-0.91,-0.05,-1.88,-2.05,-0.17,,2.24,0.23,,246.01,0.03,0.33,1576,0.72215,1724,0.54,1430,0.04312,無,0,無,0,無,0,無,0
F9302-26031875,F9302-26031875,GY,2,SCK-3230,N,1.66667,Rapido-2,200,1050,850,25*20,94.00,189.94,20.00,1711131-1A,N,32.95,32.64,-0.31,-0.18,-0.86,-0.91,-0.05,-1.88,-2.13,-0.25,,2.31,0.33,,246.97,0.08,0.38,1576,0.72215,1724,0.54,1430,0.04312,無,0,無,0,無,0,無,0
F9302-26031876,F9302-26031876,GY,2,SCK-3230,N,1.66667,Rapido-2,200,1050,850,25*20,91.00,177.91,20.00,1711131-1A,N,32.95,32.80,-0.15,-0.09,-0.86,-0.93,-0.07,-1.88,-1.97,-0.10,,2.18,0.15,,244.85,-0.03,0.18,1576,0.72215,1724,0.54,1430,0.04312,無,0,無,0,無,0,無,0
F9302-26031877,F9302-26031877,NB,3,SCK-3875,Y,2.08333,Rapido-2,200,1400,1000,45*30,51.00,877.82,6.52,A1605-23030186-1B,Y,21.45,22.54,1.09,0.85,-1.86,-2.04,-0.17,-8.99,-9.43,-0.44,9.18,9.65,0.40,258.30,257.82,-0.10,0.95,1593,1.77,1578,0.7434,1391,0.504,1142,0.285,無,0,無,0,無,0
F9302-26031887,F9302-26031887,KH,1,SW-80236C0,Y,1.04167,Rapido-2,400,1350,1050,35*30,69.50,438.59,4.72,A1605-24070031-1A,Y,78.69,79.30,0.61,0.23,-3.72,-3.79,-0.07,3.17,3.70,0.53,4.89,5.30,0.45,139.54,135.66,-0.42,0.65,1111,0.0225,1510,0.01805,1310,0.01496,無,0,無,0,無,0,無,0
F9302-26031900,F9302-26031900,GY,5,SW-8965C0,Y,0.69444,Rapido-2,400,1400,1000,40*40,75.00,366.36,4.40,A1605-25030213-1A,N,33.79,33.84,0.05,0.03,-0.39,-0.66,-0.27,-0.57,-0.71,-0.14,,0.97,0.41,,227.02,-0.18,0.44,1578,0.462,1722,0.2275,1142,0.0972,1391,0.0968,無,0,無,0,無,0
F9302-26031907,F9302-26031907,RW,5,SW-80180C0,N,1.04167,Rapido-2,100,1350,1200,30*30,22.50,621.24,9.38,A1605-25030194-2A,N,25.05,24.36,-0.69,-0.49,12.74,12.50,-0.24,1.51,1.67,0.16,,12.61,-0.17,,7.61,0.21,0.55,1724,1.425,1430,0.9595,1578,0.494,無,0,無,0,無,0,無,0
F9302-26031915,F9302-26031915,GY,5,SW-8965C0,Y,0.69444,Rapido-2,400,1400,1000,40*40,76.00,357.32,4.36,A1605-25030213-1A,N,33.79,33.16,-0.63,-0.36,-0.39,-0.64,-0.25,-0.57,-0.73,-0.16,,0.97,0.41,,228.74,-0.14,0.56,1578,0.4785,1722,0.235,1142,0.10044,1391,0.1001,無,0,無,0,無,0
F9302-26031916,F9302-26031916,GY,5,SW-8965C0,Y,0.69444,Rapido-2,400,1400,1000,40*40,52.00,775.54,5.38,A1605-25030213-1A,Y,33.79,33.97,0.18,0.10,-0.39,-0.66,-0.27,-0.57,-0.57,0.00,,0.88,0.27,,220.88,-0.29,0.41,1578,0.462,1722,0.2275,1142,0.0972,1391,0.0968,無,0,無,0,無,0
F9302-26031925,F9302-26031925,BK,3,SW-80082C0,Y,1.04167,Rapido-2,200,1300,1050,30*40,108.00,348.27,6.52,2010032-1A,Y,18.51,18.86,0.35,0.30,0.77,1.34,0.57,-1.18,-0.49,0.69,1.41,1.42,0.02,303.21,340.03,1.25,1.29,1862,3.15,1722,0.473,無,0,無,0,無,0,無,0,無,0
F9302-26031956,F9302-26031956,GY,2,SCK-3230,N,1.66667,Rapido-2,200,1050,850,25*20,101.00,180.26,20.00,1711131-1A,N,32.95,31.86,-1.09,-0.64,-0.86,-0.75,0.10,-1.88,-2.01,-0.13,,2.15,0.11,,249.47,0.20,0.68,1576,0.72215,1724,0.54,1430,0.04312,無,0,無,0,無,0,無,0
F9302-26031957,F9302-26031957,GY,2,SCK-3230,N,1.66667,Rapido-2,200,1050,850,25*20,99.00,180.60,20.00,1711131-1A,N,32.95,31.91,-1.04,-0.61,-0.86,-0.94,-0.08,-1.88,-1.96,-0.09,,2.17,0.15,,244.48,-0.05,0.63,1576,0.72215,1724,0.54,1430,0.04312,無,0,無,0,無,0,無,0
F9302-26031958,F9302-26031958,GY,2,SCK-3230,N,1.66667,Rapido-2,200,1050,850,25*20,88.00,218.45,20.00,1711131-1A,N,32.95,31.40,-1.55,-0.91,-0.86,-0.88,-0.02,-1.88,-2.17,-0.30,,2.34,0.37,,248.00,0.13,0.99,1576,0.72215,1724,0.54,1430,0.04312,無,0,無,0,無,0,無,0
F9302-26031964,F9302-26031964,BK,3,SW-80180C0,N,1.04167,Rapido-2,400,1350,1200,30*30,42.50,404.14,7.89,A1605-24030140-4D,N,17.97,17.81,-0.16,-0.14,0.93,0.86,-0.07,-2.55,-2.67,-0.12,,2.80,0.11,,287.87,-0.14,0.23,1862,3.22,1430,0.245,1722,0.216,無,0,無,0,無,0,無,0
F9302-26031977,F9302-26031977,BR,2,SW-8965C0,Y,0.69444,Rapido-2,400,14000,1000,40*40,79.50,328.89,4.36,A1605-24090023-3B,Y,40.41,40.24,-0.18,-0.09,6.99,6.98,-0.01,20.32,20.72,0.40,21.49,21.86,0.22,71.02,71.38,0.17,0.29,1142,0.32,1391,0.3068,1201,0.291,1565,0.2883,無,0,無,0,無,0
F9302-26031987,F9302-26031987,GY,2,SCK-3230,N,1.66667,Rapido-2,200,1050,850,25*20,99.00,206.87,20.00,1711131-1A,N,32.95,32.04,-0.91,-0.53,-0.86,-0.84,0.02,-1.88,-1.89,-0.01,,2.07,0.01,,246.01,0.03,0.53,1576,0.72215,1724,0.54,1430,0.04312,無,0,無,0,無,0,無,0
F9302-26031989,F9302-26031989,GY,2,SCK-3230,N,1.66667,Rapido-2,200,1050,850,25*20,95.00,231.75,20.00,1711131-1A,N,32.95,32.42,-0.52,-0.31,-0.86,-0.80,0.06,-1.88,-1.71,0.17,,1.89,-0.23,,244.93,-0.02,0.38,1576,0.72215,1724,0.54,1430,0.04312,無,0,無,0,無,0,無,0
F9302-26032003,F9302-26032003,WH,3,SW-80180C0,N,1.04167,Rapido-2,400,1350,1200,30*30,44.00,366.36,11.94,A1605-23010064-1A,N,91.58,91.47,-0.11,-0.04,-1.78,-1.95,-0.17,5.02,4.61,-0.40,5.32,5.01,-0.33,109.53,112.88,0.38,0.51,1111,0.006052,1310,0.002914,1510,0.0028,無,0,無,0,無,0,無,0
F9302-26032008,F9302-26032008,OL,5,SW-8965C0,Y,0.69444,Rapido-2,800,1350,1000,40*40,81.00,308.09,3.98,A1605-24090023-1C,N,29.67,30.66,0.99,0.62,-0.53,-0.40,0.13,5.40,5.39,-0.01,,5.41,-0.02,,94.27,-0.17,0.64,1578,0.516,1191,0.41412,1391,0.33321,1201,0.22695,無,0,無,0,無,0
F9302-26032021,F9302-26032021,BK,3,SK-693,N,1.04167,Rapido-2,50,1250,1000,30*30,9.00,3900.78,11.11,A1605-22060206-1A,Y,15.86,14.52,-1.34,-1.31,-0.30,-0.68,-0.38,-3.22,-3.13,0.09,,3.20,-0.04,,257.79,-0.51,1.41,1862,2.25,1848,0.5,1724,0.16,1430,0.0845,1593,0.04,無,0,無,0
F9302-26032024,F9302-26032024,GY,2,SCK-3230,N,1.66667,Rapido-2,200,1050,850,25*20,90.00,202.78,20.00,1711131-1A,N,32.95,32.26,-0.68,-0.40,-0.86,-0.92,-0.06,-1.88,-2.06,-0.18,,2.25,0.25,,245.93,0.02,0.47,1576,0.72215,1724,0.54,1430,0.04312,無,0,無,0,無,0,無,0
F9302-26032025,F9302-26032025,GY,2,SCK-3230,N,1.66667,Rapido-2,200,1050,850,25*20,95.00,201.96,20.00,1711131-1A,N,32.95,31.79,-1.16,-0.68,-0.86,-1.04,-0.18,-1.88,-2.06,-0.18,,2.31,0.32,,243.21,-0.11,0.76,1576,0.72215,1724,0.54,1430,0.04312,無,0,無,0,無,0,無,0
F9302-26032034,F9302-26032034,BR,6,SCK-3883,Y,1.04167,Rapido-2,400,1250,1000,35*40,54.00,315.11,6.90,A1605-25030165-2A1,N,23.98,23.56,-0.41,-0.30,3.74,3.82,0.08,5.17,4.95,-0.22,6.38,6.26,-0.12,54.16,52.36,-0.34,0.47,1391,0.2,1191,0.12,1578,0.115,1201,0.1,無,0,無,0,無,0
F9302-26032050,F9302-26032050,BK,7,SW-80087C0,Y,1.04167,Rapido-2,400,1400,1000,40*30,66.00,503.24,4.48,A1605-26010126-1E,N,19.23,18.32,-0.91,-0.77,-0.11,-0.18,-0.06,-3.15,-3.14,0.00,3.15,3.15,0.00,267.98,266.81,-0.08,0.78,1862,2.5705,1576,0.776,1391,0.2976,1142,0.1615,無,0,無,0,無,0
F9302-26032069,F9302-26032069,GY,4,SW-81081C0,Y,1.04167,Rapido-2,400,1300,1050,30*40,74.00,296.31,4.10,A1605-25020037-1A,Y,32.79,34.16,1.37,0.80,-0.05,-0.58,-0.53,-1.46,-0.76,0.70,1.46,0.96,-0.69,268.01,232.69,-1.00,1.46,1576,0.744,1191,0.2134,1430,0.18424,1722,0.1536,無,0,無,0,無,0
F9302-26032087,F9302-26032087,BR,5,SW-80379SC0,Y,1.04167,Rapido-2,800,1500,1100,45*40,43.75,708.69,4.15,A1605-26010099-2B,N,24.61,25.84,1.23,0.87,3.86,3.99,0.13,6.25,6.20,-0.06,7.35,7.37,0.02,58.32,57.22,-0.25,0.91,1576,1.02885,1722,0.5415,1191,0.4465,1391,0.4332,無,0,無,0,無,0
F9302-26032093,F9302-26032093,RE,2,SCK-3883,Y,1.04167,Rapido-2,100,1250,1000,35*40,14.00,4479.71,7.69,A1605-25030247-1B,Y,69.58,68.46,-1.12,-0.44,10.04,9.51,-0.54,1.76,1.40,-0.36,10.20,9.61,-0.49,9.97,8.40,-0.33,0.73,1310,0.1265,1111,0.05335,1510,0.02987,無,0,無,0,無,0,無,0
F9302-26032102,F9302-26032102,GY,4,SCK-3883,Y,1.04167,Rapido-2,100,1250,1000,35*40,15.00,1588.53,7.69,A1605-25100171-1A,N,57.00,56.78,-0.22,-0.09,-0.57,-0.68,-0.11,-4.19,-3.87,0.33,4.23,3.93,-0.34,262.25,259.97,-0.21,0.41,1534,0.59945,1233,0.24576,1451,0.24255,無,0,無,0,無,0,無,0
F9302-26032120,F9302-26032120,GY,2,SCK-3230,N,1.66667,Rapido-2,200,1050,850,25*20,99.00,172.34,20.00,1711131-1A,N,32.95,32.05,-0.90,-0.53,-0.86,-0.91,-0.06,-1.88,-2.07,-0.20,,2.27,0.27,,246.21,0.04,0.59,1576,0.72215,1724,0.54,1430,0.04312,無,0,無,0,無,0,無,0
F9302-26032122,F9302-26032122,GY,2,SCK-3230,N,1.66667,Rapido-2,200,1050,850,25*20,93.00,251.59,20.00,1711131-1A,N,32.95,31.64,-1.31,-0.77,-0.86,-0.82,0.03,-1.88,-2.08,-0.20,,2.24,0.23,,248.42,0.15,0.81,1576,0.72215,1724,0.54,1430,0.04312,無,0,無,0,無,0,無,0
F9302-26032136,F9302-26032136,BK,5,SCK-4284,N,1.04167,Rapido-2,400,1300,1050,35*40,54.00,441.15,5.15,A1605-25080190-3C,N,23.29,23.21,-0.08,-0.06,-0.91,-0.78,0.13,-2.49,-2.76,-0.27,2.65,2.87,0.27,249.96,254.19,0.27,0.39,1862,1.6,1430,0.3298,1142,0.1564,無,0,無,0,無,0,無,0
F9302-26032145,F9302-26032145,BR,5,SW-80379SC0,Y,1.04167,Rapido-2,800,1500,1100,45*40,48.00,667.42,4.15,A1605-26010099-2B,N,24.61,25.74,1.13,0.81,3.86,3.99,0.13,6.25,6.14,-0.11,7.35,7.32,-0.02,58.32,56.99,-0.31,0.86,1576,1.02885,1722,0.5415,1191,0.4465,1391,0.4332,無,0,無,0,無,0
F9302-26032155,F9302-26032155,OL,5,SW-8965C0,Y,0.69444,Rapido-2,800,1300,1000,40*30,78.25,371.99,3.68,A1605-24090023-1C,N,29.67,30.67,1.00,0.63,-0.53,-0.41,0.12,5.40,5.63,0.23,,5.64,0.23,,94.21,-0.19,0.69,1578,0.504,1191,0.41412,1391,0.33321,1201,0.22695,無,0,無,0,無,0
F9302-26032176,F9302-26032176,GY,2,SCK-3230,N,1.66667,Rapido-2,200,1050,850,25*20,96.00,227.78,20.00,1711131-1A,N,32.95,30.83,-2.12,-1.24,-0.86,-0.93,-0.07,-1.88,-1.86,0.02,,2.08,0.02,,243.40,-0.10,1.24,1576,0.72215,1724,0.54,1430,0.04312,無,0,無,0,無,0,無,0
F9302-26032178,F9302-26032178,GY,2,SCK-3230,N,1.66667,Rapido-2,200,1050,850,25*20,93.00,222.75,20.00,1711131-1A,N,32.95,32.50,-0.44,-0.26,-0.86,-0.95,-0.09,-1.88,-2.03,-0.16,,2.24,0.23,,245.03,-0.02,0.35,1576,0.72215,1724,0.54,1430,0.04312,無,0,無,0,無,0,無,0
F9302-26032179,F9302-26032179,BK,7,SCK-587,Y,1.04167,Rapido-2,200,1250,1000,40*4,75.00,522.20,4.27,A1605-25060139-1A,Y,19.62,18.66,-0.96,-0.80,-0.07,0.39,0.47,-2.29,-2.12,0.17,,2.15,-0.17,,280.52,0.64,1.04,1862,3.5,1863,0.64,1430,0.257,1191,0.107,無,0,無,0,無,0
F9302-26032181,F9302-26032181,BK,3,SCK-250,N,1.04167,Rapido-2,400,1250,1000,30*30,80.50,232.71,4.94,A1605-23050026-1B,N,17.23,16.87,-0.36,-0.33,-0.51,-0.54,-0.03,-2.22,-1.97,0.25,,2.05,-0.30,,254.60,-0.12,0.46,1862,2.346,1430,0.531,1578,0.51,1191,0.46656,無,0,無,0,無,0
F9302-26032189,F9302-26032189,BK,7,SW-80351C0,Y,0.69444,Rapido-2,100,1250,1050,25*30,18.00,1608.17,8.00,2003188-1B,N,18.90,18.82,-0.08,-0.07,0.61,0.82,0.22,-2.56,-2.55,0.01,,2.68,0.06,,287.92,0.28,0.30,1862,3.024,1430,0.5544,1142,0.2112,無,0,無,0,無,0,無,0
F9302-26032198,F9302-26032198,BL,2,SK-1216C0,N,0.83333,Rapido-2,200,1200,900,25*20,99.00,181.72,10.26,A1605-25040025-7A,N,64.07,64.18,0.11,0.04,-3.55,-3.60,-0.05,-19.11,-18.83,0.27,19.43,19.17,-0.16,259.47,259.18,-0.09,0.19,1565,0.1598,1391,0.02581,1191,0.007544,無,0,無,0,無,0,無,0
F9302-26032200,F9302-26032200,GR,2,SCK-250,N,1.04167,Rapido-2,200,1250,1000,30*30,54.00,279.06,8.00,A1605-25090105-1C,N,64.44,63.81,-0.63,-0.25,-6.81,-6.94,-0.14,-3.07,-3.37,-0.30,7.47,7.72,0.24,204.24,205.87,0.25,0.43,1565,0.125,1191,0.0245,1391,0.0145,1722,0.0142,無,0,無,0,無,0
F9302-26032206,F9302-26032206,OL,5,SW-8965C0,Y,0.69444,Rapido-2,800,1300,1000,45*30,80.25,337.52,3.54,A1605-24090023-1C,N,29.67,30.95,1.28,0.80,-0.53,-0.37,0.16,5.40,5.62,0.22,,5.63,0.21,,93.78,-0.24,0.86,1578,0.504,1191,0.41412,1391,0.33321,1201,0.22695,無,0,無,0,無,0
F9302-26032207,F9302-26032207,WH,3,SW-80180C0,N,1.04167,Rapido-2,400,1350,1200,30*30,39.00,403.95,11.94,A1605-23010064-1A,N,91.58,91.74,0.16,0.06,-1.78,-1.93,-0.15,5.02,4.88,-0.14,5.32,5.25,-0.08,109.53,111.54,0.23,0.25,1111,0.006052,1310,0.002914,1510,0.0028,無,0,無,0,無,0,無,0
F9302-26032209,F9302-26032209,BK,6,SCK-479SAM,N,1.04167,Rapido-2,400,1350,1000,40*30,45.50,1628.24,4.97,A1605-25030198-2B,Y,16.89,17.35,0.45,0.43,-0.04,1.06,1.11,-2.85,-2.10,0.75,2.85,2.35,-0.61,269.14,296.89,1.65,1.81,1862,3.27,1430,0.4056,1191,0.1605,無,0,無,0,無,0,無,0
F9302-26032222,F9302-26032222,BK,3,SCK-3562,N,0.69444,Rapido-1,600,1350,1100,30*30,93.25,332.20,5.64,1911195-3A,N,16.18,16.16,-0.01,-0.01,0.51,0.70,0.19,-1.46,-1.27,0.19,,1.45,-0.13,,298.78,0.35,0.37,1862,4.5625,1722,0.616,1848,0.55,1430,0.165,1588,0.12,無,0,無,0
F9302-26032225,F9302-26032225,GY,4,SW-81081C0,Y,1.04167,Rapido-2,400,1300,1050,30*40,63.50,360.71,4.72,A1605-25020037-1A,N,32.79,32.88,0.09,0.05,-0.05,-0.11,-0.06,-1.46,-1.34,0.12,1.46,1.35,-0.15,268.01,265.24,-0.09,0.19,1576,0.744,1191,0.209,1430,0.18424,1722,0.152,無,0,無,0,無,0
F9302-26032254,F9302-26032254,BK,3,SCK-3814,N,2.08333,Rapido-1,600,1300,1100,30*40,58.75,265.67,5.63,2011071-4D,N,15.26,15.29,0.03,0.03,0.48,0.51,0.03,-1.17,-0.99,0.19,,1.11,-0.22,,297.31,0.14,0.26,1862,3,1863,0.575,1724,0.56,1391,0.2125,無,0,無,0,無,0
F9302-26032256,F9302-26032256,CO,6,SW-81294C0,Y,1.04167,Rapido-2,400,1400,1000,40*30,32.00,1217.38,6.61,A1605-26010038-2H,Y,22.08,21.42,-0.66,-0.51,2.64,2.16,-0.48,-4.10,-4.68,-0.57,4.88,5.15,0.29,302.81,294.82,-0.91,1.08,1384,1.4259,1578,1.2707,1191,0.5238,1722,0.08148,無,0,無,0,無,0
F9302-26032257,F9302-26032257,BK,7,SCK-587,Y,1.04167,Rapido-2,400,1350,1000,40*30,47.00,966.60,6.45,A1605-25050150-1B,Y,23.44,23.33,-0.11,-0.08,-1.38,-0.60,0.79,3.98,4.26,0.27,,4.30,0.09,,97.97,-1.05,1.06,1862,2.178,1191,0.513,1722,0.39,1391,0.0936,無,0,無,0,無,0
F9302-26032274,F9302-26032274,BK,7,SW-81294C0,Y,1.04167,Rapido-2,800,1400,1000,40*30,49.25,573.10,5.00,A1605-26010125-1E,N,18.66,18.90,0.24,0.20,0.18,0.14,-0.04,-2.64,-3.09,-0.44,2.65,3.09,0.55,273.83,272.59,-0.08,0.59,1862,3.072,1576,0.7872,1391,0.245,1142,0.11,無,0,無,0,無,0
F9302-26032281,F9302-26032281,BL,4,SCK-3814,N,2.08333,Rapido-2,400,1300,1050,30*40,64.50,327.52,5.00,A1605-21040233-2B,N,29.94,30.11,0.18,0.11,-2.01,-2.12,-0.11,-15.24,-15.06,0.19,,15.21,-0.12,,261.99,-0.14,0.21,1593,0.6384,1565,0.468,1724,0.2496,1430,0.09752,無,0,無,0,無,0
F9302-26032304,F9302-26032304,OL,4,SW-80082C0,Y,1.04167,Rapido-2,400,1400,1000,35*30,36.50,659.84,7.02,A1605-25120096-3C,N,35.51,35.03,-0.48,-0.27,-2.59,-2.37,0.22,7.37,7.98,0.61,7.81,8.32,0.47,109.36,106.52,-0.49,0.73,1576,0.6912,1142,0.26,1722,0.23,1391,0.09282,無,0,無,0,無,0
F9302-26032306,F9302-26032306,OL,5,SW-8965C0,Y,0.69444,Rapido-2,800,1300,1000,40*40,83.50,280.01,3.58,A1605-24090023-1C,N,29.67,31.29,1.61,1.01,-0.53,-0.35,0.19,5.40,5.82,0.43,,5.83,0.43,,93.43,-0.29,1.13,1578,0.504,1191,0.41412,1391,0.33321,1201,0.22695,無,0,無,0,無,0
F9302-26032307,F9302-26032307,OL,5,SW-8965C0,Y,0.69444,Rapido-2,800,1300,1000,40*40,81.75,378.89,3.54,A1605-24090023-1C,N,29.67,30.67,1.00,0.63,-0.53,-0.32,0.21,5.40,5.69,0.30,,5.70,0.29,,93.23,-0.31,0.76,1578,0.504,1191,0.41412,1391,0.33321,1201,0.22695,無,0,無,0,無,0
F9302-26032309,F9302-26032309,OL,5,SW-8965C0,Y,0.69444,Rapido-2,800,1300,1000,40*40,82.75,341.69,3.64,A1605-24090023-1C,N,29.67,30.76,1.09,0.68,-0.53,-0.30,0.23,5.40,5.52,0.13,,5.53,0.11,,93.15,-0.32,0.76,1578,0.504,1191,0.41412,1391,0.33321,1201,0.22695,無,0,無,0,無,0
F9302-26032316,F9302-26032316,WH,1,SK-1204,N,1.5625,Rapido-2,100,1200,1000,40*30,12.50,1934.72,9.68,A1605-23040106-1A,N,86.59,86.47,-0.12,-0.04,-0.94,-1.17,-0.22,9.54,9.36,-0.18,9.58,9.43,-0.13,95.65,97.11,0.31,0.34,1111,0.014,1310,0.007,1510,0.0042,無,0,無,0,無,0,無,0
F9302-26032326,F9302-26032326,BL,5,SW-8992C0,Y,1.04167,Rapido-2,400,1400,1000,45*30,33.50,820.42,6.99,A1605-26030025-1A,N,28.52,28.14,-0.38,-0.24,1.29,1.29,0.00,-8.23,-8.22,0.01,8.33,8.32,-0.01,278.91,278.94,0.01,0.24,1578,0.8064,1722,0.385,1430,0.04635,無,0,無,0,無,0,無,0
F9302-26032353,F9302-26032353,BK,3,SCK-250,N,1.04167,Rapido-2,200,1250,1000,30*30,61.00,313.75,8.33,A1605-23050026-1B,N,17.23,16.75,-0.48,-0.44,-0.51,-0.43,0.08,-2.22,-1.85,0.37,,1.90,-0.48,,256.82,-0.01,0.65,1862,2.346,1430,0.531,1578,0.51,1191,0.46656,無,0,無,0,無,0
F9302-26032366,F9302-26032366,GY,4,SCK-4131,N,2.08333,Rapido-2,400,刮毛1050,800,30*30,71.00,269.04,4.32,A1605-25030266-1A,N,28.70,26.55,-2.15,-1.38,-0.80,-0.86,-0.06,-0.54,-0.57,-0.02,,1.03,0.09,,213.49,-0.02,1.38,1578,0.605,1722,0.26,1191,0.23,1391,0.175,無,0,無,0,無,0
F9302-26032367,F9302-26032367,BK,7,SW-80379SC0,Y,1.04167,Rapido-2,800,1500,1100,45*40,43.50,694.69,4.15,A1605-25010099-1B,N,17.81,17.59,-0.22,-0.20,0.49,0.68,0.20,-1.52,-1.25,0.27,,1.42,-0.24,,298.63,0.40,0.50,1862,3.672,1724,0.4,1430,0.062,無,0,無,0,無,0,無,0
F9302-26032368,F9302-26032368,BL,4,SCK-3814,N,2.08333,Rapido-2,400,1300,1100,30*40,47.50,563.54,6.67,A1605-21040233-2B,N,29.94,30.20,0.27,0.17,-2.01,-2.12,-0.10,-15.24,-15.12,0.12,,15.27,-0.07,,262.03,-0.13,0.22,1593,0.6384,1565,0.468,1724,0.2496,1430,0.09752,無,0,無,0,無,0
F9302-26032418,F9302-26032418,BK,5,SCK-3574,N,1.04167,Rapido-2,300,1400,1000,40*40,53.00,745.45,5.08,A1605-23040025-7B1,Y,20.43,20.51,0.08,0.06,0.76,0.20,-0.56,-1.69,-2.08,-0.38,,2.09,0.30,,275.55,-0.87,0.93,1588,0.45,1862,0.16,1430,0.08,無,0,無,0,無,0,無,0
F9302-26032422,F9302-26032422,GR,7,SW-80779C0,Y,1.04167,Rapido-2,800,1350,1050,35*30(2025/12/12),64.75,599.54,4.33,A1605-25080195-1A,N,28.23,27.46,-0.77,-0.50,-18.00,-17.65,0.34,-4.04,-3.97,0.08,,18.09,-0.22,,192.67,0.00,0.55,1576,1.012,1565,1,1588,0.78,1191,0.546,無,0,無,0,無,0
F9302-26032441,F9302-26032441,BK,7,SW-80352C01,Y,0.69444,Rapido-2,400,1200,950,25*20(2025/11/27),57.50,442.80,9.64,A1605-25050127-1A,N,18.39,17.09,-1.29,-1.14,1.13,0.92,-0.21,-0.26,-0.38,-0.11,,0.99,-0.23,,337.62,-0.24,1.19,1862,3.29,1722,0.6758,1391,0.168,1191,0.075,無,0,無,0,無,0
F9302-26032442,F9302-26032442,WH,3,SCK-4186,N,1.04167,Rapido-2,400,1250,1000,(30*30下走),60.50,366.40,7.48,A1605-23100054-2B,N,89.59,90.79,1.20,0.42,0.36,0.34,-0.02,6.28,7.02,0.75,,7.03,0.74,,87.25,0.09,0.86,1111,0.007259,1310,0.00486,1510,0.001792,無,0,無,0,無,0,無,0
F9302-26032444,F9302-26032444,BK,3,SW-80182C0,Y,1.04167,Rapido-2,400,1400,1000,40*40,55.00,950.25,6.03,A1605-23050048-1B,N,16.57,18.16,1.59,1.52,-0.22,-0.07,0.15,-2.73,-2.92,-0.18,,2.92,0.22,,268.59,0.21,1.55,1862,2.7,1578,0.16,1722,0.124,1430,0.006375,無,0,無,0,無,0
F9302-26032483,F9302-26032483,WH,3,SCK-4186,N,1.04167,Rapido-2,400,1250,1000,(30*30下走),61.50,395.63,7.48,A1605-23100054-2B,N,90.10,90.63,0.53,0.18,0.39,0.31,-0.08,5.90,6.70,0.81,,6.71,0.81,,87.34,0.17,0.85,1111,0.007259,1310,0.00486,1510,0.001792,無,0,無,0,無,0,無,0
F9302-26032493,F9302-26032493,GY,3,SCK-818,N,0.59524,Rapido-2,400,1250,1050,35*30,51.50,393.48,5.03,1803086-1D,N,77.77,77.35,-0.42,-0.16,-0.08,0.16,0.24,-2.37,-2.52,-0.14,,2.52,0.19,,273.58,0.32,0.40,1530,0.02668,1400,0.01612,1181,0.007695,無,0,無,0,無,0,無,0
F9302-26032521,F9302-26032521,BK,7,SW-80337,N,1.04167,Rapido-2,100,1250,1000,25*30,14.50,1026.69,8.00,A1605-26030032-1B,N,18.02,17.95,-0.07,-0.06,0.33,0.41,0.08,-1.93,-1.91,0.03,1.96,1.95,-0.01,279.77,282.25,0.12,0.13,1862,3.2,1430,0.51,1142,0.27,無,0,無,0,無,0,無,0
F9302-26032539,F9302-26032539,OL,5,SW-8965C0,Y,0.69444,Rapido-2,800,1300,1000,40*40,82.75,311.56,3.61,A1605-24090023-1C,N,29.67,30.92,1.25,0.78,-0.53,-0.28,0.26,5.40,5.58,0.18,,5.58,0.17,,92.85,-0.36,0.88,1578,0.504,1191,0.41412,1391,0.33321,1201,0.22695,無,0,無,0,無,0
F9302-26032540,F9302-26032540,GY,1,SW-80087C0,Y,1.04167,Rapido-2,400,1400,1000,40*30,104.50,189.98,3.72,A1605-25120210-2E,N,77.93,77.77,-0.17,-0.06,-1.28,-1.47,-0.19,-6.52,-7.11,-0.59,6.64,7.26,0.60,258.91,258.33,-0.09,0.61,1510,0.024,1310,0.0155,1111,0.0065,無,0,無,0,無,0,無,0
F9302-26032561,F9302-26032561,GY,4,SW-80352C01,Y,0.69444,Rapido-2,400,1200,950,25*20(2025/11/27),59.50,383.39,7.23,A1605-25070094-1A,N,31.80,30.33,-1.46,-0.88,-0.15,0.04,0.19,-7.47,-7.63,-0.16,7.47,7.63,0.15,268.87,270.32,0.26,0.93,1578,0.688,1391,0.2888,1191,0.1632,1722,0.1056,無,0,無,0,無,0
F9302-26032563,F9302-26032563,OL,5,SW-8965C0,Y,0.69444,Rapido-2,800,1300,1000,40*40,82.75,306.45,3.63,A1605-24090023-1C,N,29.67,31.12,1.44,0.90,-0.53,-0.36,0.18,5.40,5.79,0.39,,5.80,0.39,,93.52,-0.28,1.02,1578,0.504,1191,0.41412,1391,0.33321,1201,0.22695,無,0,無,0,無,0
F9302-26032608,F9302-26032608,BK,3,SCK-3716,N,1.04167,Rapido-2,400,1250,1000,35*40,35.00,786.09,6.67,A1605-21040077-2A,N,16.54,16.26,-0.28,-0.27,0.56,0.65,0.09,-1.41,-1.06,0.34,,1.25,-0.37,,301.33,0.32,0.56,1862,3.35,1722,0.72,1588,0.315,1430,0.147,無,0,無,0,無,0
F9302-26032619,F9302-26032619,BK,7,SW-80242C0,Y,1.04167,Rapido-2,400,1300,1100,35*30,65.00,522.49,4.41,A1605-26010123-1D,N,17.95,17.84,-0.11,-0.10,0.28,0.20,-0.08,-2.28,-2.50,-0.21,2.30,2.50,0.26,276.98,274.62,-0.13,0.31,1862,3.395,1863,0.776,1391,0.0776,1191,0.0485,無,0,無,0,無,0
F9302-26032647,F9302-26032647,BK,3,SCK-3642,N,1.04167,Conveyor-1,300,88,270,140,480.00,36.98,3.35,1911198-2A,N,15.26,14.46,-0.80,-0.78,0.48,0.21,-0.27,-1.17,-1.28,-0.11,,1.30,0.04,,279.47,-0.41,0.89,1862,2.15,1724,0.737,1430,0.21,無,0,無,0,無,0,無,0
F9302-26032652,F9302-26032652,GY,3,SCK-818,N,0.59524,Rapido-2,400,1250,1050,35*30,50.00,363.84,5.03,1803086-1D,N,77.77,77.26,-0.51,-0.19,-0.08,-0.12,-0.04,-2.37,-2.40,-0.03,,2.40,0.03,,267.19,-0.05,0.20,1530,0.02668,1400,0.015965,1181,0.007776,無,0,無,0,無,0,無,0
F9302-26032663,F9302-26032663,BL,3,SW-80427C0,Y,1.04167,Rapido-2,200,1350,1000,40*30,75.00,364.21,4.44,A1605-25120027-3C,N,41.47,40.72,-0.75,-0.38,-3.43,-3.60,-0.16,-12.49,-12.31,0.18,12.95,12.82,-0.10,254.62,253.70,-0.23,0.46,1576,0.64,1722,0.0553,1191,0.032239,1391,0.009785,無,0,無,0,無,0
F9302-26032665,F9302-26032665,BK,3,SCK-3883,Y,1.04167,Rapido-2,400,1250,1000,35*40,83.00,297.08,3.43,A1605-21050131-12A,N,16.79,17.04,0.25,0.24,0.39,0.59,0.19,-1.44,-1.48,-0.04,,1.59,0.14,,291.63,0.24,0.36,1862,3.7,1722,0.455,1848,0.4,1588,0.28,1391,0.1,無,0,無,0
F9302-26032666,F9302-26032666,BR,5,SW-80074C0,Y,1.04167,Rapido-2,100,1400,1000,45*40,10.00,3241.70,8.62,A1605-26020096-1A,N,28.24,27.30,-0.94,-0.61,2.03,1.89,-0.14,5.06,4.80,-0.25,5.45,5.16,-0.30,68.16,68.53,0.05,0.68,1578,0.79,1722,0.55,1191,0.437,1430,0.32,無,0,無,0,無,0
F9302-26032667,F9302-26032667,TQ,7,SCK-587,Y,1.04167,Rapido-2,50,1200,900,35*30,6.50,4466.62,7.89,A1605-25050150-2A,Y,42.16,40.66,-1.49,-0.75,-8.82,-7.66,1.15,-38.04,-39.41,-1.38,39.05,40.15,0.48,256.95,259.00,0.96,1.31,1589,2.2,1567,1,1585,1,1191,0.012,無,0,無,0,無,0
F9302-26032688,F9302-26032688,WH,3,SCK-4186,N,1.04167,Rapido-2,400,1250,1000,(30*30下走),60.00,374.30,7.48,A1605-23100054-2B,N,90.10,90.81,0.71,0.25,0.39,0.42,0.03,5.90,6.73,0.83,,6.74,0.84,,86.42,0.03,0.88,1111,0.007259,1310,0.00486,1510,0.001792,無,0,無,0,無,0,無,0
F9302-26032696,F9302-26032696,GY,3,SCK-818,N,0.59524,Rapido-2,400,1250,1050,35*30,48.00,303.69,5.19,1803086-1D,N,77.77,76.83,-0.94,-0.35,-0.08,0.02,0.10,-2.37,-2.52,-0.14,,2.52,0.18,,270.53,0.14,0.42,1530,0.02668,1400,0.015965,1181,0.007776,無,0,無,0,無,0,無,0
F9302-26032735,F9302-26032735,OR,4,SW-80082C0,Y,1.04167,Rapido-2,400,1400,1000,35*30,35.50,829.30,7.27,A1605-25120096-1E,N,56.48,54.96,-1.52,-0.66,52.69,48.65,-4.04,49.16,46.26,-2.90,72.06,67.14,-1.64,43.01,43.55,0.49,1.83,1142,0.5035,1360,0.437,1353,0.2375,1082,0.19,無,0,無,0,無,0
F9302-26032776,F9302-26032776,BK,3,SCK-250,N,1.04167,Rapido-2,200,1250,1000,30*30,59.00,929.31,8.47,A1605-23050026-1BG,Y,17.23,17.51,0.28,0.26,-0.51,-0.20,0.31,-2.22,-1.63,0.59,,1.64,-0.82,,262.94,0.26,0.90,1862,0.23,1430,0.0295,1578,0.0255,1191,0.0243,無,0,無,0,無,0
F9302-26032780,F9302-26032780,BL,1,SCK-3883,Y,1.04167,Rapido-2,400,1250,1000,35*40,41.50,877.57,7.02,A1605-25030152-1A,N,82.40,82.12,-0.27,-0.10,-12.27,-12.38,-0.12,-6.30,-6.26,0.04,13.79,13.88,0.06,207.18,206.83,-0.08,0.14,1580,0.019082,1565,0.013802,1191,0.002369,無,0,無,0,無,0,無,0
F9302-26032856,F9302-26032856,RE,7,SK-548C0,N,1.25,Rapido-2,400,1250,1000,25*30(120),69.50,414.89,8.89,A1605-25120117-6B,N,39.05,38.62,-0.42,-0.22,55.80,56.39,0.59,25.94,26.37,0.43,61.53,62.25,0.25,24.93,25.06,0.09,0.35,1384,2.3,1353,1.9,1142,0.19,1430,0.035,無,0,無,0,無,0
F9302-26032859,F9302-26032859,GY,3,SW-80427C0,Y,1.04167,Rapido-2,200,1350,1000,40*30,76.00,810.00,4.58,A1605-25120027-4C,N,48.64,47.54,-1.10,-0.51,0.03,-0.72,-0.74,1.56,1.68,0.12,1.56,1.82,0.36,88.96,113.12,0.98,1.17,1565,0.275,1391,0.2,1191,0.1442,無,0,無,0,無,0,無,0
F9302-26032865,F9302-26032865,OL,5,SK-1085,N,0.52083,Rapido-2,400,1100,600,45*40,99.50,218.52,5.00,A1605-25030054-3C,N,39.98,39.98,0.00,0.00,-10.03,-10.13,-0.09,4.21,4.11,-0.10,,10.93,0.04,,157.90,0.13,0.14,1576,0.665,1191,0.252,1201,0.181,1580,0.14,無,0,無,0,無,0
F9302-26032876,F9302-26032876,BK,3,SCK-3894,N,1.5625,Rapido-2,400,1250,1000,40*30限上走,49.50,584.42,5.67,A1605-21120005-1A,N,15.55,15.14,-0.41,-0.40,0.37,0.34,-0.03,-0.18,-0.57,-0.39,,0.66,0.37,,300.67,-0.45,0.71,1862,2.73,1722,0.651,1588,0.455,1430,0.212,1191,0.111,無,0,無,0
F9302-26032878,F9302-26032878,GY,4,SCK-4131,N,2.08333,Rapido-2,400,刮毛1050,800,30*30,126.50,205.98,3.38,A1605-25030266-1A1,Y,28.70,26.83,-1.87,-1.20,-0.80,-0.38,0.43,-0.54,-1.09,-0.54,,1.15,0.26,,250.97,0.96,1.56,1391,0.135,1578,0.13,1191,0.044,1722,0.025,無,0,無,0,無,0
F9302-26032879,F9302-26032879,BL,3,SK-1085,N,0.52083,Rapido-2,400,1100,600,45*40,57.00,325.30,7.14,A1605-25030054-8A,N,75.23,75.33,0.10,0.04,-5.29,-5.15,0.14,-0.73,-0.24,0.49,5.34,5.15,-0.19,187.85,182.69,-0.57,0.60,1565,0.0432,1724,0.03531,1580,0.00747,無,0,無,0,無,0,無,0
F9302-26032881,F9302-26032881,WH,1,SCK-4514,N,0.69444,Rapido-2,400,1200,950,35*40(2025/12/23),67.00,368.96,5.00,A1605-25080218-2A,N,89.58,89.62,0.05,0.02,0.23,0.01,-0.22,5.94,5.55,-0.39,5.94,5.55,-0.40,87.75,89.91,0.30,0.50,1111,0.008686,1310,0.006174,1510,0.0028,無,0,無,0,無,0,無,0
F9302-26032886,F9302-26032886,BK,6,SCK-479SAM,N,1.04167,Rapido-2,50,1350,1000,40*30,6.00,4070.17,7.89,A1605-25030198-2B,N,16.89,16.23,-0.66,-0.62,-0.04,0.09,0.13,-2.85,-2.40,0.45,2.85,2.40,-0.56,269.14,272.10,0.18,0.85,1862,3.45,1430,0.3705,1191,0.147,無,0,無,0,無,0,無,0
F9302-26032899,F9302-26032899,GY,1,SW-80779C0,Y,1.04167,Rapido-2,800,1350,1050,35*30(2025/12/12),66.00,623.48,4.37,A1605-25080195-2A,Y,78.06,77.44,-0.63,-0.23,-1.17,-1.48,-0.31,3.59,3.25,-0.34,3.77,3.57,-0.23,108.07,114.49,0.53,0.62,1111,0.0245,1310,0.021948,1510,0.0192,無,0,無,0,無,0,無,0
F9302-26032908,F9302-26032908,BK,3,SCK-3642,N,1.04167,Conveyor-1,300,88,270,140,484.00,36.49,3.33,1911198-2A,N,15.26,14.51,-0.75,-0.74,0.48,0.29,-0.19,-1.17,-1.07,0.10,,1.11,-0.22,,285.12,-0.21,0.80,1862,2.15,1724,0.737,1430,0.21,無,0,無,0,無,0,無,0
F9302-26032914,F9302-26032914,BK,3,SCK-3642,N,1.04167,Conveyor-1,300,88,270,140,480.00,56.52,3.35,1911198-2A,N,15.26,14.24,-1.02,-1.00,0.48,0.40,-0.08,-1.17,-1.24,-0.06,,1.30,0.04,,287.98,-0.14,1.01,1862,2.15,1724,0.737,1430,0.21,無,0,無,0,無,0,無,0
F9302-26032919,F9302-26032919,WH,3,SCK-4186,N,1.04167,Rapido-2,400,1250,1000,(30*30下走),62.50,332.46,7.48,A1605-23100054-2B,N,90.10,90.68,0.58,0.20,0.39,0.40,0.01,5.90,6.84,0.95,,6.86,0.96,,86.64,0.07,0.98,1111,0.007259,1310,0.00486,1510,0.001792,無,0,無,0,無,0,無,0
F9302-26032926,F9302-26032926,PI,1,SK-1189C0,N,0.69444,Rapido-2,400,1100,800,25*20,69.00,481.49,10.17,A1605-25020029-2D,Y,85.09,84.68,-0.41,-0.15,7.77,7.69,-0.08,-4.89,-5.66,-0.77,9.18,9.55,0.32,327.83,323.66,-0.80,0.87,1310,0.02392,1510,0.008436,1111,0.001605,無,0,無,0,無,0,無,0
F9302-26032935,F9302-26032935,BK,3,SCK-3894,N,1.5625,Rapido-1,600,1250,1000,40*30限上走,84.00,337.48,4.50,A1605-21120005-1A,N,15.55,15.46,-0.10,-0.09,0.37,0.37,0.01,-0.18,-0.43,-0.25,,0.57,0.24,,310.90,-0.29,0.39,1862,2.73,1722,0.651,1588,0.434,1430,0.19875,1191,0.111,無,0,無,0
F9302-26032936,F9302-26032936,GR,7,SW-80779C0,Y,1.04167,Rapido-2,800,1350,1050,35*30(2025/12/12),64.00,647.28,4.37,A1605-25080195-1A,N,28.23,27.90,-0.34,-0.22,-18.00,-17.88,0.11,-4.04,-3.95,0.09,,18.32,-0.08,,192.46,-0.05,0.24,1576,1.012,1565,1,1588,0.78,1191,0.546,無,0,無,0,無,0
F9302-26032942,F9302-26032942,WH,3,SK-1085,N,0.52083,Rapido-2,400,1100,600,45*40,59.50,238.39,7.14,A1605-25050130-1A,N,91.50,91.42,-0.07,-0.03,-1.66,-1.94,-0.27,6.20,5.94,-0.27,,6.24,-0.18,,108.05,0.43,0.47,1111,0.009,1310,0.003565,1510,0.0027,無,0,無,0,無,0,無,0
F9302-26032962,F9302-26032962,GY,1,SW-80779C0,Y,1.04167,Rapido-2,800,1350,1050,35*30(2025/12/12),54.75,813.77,5.46,A1605-25080195-2A,Y,78.06,77.95,-0.12,-0.04,-1.17,-1.54,-0.37,3.59,3.47,-0.12,3.77,3.80,0.03,108.07,113.94,0.50,0.50,1111,0.0245,1310,0.021948,1510,0.0192,無,0,無,0,無,0,無,0
F9302-26032971,F9302-26032971,BR,5,SW-80379SC0,Y,1.04167,Rapido-2,400,1500,1100,45*40,42.00,761.07,4.96,A1605-26010099-2B1,N,24.61,25.46,0.86,0.61,3.86,4.17,0.31,6.25,6.42,0.16,7.35,7.65,0.28,58.32,57.01,-0.31,0.74,1722,0.13,1576,0.125,1191,0.11,1391,0.11,無,0,無,0,無,0
F9302-26032985,F9302-26032985,RE,6,SCK-3883,Y,1.04167,Rapido-2,100,1250,1000,30*4,14.00,1945.14,7.89,A1605-25040126-1A,Y,45.53,46.38,0.85,0.41,60.30,61.23,0.93,28.90,29.79,0.89,66.87,68.09,0.42,25.60,25.94,0.25,0.64,1362,2.268,1351,1.02,1201,0.22155,無,0,無,0,無,0,無,0
F9302-26033008,F9302-26033008,OL,3,SCK-4482,Y,0.69444,Rapido-2,200,1200,900,25*30(2525/12/23),48.00,468.83,8.89,A1605-25090159-3A,N,46.00,43.85,-2.15,-1.03,-10.59,-10.46,0.14,0.51,0.72,0.21,10.61,10.48,-0.10,177.25,176.06,-0.23,1.06,1576,0.582,1191,0.178,1588,0.106,1201,0.084975,無,0,無,0,無,0
F9302-26033010,F9302-26033010,RE,7,SK-548C0,N,1.25,Rapido-2,200,1250,1000,25*30(120),62.00,424.89,10.00,A1605-25120117-5A,N,34.67,34.64,-0.04,-0.02,49.55,49.55,0.00,24.16,23.40,-0.76,55.13,54.80,-0.12,26.00,25.28,-0.46,0.48,1384,2.8,1142,0.5871,1430,0.38,1350,0.33,無,0,無,0,無,0
F9302-26033018,F9302-26033018,BK,7,SK-548C0,N,1.25,Conveyor-1,300,85,270,25*30(120),479.00,57.21,8.00,A1605-25120117-4A,N,16.01,15.77,-0.24,-0.23,0.43,0.22,-0.21,-2.12,-2.23,-0.11,2.17,2.24,0.09,281.40,275.56,-0.30,0.39,1862,3.465,1391,0.4,1863,0.35,1191,0.13,無,0,無,0,無,0
F9302-26033020,F9302-26033020,BK,3,SCK-3642,N,1.04167,Conveyor-1,300,88,270,140,482.00,57.39,3.35,1911198-2A,Y,15.26,14.74,-0.52,-0.51,0.48,0.22,-0.26,-1.17,-1.19,-0.02,,1.21,-0.08,,280.64,-0.36,0.63,1862,2.15,1724,0.737,1430,0.224,無,0,無,0,無,0,無,0
F9302-26033027,F9302-26033027,BK,6,SK-1298C0,N,1.38889,Rapido-2,800,1250,1000,30*30,64.25,421.88,7.44,A1605-24120054-1C,N,15.26,14.97,-0.30,-0.29,0.48,0.40,-0.08,-1.17,-1.38,-0.20,,1.43,0.23,,286.20,-0.21,0.42,1862,3.1365,1863,0.99,1391,0.52,1191,0.30475,無,0,無,0,無,0
F9302-26033050,F9302-26033050,OR,1,SK-1085,N,0.52083,Rapido-2,400,1100,600,45*40,100.50,191.01,5.00,A1605-25050130-5A,N,88.45,88.60,0.16,0.06,3.63,3.82,0.19,11.56,11.65,0.09,,12.26,0.11,,71.85,-0.24,0.27,1111,0.022,1310,0.014,1510,0.00153,無,0,無,0,無,0,無,0
F9302-26033066,F9302-26033066,OL,5,SW-8965C0,Y,0.69444,Rapido-2,400,1300,1000,40*40,78.00,379.06,3.61,A1605-24090023-1C,N,29.67,30.94,1.27,0.80,-0.53,-0.29,0.24,5.40,5.59,0.19,,5.59,0.18,,93.00,-0.34,0.88,1578,0.504,1191,0.41412,1391,0.33321,1201,0.22695,無,0,無,0,無,0
F9302-26033067,F9302-26033067,BR,4,SK-1085,N,0.52083,Rapido-2,200,1100,600,40*50,68.00,327.71,7.59,A1605-25030054-1B,N,31.92,32.36,-0.42,-0.25,10.08,10.06,-0.10,10.06,10.08,-0.06,,14.24,-0.08,,45.04,0.05,0.27,1724,1.21,1576,0.311,1430,0.297,1588,0.176,無,0,無,0,無,0
F9302-26033079,F9302-26033079,YE,1,SK-1216C0,N,0.83333,Rapido-2,100,1200,900,25*20,25.00,694.36,10.00,A1605-24040078-2B,N,91.34,91.31,-0.03,-0.01,-0.93,-0.77,0.15,8.64,9.11,0.47,8.68,9.14,0.40,96.12,94.86,-0.26,0.48,1111,0.01274,1310,0.005452,1510,0.00184,無,0,無,0,無,0,無,0
F9302-26033085,F9302-26033085,BK,3,SCK-4186,N,1.04167,Rapido-1,600,1250,1000,(30*20上走),96.25,467.54,5.26,A1605-23040175-5C,N,15.33,16.08,0.75,0.73,0.62,0.78,0.16,-1.42,-1.16,0.27,,1.40,-0.22,,304.05,0.37,0.85,1862,4.375,1848,0.48,1722,0.4725,1430,0.2,1142,0.101,無,0,無,0
F9302-26033087,F9302-26033087,GR,7,SW-80779C0,Y,1.04167,Rapido-2,400,1350,1050,35*30(2025/12/12),63.00,904.76,3.86,A1605-25080195-1A,N,28.23,28.79,0.56,0.36,-18.00,-18.37,-0.38,-4.04,-4.12,-0.07,,18.83,0.24,,192.63,-0.01,0.44,1576,1.012,1565,1,1588,0.78,1191,0.546,無,0,無,0,無,0
F9302-26033088,F9302-26033088,BK,6,SK-1008C0,N,0.83333,Rapido-2,100,1200,950,25*20,34.00,700.00,10.34,A1605-25010106-1C,N,19.31,18.80,-0.51,-0.43,-1.53,-1.84,-0.31,-0.42,-0.79,-0.37,,2.00,0.56,,203.17,0.34,0.79,1862,2.058,1191,0.5978,1391,0.561,1578,0.465,無,0,無,0,無,0
F9302-26033093,F9302-26033093,BK,3,SCK-250,N,1.04167,Rapido-2,100,1250,1000,30*30,24.50,725.67,6.52,A1605-23050026-1B,N,17.23,16.99,-0.24,-0.22,-0.51,-0.62,-0.11,-2.22,-2.12,0.10,,2.21,-0.08,,253.78,-0.17,0.29,1862,2.346,1430,0.531,1578,0.51,1191,0.46656,無,0,無,0,無,0
F9302-26033094,F9302-26033094,BK,6,SW-80055C0,N,1.04167,Rapido-2,400,1300,1000,30*30,68.00,257.53,6.02,A1605-25030257-2A,N,18.40,18.05,-0.36,-0.31,-0.33,-0.13,0.20,-2.66,-2.47,0.19,,2.47,-0.25,,266.95,0.24,0.47,1862,3.675,1391,0.2625,1142,0.11,無,0,無,0,無,0,無,0
F9302-26033159,F9302-26033159,BK,3,SK-1008C0,N,0.83333,Rapido-1,600,1200,950,25*20,98.25,205.79,9.49,A1605-21060198-1D,N,17.33,17.37,0.04,0.04,-0.31,-0.23,0.08,-2.68,-2.47,0.21,,2.48,-0.27,,264.62,0.08,0.29,1862,2.288,1430,0.598,1578,0.516,1191,0.441,無,0,無,0,無,0
F9302-26033170,F9302-26033170,BK,3,SCK-3875,Y,2.08333,Rapido-2,200,1350,1000,45*40,46.00,549.37,7.79,A1605-21050095-1A,N,18.85,18.67,-0.18,-0.15,0.72,0.95,0.23,-1.70,-1.05,0.65,,1.42,-0.57,,312.10,0.74,0.95,1862,3.24,1722,0.2816,1391,0.17,無,0,無,0,無,0,無,0
F9302-26033174,F9302-26033174,BK,7,SCK-4514,N,0.69444,Rapido-2,400,1200,950,35*40(2025/12/23),76.50,424.18,4.44,A1605-25080218-1B,N,15.54,15.02,-0.52,-0.51,0.77,0.75,-0.02,-1.08,-1.19,-0.12,1.32,1.41,0.12,305.67,302.16,-0.12,0.54,1862,3.2,1863,1.5,1391,0.77,1191,0.395,無,0,無,0,無,0
F9302-26033196,F9302-26033196,BK,6,SK-1298C0,N,1.38889,Rapido-1,600,1250,1000,30*30,75.00,347.23,7.50,A1605-24120054-1C,N,15.26,15.09,-0.17,-0.16,0.48,0.42,-0.07,-1.17,-1.40,-0.23,,1.46,0.27,,286.51,-0.20,0.37,1862,3.1365,1863,0.99,1391,0.52,1191,0.30475,無,0,無,0,無,0
F9302-26033197,F9302-26033197,BK,6,SK-1298C0,N,1.38889,Rapido-1,600,1250,1000,30*30,72.50,471.63,7.50,A1605-24120054-1C,N,15.26,14.79,-0.48,-0.46,0.48,0.47,-0.02,-1.17,-1.34,-0.17,,1.42,0.21,,289.20,-0.11,0.52,1862,3.1365,1863,0.99,1391,0.52,1191,0.30475,無,0,無,0,無,0
F9302-26033199,F9302-26033199,BK,6,SW-80055C0,N,1.04167,Rapido-2,400,1300,1000,30*30,66.50,364.72,6.11,A1605-25030257-2A,N,18.40,18.19,-0.21,-0.19,-0.33,-0.23,0.10,-2.66,-2.47,0.19,,2.48,-0.24,,264.61,0.11,0.32,1862,3.675,1391,0.2625,1142,0.11,無,0,無,0,無,0,無,0
F9302-26033220,F9302-26033220,BL,2,SW-80180C0,N,1.04167,Rapido-2,400,1350,1200,30*30,50.00,360.70,8.25,A1605-23050031-5G,N,65.68,65.31,-0.37,-0.15,-14.69,-14.95,-0.25,-8.98,-8.79,0.19,,17.34,0.08,,210.47,-0.25,0.30,1530,0.164,1181,0.02132,1400,0.002,無,0,無,0,無,0,無,0
F9302-26033233,F9302-26033233,GR,6,SCK-4186,N,1.04167,Rapido-2,400,1250,1000,(30*30下走),61.50,483.15,5.61,A1605-25030180-1A,N,29.10,29.22,0.12,0.08,-18.58,-18.60,-0.02,-4.09,-3.88,0.21,,19.00,-0.01,,191.80,-0.17,0.19,1576,1.0836,1565,0.87,1191,0.54611,1588,0.3807,無,0,無,0,無,0
F9302-26033280,F9302-26033280,BK,6,SK-1298C0,N,1.38889,Rapido-1,600,1250,1000,30*30,126.00,226.06,7.44,A1605-24120054-1C,N,15.26,15.14,-0.12,-0.12,0.48,0.61,0.13,-1.17,-1.25,-0.08,,1.39,0.17,,296.02,0.12,0.24,1862,3.1365,1863,0.99,1391,0.52,1191,0.30475,無,0,無,0,無,0
F9302-26033316,F9302-26033316,OR,4,SCK-4100,N,1.04167,Rapido-2,200,1200限上走,800,45*60,76.00,224.16,5.56,A1605-25120084-1B,N,40.12,40.06,-0.06,-0.03,31.33,31.44,0.11,33.36,33.38,0.02,45.76,45.85,0.04,46.80,46.72,-0.07,0.08,1391,0.74,1142,0.71,1576,0.053,無,0,無,0,無,0,無,0
F9302-26033317,F9302-26033317,BR,5,SCK-4100,N,1.04167,Rapido-2,200,1200限上走,800,45*60,60.00,369.10,6.67,A1605-25120084-2G,N,26.68,25.69,-0.99,-0.66,9.32,9.00,-0.32,5.64,4.97,-0.66,10.90,10.28,-0.49,31.15,28.91,-0.60,1.02,1391,0.63,1576,0.577,1142,0.29,1722,0.152,無,0,無,0,無,0
F9302-26033358,F9302-26033358,NB,7,SCK-2200,N,1.04167,Rapido-1,600,1300,1050,30*30,65.00,394.05,5.68,2002037-1B,N,18.16,17.87,-0.29,-0.26,0.84,0.99,0.15,-6.11,-5.86,0.25,,5.94,-0.23,,279.59,0.26,0.43,1862,1.68,1588,1.15,1430,0.988,1191,0.18,無,0,無,0,無,0
F9302-26033374,F9302-26033374,BL,2,SW-80180C0,N,1.04167,Rapido-2,400,1350,1200,30*30,48.00,728.15,8.33,A1605-23050031-5G,Y,65.22,64.62,-0.61,-0.24,-14.95,-14.76,0.19,-8.77,-9.44,-0.67,17.33,17.52,0.12,210.40,212.60,0.58,0.64,1530,0.164,1181,0.02132,1400,0.002,無,0,無,0,無,0,無,0
F9302-26033385,F9302-26033385,PI,1,SK-1189C0,N,0.69444,Rapido-2,200,1100,800,25*20,118.00,167.92,10.53,A1605-25020029-2D,N,85.09,84.59,-0.51,-0.18,7.77,8.13,0.35,-4.89,-4.95,-0.06,9.18,9.52,0.29,327.83,328.64,0.15,0.37,1310,0.02392,1510,0.008436,1111,0.001605,無,0,無,0,無,0,無,0
F9302-26033386,F9302-26033386,NB,7,SW-8860C0,N,1.04167,Rapido-2,100,1250,1050,30*30,11.50,1654.35,10.00,A1605-24110043-1E,N,19.07,18.90,-0.17,-0.14,0.93,1.01,0.08,-11.78,-11.87,-0.09,,11.91,0.08,,274.86,0.09,0.19,1578,2.4786,1565,0.8466,1391,0.8448,1191,0.3131,無,0,無,0,無,0
F9302-26033387,F9302-26033387,BK,7,SW-80379SC0,Y,1.04167,Rapido-2,400,1500,1100,45*40,46.00,604.33,4.86,A1605-25010099-1B,N,17.81,17.49,-0.33,-0.29,0.49,0.53,0.05,-1.52,-1.36,0.16,,1.46,-0.19,,291.44,0.14,0.38,1862,3.672,1724,0.4,1430,0.062,無,0,無,0,無,0,無,0
F9302-26033404,F9302-26033404,NB,6,SW-80282C0,Y,0.69444,Rapido-2,400,1350,1050,35*40,72.50,447.01,3.83,A1605-25060009-5D,N,21.49,20.93,-0.56,-0.44,1.79,2.09,0.30,-8.88,-8.44,0.44,,8.69,-0.32,,283.92,0.55,0.77,1862,1.35,1578,0.75,1430,0.38,1722,0.095,無,0,無,0,無,0
F9302-26033407,F9302-26033407,GY,2,SCK-3230,N,1.66667,Rapido-2,200,1050,850,25*20,50.00,440.82,30.00,1711131-1A,N,32.95,32.52,-0.43,-0.25,-0.86,-0.91,-0.05,-1.88,-1.92,-0.04,,2.12,0.08,,244.77,-0.03,0.26,1576,0.72215,1724,0.54,1430,0.04312,無,0,無,0,無,0,無,0
F9302-26033428,F9302-26033428,NB,2,SCK-3672,N,1.04167,Rapido-2,400,1350,1000,45*40(限下走),55.00,455.15,5.00,A1605-24050205-1G,N,20.85,20.13,-0.71,-0.57,-0.66,-0.67,-0.02,-7.50,-7.55,-0.05,,7.58,0.05,,264.90,-0.02,0.57,1593,1.456,1578,0.728,1722,0.4242,1391,0.23,1142,0.1648,無,0,無,0
F9302-26033451,F9302-26033451,GR,6,SCK-4186,N,1.04167,Rapido-2,400,1250,1000,(30*30下走),90.50,406.13,5.56,A1605-25030180-1A,N,29.10,29.26,0.16,0.10,-18.58,-18.38,0.20,-4.09,-4.00,0.09,,18.81,-0.13,,192.28,-0.04,0.17,1576,1.0836,1565,0.87,1191,0.54611,1588,0.3807,無,0,無,0,無,0
F9302-26033457,F9302-26033457,BK,3,SCK-3672,N,1.04167,Rapido-2,400,1350,1000,45*40(限下走),51.00,414.88,4.98,A1605-24040104-1D,N,18.27,18.18,-0.09,-0.08,-0.83,-0.63,0.20,-3.23,-3.24,0.00,3.34,3.30,-0.05,255.61,258.91,0.25,0.27,1862,2.835,1724,0.18,1430,0.1067,無,0,無,0,無,0,無,0
F9302-26033472,F9302-26033472,GR,6,SCK-4186,N,1.04167,Rapido-2,400,1250,1000,(30*30下走),82.50,326.59,5.61,A1605-25030180-1A,N,29.10,28.76,-0.34,-0.22,-18.58,-18.43,0.15,-4.09,-3.95,0.14,,18.85,-0.11,,192.10,-0.09,0.26,1576,1.0836,1565,0.87,1191,0.54611,1588,0.3807,無,0,無,0,無,0
F9302-26033477,F9302-26033477,BR,4,SK-1085,N,0.52083,Rapido-2,400,1100,600,45*40,98.00,203.21,4.17,A1605-25030054-1B,N,31.92,31.52,-1.27,-0.74,10.08,9.91,-0.26,10.06,10.03,-0.11,,14.10,-0.18,,45.36,0.18,0.79,1724,1.21,1576,0.311,1430,0.297,1588,0.176,無,0,無,0,無,0
F9302-26033482,F9302-26033482,BL,2,SW-80180C0,N,1.04167,Rapido-2,400,1350,1200,30*30,49.00,424.35,8.25,A1605-23050031-5G,N,65.22,65.32,0.10,0.04,-14.95,-14.81,0.14,-8.77,-8.99,-0.22,17.33,17.32,-0.01,210.40,211.25,0.22,0.23,1530,0.164,1181,0.02132,1400,0.002,無,0,無,0,無,0,無,0
F9302-26033501,F9302-26033501,BK,3,SW-80180C0,N,1.04167,Rapido-2,800,1350,1200,30*30,74.00,384.38,8.45,A1605-23050031-1E,N,18.70,18.54,-0.15,-0.13,-1.21,-1.09,0.12,-1.82,-1.81,0.00,2.18,2.11,-0.09,236.24,238.96,0.14,0.21,1862,2.8,1142,0.212,1430,0.1886,無,0,無,0,無,0,無,0
F9302-26033543,F9302-26033543,BK,3,SCK-3612,N,0.52083,Conveyor-1,300,80,260,140,450.00,43.04,4.02,2003189-2A,N,17.99,16.15,-1.84,-1.65,0.08,0.06,-0.03,-2.22,-2.45,-0.22,,2.45,0.29,,271.29,-0.05,1.67,1861,1.96,1430,0.3744,1722,0.2024,1142,0.168,無,0,無,0,無,0
F9302-26033549,F9302-26033549,BK,7,SK-1085,N,0.52083,Rapido-1,300,1100,600,45*50,59.00,316.22,7.14,A1605-25070014-1F,N,14.82,13.84,-0.98,-0.95,-0.38,-0.03,0.35,-2.63,-2.26,0.37,2.65,2.26,-0.49,261.87,269.34,0.42,1.15,1862,3.234,1430,0.493,1191,0.3136,無,0,無,0,無,0,無,0
F9302-26033551,F9302-26033551,GY,7,SW-8947C0,Y,0.69444,Rapido-2,200,1300,1050,35*30,65.00,487.83,7.14,A1605-25040014-1C,N,16.73,16.27,-0.46,-0.43,-0.54,-0.54,0.01,-3.90,-3.97,-0.07,,4.01,0.08,,262.27,0.02,0.44,1862,3.5,1578,0.9,1588,0.658,1863,0.564,無,0,無,0,無,0
F9302-26033552,F9302-26033552,BL,6,SCK-2034,N,1.04167,Rapido-2,400,1300,1000,35*30,64.00,605.08,4.00,A1605-26030102-1B,Y,38.47,38.08,-0.40,-0.21,-12.55,-11.38,1.17,-32.08,-32.87,-0.79,34.45,34.79,0.16,248.63,250.90,0.95,0.98,1585,2,1567,0.69,1588,0.304,1191,0.022,無,0,無,0,無,0
F9302-26033554,F9302-26033554,OL,2,SW-8947C0,Y,0.69444,Rapido-2,200,1300,1050,35*30,63.00,381.02,7.14,A1605-24050027-2A,N,37.20,37.08,-0.13,-0.07,-3.29,-3.21,0.09,6.32,6.40,0.09,7.12,7.16,0.03,117.53,116.59,-0.14,0.16,1593,0.5406,1191,0.4116,1430,0.21939,1722,0.085,無,0,無,0,無,0
F9302-26033608,F9302-26033608,NB,6,SW-80282C0,Y,0.69444,Rapido-2,400,1350,1050,35*30,72.00,420.46,3.81,A1605-25060009-5D,N,21.49,20.99,-0.50,-0.39,1.79,2.05,0.25,-8.88,-8.30,0.58,,8.55,-0.44,,283.86,0.53,0.79,1862,1.35,1578,0.75,1430,0.38,1722,0.095,無,0,無,0,無,0
F9302-26033619,F9302-26033619,BK,5,SCK-363,N,2.08333,Conveyor-1,300,85,260,140,483.00,45.04,3.33,A1605-21060211-1E,N,17.03,15.72,-1.32,-1.23,0.13,0.37,0.24,-2.17,-1.88,0.29,2.18,1.92,-0.34,273.51,281.13,0.37,1.32,1862,1.375,1578,0.6565,1430,0.517,1191,0.4464,1722,0.188,無,0,無,0
F9302-26033624,F9302-26033624,BK,3,SCK-3642,N,1.04167,Conveyor-1,300,88,270,140,484.00,36.07,3.38,1911198-2AC,N,15.26,14.11,-1.15,-1.12,0.48,0.55,0.07,-1.17,-1.24,-0.07,,1.36,0.12,,293.99,0.05,1.13,1430,0.042,1862,0.012,1724,0.011,1848,0.006,無,0,無,0,無,0
F9302-26033634,F9302-26033634,BK,6,SCK-4160,N,1.04167,Rapido-2,100,1350,1000,40*30,12.00,1305.00,7.50,A1605-26030034-1A,N,16.81,15.56,-1.26,-1.18,0.69,0.57,-0.12,-0.89,-1.05,-0.16,1.12,1.19,0.10,307.98,298.49,-0.27,1.22,1862,2.45,1863,1,1722,0.535,1391,0.02,無,0,無,0,無,0
F9302-26033646,F9302-26033646,RE,7,SW-80660C0,Y,1.04167,Rapido-2,200,1350,1000,35*30,29.00,994.10,9.76,A1605-25120161-1B,N,32.36,31.83,-0.53,-0.32,38.84,39.29,0.45,15.94,16.36,0.42,41.98,42.56,0.25,22.31,22.61,0.16,0.43,1384,2.8,1391,0.95,1191,0.53,1565,0.0779,無,0,無,0,無,0
F9302-26033650,F9302-26033650,BK,3,SW-80180C0,N,1.04167,Rapido-2,800,1350,1200,30*30,49.50,294.00,8.45,A1605-23050031-1E,N,18.70,18.67,-0.02,-0.02,-1.21,-1.41,-0.20,-1.82,-1.88,-0.06,2.18,2.35,0.21,236.24,233.11,-0.16,0.27,1862,2.8,1142,0.212,1430,0.1886,無,0,無,0,無,0,無,0
F9302-26033659,F9302-26033659,BL,2,SK-1216C0,N,0.83333,Rapido-2,300,1200,900,25*20,43.00,1003.23,15.79,A1605-25040025-7A1,N,64.07,64.14,0.07,0.03,-3.55,-3.65,-0.10,-19.11,-18.95,0.16,19.43,19.30,-0.08,259.47,259.10,-0.12,0.15,1391,0.012,1565,0.0055,無,0,無,0,無,0,無,0,無,0
F9302-26033679,F9302-26033679,NB,7,SW-8860C0,N,1.04167,Rapido-2,200,1250,1050,30*30,46.00,489.24,9.09,A1605-24110043-1E,N,19.07,18.92,-0.15,-0.13,0.93,0.96,0.03,-11.78,-11.78,0.00,,11.81,0.00,,274.65,0.04,0.13,1578,2.4786,1565,0.8466,1391,0.8448,1191,0.3131,無,0,無,0,無,0
F9302-26033682,F9302-26033682,NB,2,SCK-3672,N,1.04167,Rapido-2,400,1350,1000,45*40(限下走),34.50,795.36,8.33,A1605-24050205-1G,N,20.85,20.10,-0.75,-0.60,-0.66,-0.67,-0.01,-7.50,-7.56,-0.06,,7.59,0.06,,264.96,0.00,0.60,1593,1.456,1578,0.728,1722,0.4242,1391,0.23,1142,0.1648,無,0,無,0
F9302-26033703,F9302-26033703,BK,6,SW-8965C0,Y,0.69444,Rapido-2,400,1300,1000,45*30,87.50,320.14,3.58,A1605-24090023-2B,N,16.72,17.76,1.05,0.99,0.55,0.62,0.07,-2.05,-1.96,0.09,,2.06,-0.08,,287.59,0.13,1.00,1862,2.945,1722,0.288,1578,0.187,1391,0.013,無,0,無,0,無,0
F9302-26033704,F9302-26033704,GY,4,SW-80242C07,Y,1.04167,Rapido-2,400,1400,1100,35*30,49.00,1009.53,4.47,A1605-25020162-3B,Y,26.54,26.07,-0.47,-0.32,0.64,0.41,-0.23,-2.89,-2.80,0.09,2.96,2.83,-0.16,282.44,278.39,-0.27,0.45,1578,0.891,1722,0.3239,1391,0.2838,1142,0.18216,無,0,無,0,無,0
F9302-26033705,F9302-26033705,BK,6,SW-8965C0,Y,0.69444,Rapido-2,400,1300,1000,45*30,84.50,356.62,3.61,A1605-24090023-2B,N,16.72,17.82,1.10,1.04,0.55,0.59,0.04,-2.05,-2.00,0.05,,2.09,-0.05,,286.53,0.07,1.04,1862,2.945,1722,0.288,1578,0.187,1391,0.013,無,0,無,0,無,0
F9302-26033761,F9302-26033761,NB,7,SCK-2200,N,1.04167,Rapido-1,300,1300,1100,30*30,55.00,571.05,5.00,2002037-1B,N,18.16,17.87,-0.29,-0.26,0.84,1.04,0.20,-6.11,-6.19,-0.08,,6.28,0.11,,279.53,0.26,0.38,1862,1.68,1588,1.15,1430,0.988,1191,0.18,無,0,無,0,無,0
F9302-26033777,F9302-26033777,BR,5,SW-80379SC0,Y,1.04167,Rapido-2,800,1500,1100,45*40,43.50,599.77,4.18,A1605-26010099-2B,N,24.61,26.80,2.20,1.56,3.86,4.00,0.14,6.25,6.63,0.37,7.35,7.74,0.37,58.32,58.88,0.13,1.61,1576,0.95304,1722,0.5073,1191,0.4183,1391,0.40128,無,0,無,0,無,0
F9302-26033781,F9302-26033781,GR,3,SCW-814,Y,1.04167,Rapido-2,400,1300,850,45*40,49.50,888.38,5.52,A1605-23080084-2A,Y,25.94,26.87,0.93,0.64,-4.69,-4.94,-0.25,-5.99,-5.68,0.31,,7.53,-0.07,,228.96,-0.47,0.80,1578,1.425,1201,0.369,1142,0.204,1391,0.05035,無,0,無,0,無,0
F9302-26033782,F9302-26033782,GY,3,SCK-3996,Y,1.04167,Rapido-2,400,1000,800,45*50,50.00,378.12,6.96,A1605-23100194-1A,N,29.86,29.41,-0.44,-0.28,0.01,0.37,0.35,-4.07,-4.05,0.02,,4.06,-0.01,,275.16,0.46,0.54,1593,0.9975,1430,0.3762,1142,0.2475,1722,0.1122,無,0,無,0,無,0
F9302-26033789,F9302-26033789,NB,7,SCK-587,Y,1.04167,Rapido-2,200,1350,1050,35*30,69.00,571.68,5.13,A1605-26020128-2B,Y,18.04,18.83,0.79,0.71,-0.39,-0.93,-0.55,-7.11,-7.19,-0.08,7.12,7.25,0.13,266.89,262.59,-0.72,1.02,1578,2.28,1862,2.2,1142,0.0855,1391,0.0126,無,0,無,0,無,0
F9302-26033790,F9302-26033790,NB,7,SCK-2200,N,1.04167,Rapido-2,200,1300,1100,30*30,69.00,408.19,6.38,2002037-1B,N,18.16,18.21,0.05,0.04,0.84,0.90,0.06,-6.11,-6.15,-0.03,,6.21,0.04,,278.32,0.08,0.10,1862,1.68,1588,1.15,1430,0.988,1191,0.18,無,0,無,0,無,0
F9302-26033797,F9302-26033797,NB,7,SCK-2200,N,1.04167,Rapido-1,300,1300,1100,30*30,55.50,490.50,5.00,2002037-1B,N,18.16,17.92,-0.25,-0.22,0.84,0.93,0.09,-6.11,-6.20,-0.09,,6.27,0.10,,278.51,0.11,0.26,1862,1.68,1588,1.15,1430,0.988,1191,0.18,無,0,無,0,無,0
F9302-26033798,F9302-26033798,NB,3,SK-1196,N,0.52083,Rapido-1,300,1100,600,45*40,85.00,277.46,6.00,A1605-24110202-1D,N,19.09,18.07,-1.03,-0.88,-2.18,-2.35,-0.17,-6.63,-6.52,0.11,6.98,6.93,-0.04,251.77,250.15,-0.25,0.91,1862,0.99,1578,0.8526,1391,0.33,1191,0.2346,無,0,無,0,無,0
F9302-26033805,F9302-26033805,GR,7,SW-80779C0,Y,1.04167,Rapido-2,100,1350,1050,35*30(2025/12/12),14.50,2404.00,6.67,A1605-25080195-1A,N,28.23,28.00,-0.23,-0.15,-18.00,-18.05,-0.05,-4.04,-4.08,-0.04,,18.51,0.04,,192.73,0.02,0.16,1576,1.012,1565,1,1588,0.78,1191,0.546,無,0,無,0,無,0
F9302-26033815,F9302-26033815,BK,3,SW-80180C0,N,1.04167,Rapido-2,800,1350,1200,30*30,48.50,369.63,8.78,A1605-23050031-1E,N,18.70,18.33,-0.36,-0.31,-1.21,-1.32,-0.11,-1.82,-1.98,-0.16,2.18,2.38,0.25,236.24,236.30,0.00,0.40,1862,2.8,1142,0.212,1430,0.1886,無,0,無,0,無,0,無,0
F9302-26033830,F9302-26033830,RE,4,SW-80352C01,Y,0.69444,Rapido-2,50,1250,1000,25*20(2025/11/27),13.00,2066.85,10.00,A1605-26020082-2A,N,53.46,53.04,-0.42,-0.19,54.76,54.87,0.11,14.06,14.84,0.79,56.54,56.84,0.11,14.40,15.14,0.44,0.49,1360,0.91,1391,0.055,1191,0.028,1580,0.0062,無,0,無,0,無,0
F9302-26033834,F9302-26033834,BK,6,SW-8965C0,Y,0.69444,Rapido-2,400,1300,1000,45*30,86.00,390.35,3.62,A1605-24090023-2B,N,16.72,17.92,1.20,1.14,0.55,0.53,-0.02,-2.05,-1.81,0.24,,1.89,-0.31,,286.28,0.06,1.18,1862,2.945,1722,0.288,1578,0.187,1391,0.013,無,0,無,0,無,0
F9302-26033842,F9302-26033842,BK,6,SW-8965C0,Y,0.69444,Rapido-2,400,1300,1000,45*30,86.50,357.71,3.61,A1605-24090023-2B,N,16.72,17.96,1.25,1.18,0.55,0.62,0.07,-2.05,-1.78,0.27,,1.88,-0.31,,289.32,0.20,1.23,1862,2.945,1722,0.288,1578,0.187,1391,0.013,無,0,無,0,無,0
F9302-26033855,F9302-26033855,NB,6,SCK-3843S,Y,0.69444,Rapido-2,300,1300,1050,30*40,71.00,280.04,4.10,A1605-24010118-3C,N,20.03,20.11,0.08,0.07,-0.68,-0.54,0.14,-4.64,-3.92,0.72,,3.96,-0.80,,262.11,0.05,0.80,1862,1.5965,1578,1.14,1391,0.714,1142,0.372,無,0,無,0,無,0
F9302-26033858,F9302-26033858,BK,7,SW-80379SC0,Y,1.04167,Rapido-2,400,1500,1100,45*40,42.50,710.26,5.08,A1605-25010099-1B,N,17.81,17.32,-0.50,-0.45,0.49,0.54,0.05,-1.52,-1.34,0.18,,1.44,-0.21,,291.88,0.15,0.52,1862,3.672,1724,0.4,1430,0.062,無,0,無,0,無,0,無,0
F9302-26033872,F9302-26033872,GY,5,SCK-4489,N,0.52083,Conveyor-1,300,80,260,140,480.00,36.69,5.59,A1605-24120030-5A,N,33.61,32.24,-1.37,-0.79,-0.65,-0.77,-0.13,0.19,0.21,0.02,,0.80,0.19,,165.07,0.02,0.82,1565,0.70585,1724,0.6992,1580,0.20235,1391,0.19292,無,0,無,0,無,0
F9302-26033873,F9302-26033873,GY,3,SCK-3828,N,1.04167,Conveyor-1,300,80,270,140(35*40),450.00,43.42,3.52,A1605-22020104-3A,N,32.37,31.21,-1.17,-0.69,0.45,0.62,0.17,-2.52,-2.68,-0.17,2.56,2.75,0.25,280.02,282.92,0.18,0.76,1593,0.43575,1430,0.133,1722,0.129,1142,0.082,無,0,無,0,無,0
F9302-26033885,F9302-26033885,BK,6,SK-548C0,N,1.25,Conveyor-1,300,1250,1000,25*30(120),485.00,58.31,4.96,A1605-26030082-1A,N,17.77,16.99,-0.79,-0.71,-0.78,-0.57,0.21,-2.72,-2.52,0.20,2.83,2.59,-0.30,254.10,257.25,0.20,0.80,1862,2.4,1430,0.378,1578,0.33,1191,0.312,無,0,無,0,無,0
F9302-26033889,F9302-26033889,BK,7,SW-80379SC0,Y,1.04167,Rapido-2,400,1500,1100,45*40,44.50,807.42,4.96,A1605-25010099-1B,N,17.81,17.27,-0.55,-0.49,0.49,0.52,0.04,-1.52,-1.34,0.18,,1.44,-0.22,,291.38,0.13,0.56,1862,3.672,1724,0.4,1430,0.062,無,0,無,0,無,0,無,0
F9302-26040016,F9302-26040016,GY,3,SCK-3828,N,1.04167,Conveyor-1,300,80,270,140(35*40),450.00,42.23,3.59,A1605-22020104-3A,N,32.37,31.31,-1.07,-0.63,0.45,0.65,0.20,-2.52,-2.50,0.02,2.56,2.58,0.03,280.02,284.52,0.27,0.69,1593,0.43575,1430,0.133,1722,0.129,1142,0.082,無,0,無,0,無,0
F9302-26040017,F9302-26040017,GY,3,SCK-3828,N,1.04167,Conveyor-1,300,80,270,140(35*40),457.00,34.44,3.52,A1605-22020104-3A,N,32.37,31.25,-1.13,-0.67,0.45,0.63,0.19,-2.52,-2.63,-0.11,2.56,2.70,0.18,280.02,283.48,0.21,0.72,1593,0.43575,1430,0.133,1722,0.129,1142,0.082,無,0,無,0,無,0
F9302-26040018,F9302-26040018,BK,7,SW-80379SC0,Y,1.04167,Rapido-2,400,1500,1100,45*40,49.00,658.92,4.65,A1605-25010099-1B,N,17.81,17.39,-0.43,-0.39,0.49,0.55,0.07,-1.52,-1.41,0.11,,1.51,-0.11,,291.41,0.14,0.42,1862,3.672,1724,0.4,1430,0.062,無,0,無,0,無,0,無,0
F9302-26040021,F9302-26040021,BK,6,SW-8965C0,Y,0.69444,Rapido-2,400,1300,1000,45*30,85.50,517.57,3.61,A1605-24090023-2B,Y,16.72,17.56,0.84,0.80,0.55,0.27,-0.28,-2.05,-2.16,-0.11,,2.18,0.07,,277.16,-0.40,0.90,1862,2.945,1722,0.288,1578,0.187,1391,0.013,無,0,無,0,無,0
F9302-26040034,F9302-26040034,BR,5,SW-80379SC0,Y,1.04167,Rapido-2,400,1500,1100,45*40,33.50,584.21,6.33,A1605-26010099-2B,N,24.61,26.80,2.20,1.56,3.86,4.06,0.20,6.25,6.63,0.37,7.35,7.77,0.40,58.32,58.48,0.04,1.61,1576,0.95304,1722,0.5073,1191,0.4183,1391,0.40128,無,0,無,0,無,0
F9302-26040070,F9302-26040070,BL,3,SCW-136WP4,Y,0.69444,Rapido-2,100,1200,900,25*30,15.50,1805.74,9.52,A1605-26020047-1A,Y,37.96,35.53,-2.43,-1.30,-4.65,-3.70,0.95,-32.54,-34.08,-1.54,32.87,34.28,0.67,261.87,263.81,0.86,1.70,1585,2.65,1565,1.1,1640,0.08,1191,0.016,無,0,無,0,無,0
F9302-26040074,F9302-26040074,BK,6,SCK-4489,N,0.52083,Conveyor-1,300,80,260,140,480.00,65.16,4.18,A1605-24120030-1C,N,17.69,15.70,-1.99,-1.80,-0.37,-0.17,0.20,-2.34,-2.24,0.10,,2.25,-0.16,,265.57,0.25,1.82,1862,2.43,1722,0.3102,1430,0.1562,1191,0.058,無,0,無,0,無,0
F9302-26040083,F9302-26040083,NB,6,SCK-4489,N,0.52083,Conveyor-1,300,80,260,140,480.00,50.47,3.35,A1605-24120030-2C,N,22.18,19.79,-2.38,-1.83,-1.33,-0.97,0.36,-6.89,-6.40,0.49,,6.47,-0.52,,261.38,0.36,1.93,1593,1.785,1724,0.6099,1430,0.4428,1191,0.2369,無,0,無,0,無,0
F9302-26040093,F9302-26040093,WH,1,SCK-587,Y,1.04167,Rapido-2,200,1300,1050,35*30,59.00,243.17,6.19,A1605-26020128-1C,N,90.96,91.01,0.06,0.02,-0.55,-0.72,-0.16,4.96,5.02,0.06,4.99,5.07,0.08,96.35,98.12,0.20,0.22,1111,0.006,1310,0.0034,1510,0.00184,無,0,無,0,無,0,無,0
F9302-26040111,F9302-26040111,BK,7,SW-80379SC0,Y,1.04167,Rapido-2,400,1500,1100,45*40,44.00,591.95,4.96,A1605-25010099-1B,N,17.81,17.48,-0.34,-0.30,0.49,0.52,0.04,-1.52,-1.39,0.13,,1.49,-0.15,,290.64,0.11,0.35,1862,3.672,1724,0.4,1430,0.062,無,0,無,0,無,0,無,0
F9302-26040115,F9302-26040115,GR,3,SCW-814,Y,1.04167,Rapido-2,400,1300,850,45*40,52.00,599.96,5.13,A1605-23080084-2A,N,25.94,25.09,-0.85,-0.58,-4.69,-4.62,0.07,-5.99,-6.01,-0.03,,7.58,-0.02,,232.47,0.09,0.59,1578,1.672,1201,0.414,1142,0.2232,1391,0.0583,無,0,無,0,無,0
F9302-26040129,F9302-26040129,BK,6,SCK-4489,N,0.52083,Conveyor-1,300,80,260,140,482.00,85.94,3.35,A1605-24120030-1C,Y,17.69,16.78,-0.91,-0.82,-0.37,0.45,0.82,-2.34,-1.80,0.54,,1.85,-0.66,,283.93,1.12,1.54,1862,2.43,1722,0.3102,1430,0.1562,1191,0.058,無,0,無,0,無,0
F9302-26040140,F9302-26040140,OR,1,SCK-4100,N,1.04167,Rapido-2,200,1200限上走,800,45*40,34.00,708.24,9.26,A1605-25120084-3D,N,79.79,80.72,0.93,0.34,21.19,18.07,-3.13,16.64,17.68,1.05,26.94,25.28,-0.87,38.13,44.38,3.13,3.26,1353,0.054,1142,0.0113,1580,0.002576,無,0,無,0,無,0,無,0
F9302-26040144,F9302-26040144,NB,7,SW-80105C6,N,0.69444,Rapido-2,800,1250,1000,25*30,60.00,347.55,8.53,A1605-25030181-1B,N,21.19,21.08,-0.11,-0.09,0.46,0.56,0.10,-9.11,-8.93,0.17,,8.95,-0.15,,273.60,0.15,0.23,1593,1.5444,1578,1.457,1391,0.98,1142,0.35855,無,0,無,0,無,0
F9302-26040147,F9302-26040147,GR,4,SCK-3928,N,1.04167,Rapido-2,400,1300,1000,(J.G35*30)(H40*30),30.00,1082.60,8.00,A1605-25120134-2B,N,43.64,43.01,-0.64,-0.31,-11.92,-11.91,0.01,-6.16,-6.55,-0.39,13.41,13.60,0.13,207.33,208.81,0.34,0.48,1565,0.415,1588,0.3,1391,0.14,1142,0.10395,無,0,無,0,無,0
F9302-26040160,F9302-26040160,BL,3,SK-1216C0,N,0.83333,Conveyor-1,300,85,270,120,490.00,48.39,7.50,A1605-25090092-2A,N,42.20,41.62,-0.59,-0.30,-1.71,-1.80,-0.09,-18.75,-18.80,-0.04,18.83,18.88,0.03,264.79,264.53,-0.09,0.31,1576,0.7008,1391,0.07905,1191,0.033088,無,0,無,0,無,0,無,0
F9302-26040178,F9302-26040178,PU,1,SK-1085,N,0.52083,Rapido-2,100,1100,600,45*40,18.00,1349.78,10.00,A1605-25010051-3B,Y,77.23,77.27,0.04,0.02,8.76,7.98,-0.78,-11.79,-11.92,-0.13,,14.34,-0.24,,303.82,-0.77,0.80,1310,0.05,1510,0.028,1111,0.0035,無,0,無,0,無,0,無,0
F9302-26040181,F9302-26040181,YE,3,SW-80092AM3,Y,1.04167,Rapido-2,200,1300,1050,30*30,57.00,377.39,7.50,A1605-25120046-2B,N,71.01,70.03,-0.98,-0.38,17.23,16.18,-1.05,66.44,66.26,-0.18,68.64,68.21,-0.15,75.46,76.28,0.66,0.78,1142,0.5,1722,0.096,1580,0.002565,無,0,無,0,無,0,無,0
F9302-26040185,F9302-26040185,GR,6,SK-1008C0,N,0.83333,Rapido-2,100,1200,950,25*20,23.50,1055.02,10.00,A1605-23120026-1D,N,39.06,39.40,0.34,0.18,-7.84,-7.73,0.11,4.98,5.08,0.09,9.29,9.25,-0.04,147.56,146.69,-0.15,0.24,1140,0.83,1240,0.82,1385,0.08137,無,0,無,0,無,0,無,0
F9302-26040231,F9302-26040231,GR,3,SCW-814,Y,1.04167,Rapido-2,400,1300,850,45*30,49.00,832.65,5.38,A1605-23080084-2A,Y,25.94,24.20,-1.74,-1.20,-4.69,-4.47,0.22,-5.99,-6.33,-0.34,,7.74,0.13,,234.77,0.46,1.29,1578,1.672,1201,0.414,1142,0.2232,1391,0.0583,無,0,無,0,無,0
F9302-26040246,F9302-26040246,BK,6,SW-8965C0,Y,0.69444,Rapido-2,800,1300,1000,45*30,87.25,430.96,3.64,A1605-24090023-2B,Y,16.72,17.67,0.96,0.91,0.55,0.27,-0.28,-2.05,-2.07,-0.02,,2.09,-0.04,,277.42,-0.38,0.98,1862,2.79,1722,0.288,1578,0.187,1391,0.013,無,0,無,0,無,0
F9302-26040279,F9302-26040279,GY,2,FS-8919C0,N,0.83333,Rapido-2,100,1100,700,25*2,16.00,3578.13,22.22,A1605-24110060-2A,Y,28.35,27.78,-0.57,-0.37,-0.66,-0.46,0.20,-3.48,-4.12,-0.64,3.54,4.15,0.71,259.33,263.67,0.38,0.88,1578,1.199,1430,0.6555,1142,0.5175,1201,0.1904,無,0,無,0,無,0
F9302-26040322,F9302-26040322,GR,5,SCW-136WP4,Y,0.69444,Rapido-2,50,1200,900,25*20,16.00,2408.69,7.14,A1605-26020047-2B,Y,56.85,53.54,-3.31,-1.42,-44.69,-42.38,2.31,6.84,3.92,-2.93,45.21,42.56,-1.08,171.29,174.72,1.43,2.29,1585,1.674,1589,0.605,1013,0.11,無,0,無,0,無,0,無,0
F9302-26040351,F9302-26040351,BK,3,SCK-3574,N,1.04167,Rapido-2,200,1400,1000,40*40,54.00,693.06,5.94,A1605-23040025-7B,N,20.43,20.28,-0.15,-0.13,0.76,0.73,-0.03,-1.69,-1.94,-0.25,,2.07,0.28,,290.56,-0.17,0.35,1862,1.9998,1724,0.585,1430,0.295,無,0,無,0,無,0,無,0
F9302-26040353,F9302-26040353,NB,6,SW-80337,N,1.04167,Rapido-2,100,1250,1000,25*30,14.50,2632.90,9.62,A1605-26030091-1B,N,17.60,18.80,1.20,1.09,-0.22,-0.42,-0.21,-5.31,-5.77,-0.46,5.31,5.78,0.49,267.66,265.81,-0.24,1.22,1578,1.47,1862,1.3,1391,0.65,1191,0.35,無,0,無,0,無,0
F9302-26040358,F9302-26040358,GY,2,SK-1216C0,N,0.83333,Rapido-2,400,1200,900,25*20,57.00,384.82,12.00,A1605-25110094-1B,N,71.16,71.61,0.45,0.17,2.83,2.82,0.00,5.18,5.08,-0.11,5.90,5.81,-0.10,61.41,60.95,-0.08,0.21,1534,0.147,1233,0.105,1451,0.08,無,0,無,0,無,0,無,0
F9302-26040359,F9302-26040359,OL,5,SW-8965C0,Y,0.69444,Rapido-2,400,1400,1000,40*40,42.00,659.12,6.76,A1605-24090023-1C,N,29.67,30.68,1.01,0.63,-0.53,-0.47,0.07,5.40,5.39,0.00,,5.41,-0.01,,94.93,-0.09,0.64,1578,0.504,1191,0.41412,1391,0.33321,1201,0.22695,無,0,無,0,無,0
F9302-26040538,F9302-26040538,BK,7,SW-80351C0,Y,0.69444,Rapido-2,300,1250,1050,25*30,39.50,597.82,8.16,2003188-1B,N,18.90,18.49,-0.41,-0.36,0.61,0.46,-0.15,-2.56,-2.71,-0.14,,2.74,0.14,,279.62,-0.23,0.45,1862,3.024,1430,0.5544,1142,0.2112,無,0,無,0,無,0,無,0
F9302-26040562,F9302-26040562,GY,4,SW-80660C0,Y,1.04167,Rapido-2,50,1300,1000,35*30,7.00,4561.86,8.82,A1605-25120161-7A,N,34.34,34.01,-0.33,-0.19,-1.31,-1.28,0.03,-0.79,-0.24,0.55,1.53,1.30,-0.30,211.03,190.41,-0.70,0.78,1576,0.7488,1191,0.21,1201,0.18,1430,0.165,無,0,無,0,無,0
F9302-26040565,F9302-26040565,GY,2,SK-1085,N,0.52083,Rapido-1,600,1100,600,40*40,132.50,123.19,3.77,A1605-25050130-8E,N,70.92,70.75,-0.17,-0.07,2.91,2.71,-0.20,8.07,7.79,-0.28,8.58,8.25,-0.29,70.19,70.83,0.15,0.33,1111,0.107,1310,0.10464,1510,0.0495,無,0,無,0,無,0,無,0
F9302-26040581,F9302-26040581,OR,4,SW-80082C0,Y,1.04167,Rapido-2,400,1400,1000,35*30,35.50,785.83,7.21,A1605-25120096-1E,N,56.48,56.83,0.04,0.02,52.69,52.62,-0.71,49.16,49.50,0.02,72.06,72.24,-0.17,43.01,43.25,0.37,0.41,1142,0.5035,1360,0.437,1353,0.2375,1082,0.19,無,0,無,0,無,0
F9302-26040586,F9302-26040586,GY,2,SK-1216C0,N,0.83333,Rapido-2,400,1200,900,25*20,92.00,249.27,7.50,A1605-25110094-1B,N,71.37,71.14,-0.23,-0.09,2.80,2.83,0.03,5.07,5.11,0.04,5.79,5.83,0.05,61.11,61.04,-0.01,0.10,1534,0.147,1233,0.105,1451,0.08,無,0,無,0,無,0,無,0
F9302-26040596,F9302-26040596,BR,2,SW-80182C0,Y,1.04167,Rapido-2,400,1400,1000,40*30,57.00,453.09,6.03,A1605-23060053-2E,N,44.23,44.04,-0.19,-0.09,6.74,6.90,0.16,19.72,19.77,0.04,20.85,20.94,0.06,71.12,70.75,-0.17,0.20,1142,0.25,1201,0.2,1576,0.18,1430,0.155,無,0,無,0,無,0
F9302-26040598,F9302-26040598,NB,6,SCK-2200,N,1.04167,Rapido-2,400,1300,1100,30*30,53.50,469.35,5.06,2002037-1B1,N,18.16,17.95,-0.22,-0.19,0.84,0.86,0.02,-6.11,-6.27,-0.15,,6.33,0.16,,277.83,0.00,0.25,1862,1,1588,0.85,1430,0.1,1191,0.05,無,0,無,0,無,0
F9302-26040601,F9302-26040601,BK,7,SW-80351C0,Y,0.69444,Rapido-2,300,1250,1050,25*30,64.00,289.39,7.69,2003188-1B,N,18.90,18.34,-0.56,-0.48,0.61,0.45,-0.16,-2.56,-2.70,-0.13,,2.73,0.12,,279.42,-0.25,0.55,1862,3.024,1430,0.5544,1142,0.2112,無,0,無,0,無,0,無,0
F9302-26040602,F9302-26040602,BK,7,SW-80242C0,Y,1.04167,Rapido-2,400,1300,1100,35*30,37.00,817.08,6.06,A1605-26010123-1D,N,16.94,17.48,0.54,0.51,0.20,0.41,0.21,-1.46,-1.54,-0.08,1.47,1.60,0.17,277.75,284.89,0.27,0.60,1862,3.675,1863,0.8,1191,0.13,1391,0.09,無,0,無,0,無,0
F9302-26040607,F9302-26040607,BK,3,SW-80180C0,N,1.04167,Rapido-2,400,1350,1200,30*30,30.50,2121.74,6.20,A1605-23050031-1E1,N,18.70,18.04,-0.66,-0.57,-1.21,-1.24,-0.03,-1.82,-1.47,0.34,2.18,1.93,-0.33,236.24,229.87,-0.30,0.73,1862,0.9,1142,0.43,1430,0.23,無,0,無,0,無,0,無,0
F9302-26040608,F9302-26040608,GY,5,SW-8965C0,Y,0.69444,Rapido-2,800,1400,1000,40*40,70.00,447.93,3.70,A1605-25030213-1A,N,33.79,33.69,-0.11,-0.06,-0.39,-0.65,-0.26,-0.57,-0.15,0.42,,0.67,-0.04,,192.85,-0.73,0.73,1578,0.4785,1722,0.235,1142,0.10044,1391,0.1001,無,0,無,0,無,0
F9302-26040609,F9302-26040609,BK,3,SCK-3034,Y,0.69444,Rapido-2,800,1350,1000,40*30,76.50,370.35,4.31,1611250-2A,N,17.94,17.97,0.04,0.03,-0.76,-0.71,0.05,-1.68,-1.23,0.45,,1.42,-0.56,,239.86,-0.22,0.60,1861,4.025,1391,0.819,1142,0.462,1848,0.45,無,0,無,0,無,0
F9302-26040618,F9302-26040618,NB,7,SK-1216C0,N,0.83333,Rapido-1,600,1200,900,25*20,106.00,318.82,7.41,A1605-25090149-4A,Y,22.41,24.26,1.85,1.40,2.37,2.24,-0.14,-14.57,-14.81,-0.24,,14.98,0.15,,278.58,-0.21,1.43,1578,0.83808,1593,0.83808,1724,0.45105,1430,0.4233,無,0,無,0,無,0
F9302-26040632,F9302-26040632,GY,2,SK-1216C0,N,0.83333,Rapido-2,400,1200,900,25*20,90.50,260.32,7.50,A1605-25110094-1B,N,71.37,71.35,-0.02,-0.01,2.80,2.74,-0.05,5.07,5.07,0.00,5.79,5.76,-0.03,61.11,61.57,0.07,0.08,1534,0.147,1233,0.105,1451,0.08,無,0,無,0,無,0,無,0
F9302-26040651,F9302-26040651,GY,3,SK-1288,N,2.08333,Rapido-1,300,1250,1000,35*40,69.50,345.45,4.02,A1605-24090006-2E,N,30.15,29.26,-0.89,-0.55,-0.12,-0.03,0.08,-1.35,-1.24,0.11,,1.24,-0.16,,268.40,0.11,0.58,1593,0.7504,1391,0.3763,1191,0.26705,1722,0.06985,無,0,無,0,無,0
F9302-26040658,F9302-26040658,NB,1,SK-1008C0,N,0.83333,Rapido-2,50,1200,950,25*20,17.50,1397.31,10.00,A1605-21060138-3G,N,36.45,35.55,-0.90,-0.49,3.74,4.77,1.03,-41.05,-41.20,-0.14,41.22,41.47,0.11,275.20,276.60,0.74,0.89,1567,1.3,1585,0.266,1430,0.11,無,0,無,0,無,0,無,0
F9302-26040662,F9302-26040662,NB,3,SK-1288,N,2.08333,Rapido-1,300,1250,1000,35*30,66.50,420.45,3.98,A1605-24090006-3E,N,18.48,18.27,-0.20,-0.18,2.88,3.29,0.40,-12.27,-12.19,0.08,12.60,12.62,0.01,283.22,285.09,0.53,0.56,1593,1.17,1578,0.8856,1391,0.6325,1383,0.504,1191,0.1843,無,0,無,0
F9302-26040664,F9302-26040664,BK,3,SCK-3034,Y,0.69444,Rapido-2,800,1350,1000,40*30,80.00,405.33,4.30,1611250-2A,N,17.94,17.88,-0.05,-0.05,-0.76,-0.59,0.17,-1.68,-1.26,0.41,,1.39,-0.59,,245.15,-0.02,0.60,1861,4.025,1391,0.819,1142,0.462,1848,0.45,無,0,無,0,無,0
F9302-26040683,F9302-26040683,GY,5,SW-8965C0,Y,0.69444,Rapido-2,800,1400,1000,40*30,72.75,455.00,3.70,A1605-25030213-1A,N,33.79,33.30,-0.49,-0.28,-0.39,-0.53,-0.14,-0.57,-0.62,-0.05,,0.82,0.18,,229.24,-0.12,0.36,1578,0.4785,1722,0.235,1391,0.1012,1142,0.10044,無,0,無,0,無,0
F9302-26040691,F9302-26040691,BK,7,SW-80216C0,Y,1.04167,Rapido-1,50,1300,1050,30*30,17.00,2524.18,9.38,A1605-26020025-1B,N,18.50,18.13,-0.36,-0.32,-0.02,0.14,0.16,-2.72,-2.65,0.07,2.72,2.65,-0.09,269.66,273.08,0.21,0.39,1862,2.3,1578,0.8,1391,0.7224,1191,0.42,無,0,無,0,無,0
F9302-26040709,F9302-26040709,BR,2,SW-81081C0,Y,1.04167,Rapido-2,100,1300,1050,30*40,12.50,3139.36,7.69,A1605-24080029-2C,Y,41.26,42.05,0.79,0.40,4.63,4.89,0.26,18.58,18.52,-0.06,19.15,19.16,0.01,76.00,75.20,-0.32,0.52,1724,0.774,1565,0.299,1191,0.1872,1391,0.1343,無,0,無,0,無,0
F9302-26040741,F9302-26040741,BL,3,SK-1288,N,2.08333,Rapido-2,400,1250,1000,35*40,69.50,621.68,5.00,A1605-24090006-4O,N,28.15,27.19,-0.96,-0.62,4.03,4.41,0.38,-32.08,-32.56,-0.48,,32.85,0.25,,277.72,0.26,0.72,1567,1.02,1374,0.882,1568,0.624,1191,0.05704,無,0,無,0,無,0
F9302-26040749,F9302-26040749,GY,3,SK-1288,N,2.08333,Rapido-1,300,1250,1000,35*40,69.50,319.28,4.02,A1605-24090006-2E,N,30.15,29.11,-1.03,-0.64,-0.12,0.03,0.15,-1.35,-1.25,0.11,,1.25,-0.16,,271.45,0.20,0.69,1593,0.7504,1391,0.3763,1191,0.26705,1722,0.06985,無,0,無,0,無,0
F9302-26040751,F9302-26040751,GY,3,SK-1288,N,2.08333,Rapido-1,300,1250,1000,35*40,67.50,324.98,4.04,A1605-24090006-2E,N,30.15,29.47,-0.68,-0.42,-0.12,0.05,0.17,-1.35,-1.31,0.05,,1.31,-0.07,,272.14,0.23,0.49,1593,0.7504,1391,0.3763,1191,0.26705,1722,0.06985,無,0,無,0,無,0
F9302-26040758,F9302-26040758,BK,3,SCK-3034,Y,0.69444,Rapido-2,800,1350,1000,40*30,77.75,375.69,4.28,1611250-2A,N,17.94,17.90,-0.04,-0.03,-0.76,-0.63,0.12,-1.68,-1.27,0.41,,1.42,-0.56,,243.37,-0.09,0.57,1861,4.025,1391,0.819,1142,0.462,1848,0.45,無,0,無,0,無,0
F9302-26040777,F9302-26040777,NB,7,SK-1216C0,N,0.83333,Rapido-1,600,1200,900,25*20,73.75,320.73,7.55,A1605-25090149-4A,N,22.41,21.38,-1.04,-0.79,2.37,2.47,0.10,-14.57,-14.27,0.30,,14.48,-0.20,,279.83,0.18,0.83,1578,0.92448,1593,0.92448,1724,0.4743,1430,0.46065,無,0,無,0,無,0
F9302-26040792,F9302-26040792,BL,5,SCK-4100,N,1.04167,Rapido-2,100,1200限上走,800,45*60,14.50,2211.93,8.57,A1605-26010097-1D1,N,34.98,34.94,-0.04,-0.02,-0.17,0.02,0.19,-33.54,-33.54,0.00,33.54,33.54,0.00,269.71,270.03,0.15,0.15,1565,0.2,1567,0.2,1430,0.015,1191,0.006,無,0,無,0,無,0
F9302-26040812,F9302-26040812,GY,1,SW-80216C0,Y,1.04167,Rapido-2,50,1300,1050,30*30,12.00,2571.08,7.81,A1605-26020025-2B,N,86.44,85.86,-0.58,-0.21,-0.82,-1.03,-0.21,-2.63,-2.20,0.43,2.75,2.43,-0.40,252.73,244.95,-0.46,0.65,1510,0.0074,1310,0.006,1111,0.003,無,0,無,0,無,0,無,0
F9302-26040813,F9302-26040813,NB,3,SK-1288,N,2.08333,Rapido-1,300,1250,1000,35*30,68.00,385.37,4.00,A1605-24090006-3E,N,18.48,18.17,-0.31,-0.27,2.88,3.21,0.33,-12.27,-12.10,0.17,12.60,12.52,-0.06,283.22,284.87,0.47,0.54,1593,1.17,1578,0.8856,1391,0.6215,1383,0.495,1191,0.1843,無,0,無,0
F9302-26040822,F9302-26040822,BR,4,SK-727,N,0.52083,Conveyor-1,300,75,230,120,387.00,57.86,10.00,A1605-26010085-14A,N,36.27,34.34,-1.93,-1.06,-2.74,-2.73,0.01,3.20,3.31,0.11,4.21,4.29,0.09,130.54,129.49,-0.10,1.07,1576,0.63,1724,0.55,1142,0.058,1391,0.018,無,0,無,0,無,0
F9302-26040824,F9302-26040824,CO,6,SK-727,N,0.52083,Conveyor-1,300,75,230,120,396.00,90.90,10.00,A1605-26010085-2A,Y,20.93,19.40,-1.53,-1.22,4.57,3.66,-0.90,4.30,3.14,-1.16,6.27,4.83,-1.44,43.30,40.60,-0.41,1.93,1578,0.873,1430,0.73,1142,0.6,1722,0.48,無,0,無,0,無,0
F9302-26040825,F9302-26040825,GY,4,SK-727,N,0.52083,Conveyor-1,300,75,230,120,394.00,58.10,10.00,A1605-26010085-8A,N,33.52,32.28,-1.24,-0.72,-3.25,-3.29,-0.04,-0.65,-0.79,-0.14,3.32,3.38,0.08,191.37,193.55,0.16,0.74,1576,0.82,1201,0.22,1191,0.2,1430,0.085,無,0,無,0,無,0
F9302-26040859,F9302-26040859,BR,3,SW-80216C0,Y,1.04167,Rapido-1,50,1300,1050,30*30,16.00,2157.75,9.09,A1605-26020089-6A,N,49.68,49.33,-0.35,-0.16,8.04,8.07,0.02,4.63,4.68,0.05,9.28,9.33,0.04,29.92,30.13,0.05,0.17,1391,0.26,1565,0.158,1191,0.13,無,0,無,0,無,0,無,0
F9302-26040875,F9302-26040875,BK,3,SCK-3230,N,1.66667,Rapido-2,200,1050,850,25*20,112.00,174.72,16.00,1705112-4A,N,16.14,15.90,-0.24,-0.24,0.43,0.14,-0.28,-0.59,-0.23,0.36,,0.27,-0.67,,302.38,-0.04,0.71,1862,2.1,1724,1.4,1588,0.63,1430,0.36,無,0,無,0,無,0
F9302-26040888,F9302-26040888,NB,3,SK-1288,N,2.08333,Rapido-1,300,1250,1000,35*40,66.00,487.08,4.02,A1605-24090006-3E,N,18.48,17.69,-0.79,-0.69,2.88,3.13,0.25,-12.27,-12.02,0.25,12.60,12.42,-0.14,283.22,284.61,0.39,0.81,1593,1.17,1578,0.8856,1391,0.6215,1383,0.495,1191,0.1843,無,0,無,0
F9302-26040921,F9302-26040921,CO,5,SW-8829C0,Y,0.69444,Rapido-2,200,1250,1000,25*20,68.00,314.16,10.42,A1605-25120103-2B,N,23.30,23.12,-0.18,-0.13,3.45,3.59,0.14,4.86,4.69,-0.17,5.96,5.91,-0.05,54.65,52.56,-0.37,0.39,1578,0.8633,1191,0.79,1430,0.67,1722,0.63,無,0,無,0,無,0
F9302-26040937,F9302-26040937,OL,5,S1RDA-22689,N,0.51282,Rapido-2,100,1250,1000,35*40,18.00,1628.33,8.47,A1605-26020131-1A,N,34.11,32.99,-1.11,-0.64,0.48,0.42,-0.05,16.84,16.37,-0.46,16.84,16.38,-0.31,88.37,88.51,0.05,0.71,1576,1.12,1142,0.9,1722,0.65,1391,0.245,無,0,無,0,無,0
F9302-26040943,F9302-26040943,OL,5,SW-8965C0,Y,0.69444,Rapido-2,800,1400,1000,40*40,72.25,788.48,3.59,A1605-24090023-1C,N,29.67,30.73,1.06,0.67,-0.53,-0.30,0.24,5.40,5.78,0.38,,5.79,0.38,,92.93,-0.35,0.84,1578,0.504,1191,0.41412,1391,0.33321,1201,0.22695,無,0,無,0,無,0
F9302-26040972,F9302-26040972,GY,4,SCK-2129,N,1.04167,Rapido-2,400,1250,1000,30*30,59.50,393.46,6.84,A1605-26010174-2A,N,30.65,31.17,0.52,0.32,-0.21,-0.47,-0.26,-1.96,-1.87,0.09,1.97,1.93,-0.05,263.87,255.88,-0.37,0.49,1862,0.61,1391,0.39,1588,0.2716,1142,0.135,無,0,無,0,無,0
F9302-26040992,F9302-26040992,GY,2,SK-1008C0,N,0.83333,Conveyor-1,300,85,270,120,482.00,68.98,7.50,A1605-26020120-1A,N,72.73,72.02,-0.71,-0.27,-1.33,-1.37,-0.04,-1.13,-0.86,0.27,1.75,1.62,-0.17,220.33,212.14,-0.33,0.46,1510,0.06305,1310,0.0615,1111,0.0507,無,0,無,0,無,0,無,0
F9302-26041036,F9302-26041036,BR,2,SK-1196,N,0.52083,Rapido-2,100,1100,600,45*40,28.00,445.50,6.67,A1605-26030077-1B,N,47.16,45.80,-1.36,-0.65,13.00,12.61,-0.39,11.78,11.84,0.05,17.54,17.29,-0.16,42.20,43.19,0.43,0.79,1430,0.245,1191,0.2,1724,0.2,1576,0.135,無,0,無,0,無,0
F9302-26041053,F9302-26041053,BR,2,SW-8965C0,Y,0.69444,Rapido-2,400,1400,1000,40*30,75.00,269.13,3.89,A1605-24090023-3B,N,40.41,40.52,0.11,0.05,6.99,7.06,0.07,20.32,20.70,0.38,21.49,21.87,0.22,71.02,71.17,0.07,0.24,1142,0.3072,1391,0.29795,1565,0.2914,1201,0.285,無,0,無,0,無,0
F9302-26041069,F9302-26041069,NB,3,SK-1288,N,2.08333,Rapido-1,300,1250,1000,35*40,67.00,595.84,3.98,A1605-24090006-3E,N,18.48,18.04,-0.43,-0.38,2.88,3.09,0.21,-12.27,-11.94,0.33,12.60,12.33,-0.20,283.22,284.54,0.37,0.57,1593,1.17,1578,0.8856,1391,0.6215,1383,0.495,1191,0.1843,無,0,無,0
F9302-26041071,F9302-26041071,NB,3,SK-1288,N,2.08333,Rapido-1,300,1250,1000,35*40,66.50,399.40,4.00,A1605-24090006-3E,N,18.48,17.97,-0.51,-0.45,2.88,3.05,0.17,-12.27,-11.89,0.38,12.60,12.27,-0.25,283.22,284.38,0.33,0.61,1593,1.17,1578,0.8856,1391,0.6215,1383,0.495,1191,0.1843,無,0,無,0
F9302-26041092,F9302-26041092,GR,4,SW-80352C01,Y,0.69444,Rapido-2,100,1200,950,25*20(2025/11/27),15.50,2755.35,11.11,A1605-26020082-3A1,N,54.66,51.85,-2.81,-1.23,-42.91,-43.68,-0.77,5.09,3.07,-2.03,43.21,43.79,0.24,173.23,175.98,1.16,1.71,1585,0.52,1013,0.00873,1191,0.004365,無,0,無,0,無,0,無,0
F9302-26041122,F9302-26041122,BK,6,SCK-4489,N,0.52083,Conveyor-1,300,80,260,140,422.00,80.91,5.00,A1605-25030076-9D,N,17.17,15.56,-1.21,-1.14,0.20,0.32,0.21,-10.16,-9.73,0.22,,9.74,-0.18,,271.90,0.28,1.19,1593,2.8905,1391,0.5916,1724,0.56726,1191,0.1482,無,0,無,0,無,0
F9302-26041176,F9302-26041176,GY,2,SCK-3230,N,1.66667,Rapido-2,200,1050,850,25*20,101.00,265.40,20.00,A1605-25030186-2A,Y,76.95,76.36,-0.59,-0.22,-1.08,-1.33,-0.25,0.57,0.14,-0.43,1.22,1.33,0.16,151.94,173.89,0.69,0.74,1310,0.03914,1510,0.038,1111,0.0323,無,0,無,0,無,0,無,0
F9302-26041197,F9302-26041197,BK,6,SCK-3741,N,1.04167,Rapido-1,300,1300,800(210),45*5(120),55.50,482.76,5.56,A1605-26030108-1A,N,12.44,12.85,0.41,0.40,0.18,0.27,0.09,-1.32,-1.53,-0.20,1.34,1.55,0.29,277.86,280.11,0.08,0.50,1862,1.9,1391,0.882,1191,0.546,1578,0.5,無,0,無,0,無,0
F9302-26041218,F9302-26041218,GR,3,SCW-814,Y,1.04167,Rapido-2,400,1300,850,45*30,54.00,555.02,5.03,A1605-23080084-2A,N,25.94,25.33,-0.61,-0.42,-4.69,-4.84,-0.15,-5.99,-5.98,0.00,,7.69,0.08,,231.06,-0.14,0.45,1578,1.558,1201,0.4005,1142,0.2208,1391,0.05512,無,0,無,0,無,0
F9302-26041220,F9302-26041220,BR,2,SW-8965C0,Y,0.69444,Rapido-2,400,1400,1000,40*30,75.50,329.59,3.89,A1605-24090023-3B,N,40.41,41.03,0.62,0.32,6.99,6.85,-0.14,20.32,20.66,0.34,21.49,21.76,0.16,71.02,71.65,0.30,0.46,1142,0.3072,1391,0.29795,1565,0.2914,1201,0.285,無,0,無,0,無,0
F9302-26041454,F9302-26041454,BK,5,SK-417C0,N,1.04167,Rapido-2,200,1300,1050,30*30,43.00,471.67,9.26,A1605-25120126-1B,N,14.87,15.60,0.73,0.71,0.86,1.21,0.36,-0.43,-0.47,-0.04,0.96,1.30,0.49,333.32,338.79,0.15,0.88,1862,1.9,1391,0.6825,1142,0.336,無,0,無,0,無,0,無,0
F9302-26041458,F9302-26041458,BK,7,SCK-765,N,0.52083,Rapido-1,600,1100,600,40*3,137.75,125.35,4.89,A1605-26020055-1A,N,13.94,13.52,-0.42,-0.41,0.10,0.45,0.34,-2.32,-2.37,-0.04,2.33,2.41,0.11,272.56,280.73,0.45,0.62,1862,3,1863,1.5,1430,0.3,1191,0.17,無,0,無,0,無,0
F9302-26041476,F9302-26041476,BR,2,SW-8965C0,Y,0.69444,Rapido-2,400,1400,1000,40*30,38.00,580.16,6.30,A1605-24090023-3B,N,40.41,41.08,0.67,0.35,6.99,6.94,-0.05,20.32,20.44,0.12,21.49,21.59,0.06,71.02,71.24,0.10,0.37,1142,0.3072,1391,0.29795,1565,0.2914,1201,0.285,無,0,無,0,無,0
F9302-26041488,F9302-26041488,BK,7,SW-80779C0,Y,1.04167,Rapido-2,200,1350,1050,35*30(2025/12/12),49.00,589.61,8.22,A1605-25080195-5F,N,17.24,17.20,-0.04,-0.04,0.29,0.48,0.19,-1.20,-1.22,-0.02,1.23,1.31,0.10,283.65,291.40,0.24,0.27,1862,3.3,1863,0.95,1588,0.6175,1722,0.5029,1430,0.02375,無,0,無,0
F9302-26041566,F9302-26041566,GR,7,SW-80779C0,Y,1.04167,Rapido-2,400,1350,1050,35*30(2025/12/12),69.00,559.77,4.37,A1605-25080195-1A,N,28.23,27.54,-0.69,-0.45,-18.00,-17.78,0.21,-4.04,-3.97,0.07,,18.22,-0.14,,192.59,-0.02,0.47,1576,1.012,1565,1,1588,0.78,1191,0.546,無,0,無,0,無,0
